# .PCD v0.7 - Point Cloud Data file format
VERSION 0.7
FIELDS x y z
SIZE 4 4 4
TYPE F F F
COUNT 1 1 1
WIDTH 48151
HEIGHT 1
VIEWPOINT 0 0 0 1 0 0 0
POINTS 48151
DATA ascii
1126 1003 510
1126 1003 511
1126 1003 512
1126 1003 513
1163 1030 513
1126 1003 514
1163 1031 514
1125 1004 515
1164 1034 517
1127 1011 518
1128 1013 518
1129 1014 518
1135 1017 518
1137 1018 518
1141 1021 519
1164 1036 519
1163 1039 520
1165 1012 520
1166 1011 520
1143 1025 521
1166 1010 521
1166 1009 522
1163 1043 523
1163 1044 523
1166 1008 523
1163 1045 524
1163 1047 524
1163 1048 524
1127 1007 525
1163 1050 525
1127 1007 526
1160 1061 526
1168 1008 526
1127 1007 527
1168 1007 527
1122 1043 528
1127 1007 528
1168 1007 528
1123 1044 529
1123 1045 530
1166 1004 530
1123 1045 531
1143 880 531
1144 881 531
1144 883 531
1144 884 531
1145 882 531
1145 885 531
1146 886 531
1123 1045 532
1128 1008 532
1142 879 532
1147 887 532
1147 888 532
1161 998 532
1167 1061 532
1128 1009 533
1141 878 533
1128 1010 534
1140 878 534
1158 995 534
1138 878 535
1139 878 535
1158 994 535
1157 993 536
1125 893 537
1129 1012 537
1156 992 537
1124 885 538
1124 1047 538
1131 878 538
1124 884 539
1124 886 539
1124 1047 539
1125 882 539
1126 880 539
1127 879 539
1129 878 539
1164 1073 539
1124 1047 540
1130 1015 540
1124 1047 541
1125 932 543
1125 1073 543
1127 875 543
1126 933 544
1127 874 544
1141 1087 545
1156 895 545
1157 895 545
1158 895 545
1159 896 546
1160 896 546
1126 1049 547
1161 897 547
1134 936 548
1165 900 548
1168 900 548
1169 899 548
1170 899 548
1171 899 548
1132 1146 549
1137 937 549
1122 1125 550
1123 1126 550
1124 1127 550
1125 1128 550
1126 1129 550
1127 1130 550
1128 1131 550
1129 1132 550
1140 938 550
932 1324 551
933 1324 551
934 1321 551
934 1322 551
934 1323 551
934 1325 551
934 1326 551
934 1327 551
935 1320 551
1121 1125 551
1131 1133 551
931 1324 552
1148 943 552
1171 905 552
929 1339 553
934 1318 553
1168 918 553
929 1340 554
1153 945 554
1155 947 555
926 1344 556
1121 1218 556
1123 905 556
1128 965 556
1131 996 556
1169 917 556
1121 1218 557
1124 904 557
1128 966 557
1131 997 557
1169 918 557
923 1345 558
931 1314 558
1128 966 558
1163 951 558
1170 910 558
922 1344 559
924 1350 559
931 1313 559
1110 1156 559
1117 1113 559
1117 1114 559
1117 1115 559
1164 952 559
1165 1016 559
1170 911 559
922 1343 560
923 1353 560
925 1327 560
925 1328 560
926 1324 560
932 1311 560
934 1304 560
935 1303 560
1117 1112 560
1131 1001 560
1156 1116 560
1165 952 560
922 1354 561
924 1333 561
925 1329 561
933 1309 561
935 1301 561
936 1300 561
1117 1110 561
1117 1111 561
1132 1007 561
1132 1008 561
1132 1009 561
936 1299 562
1117 1109 562
1124 1221 562
1125 1222 562
1133 1013 562
1171 915 562
921 1356 563
922 1357 563
924 1338 563
924 1339 563
937 1297 563
1117 1108 563
1125 911 563
1126 1223 563
1170 976 563
1118 1106 564
1127 1224 564
1128 1225 564
940 1294 565
1119 1105 565
1120 1094 565
1127 1057 565
1129 1226 565
1130 1227 565
1131 1228 565
1132 1229 565
922 1361 566
1107 1150 566
1120 1093 566
1120 1098 566
1120 1103 566
1133 1229 566
921 1362 567
1092 1209 567
1093 1209 567
1094 1208 567
1095 1208 567
1098 1207 567
1099 1207 567
1120 1091 567
1124 935 567
1170 957 567
920 1362 568
924 1410 568
924 1411 568
925 1409 568
926 1407 568
926 1408 568
927 1406 568
928 1405 568
929 1404 568
930 1401 568
930 1402 568
930 1403 568
940 1291 568
941 1290 568
1129 970 568
1136 1227 568
1171 922 568
1172 984 568
924 1413 569
932 1398 569
1124 935 569
1125 916 569
922 1416 570
1126 916 570
1171 959 570
919 1365 571
935 1395 571
1127 916 571
1140 1223 571
919 1365 572
921 1418 572
921 1419 572
936 1394 572
944 1287 572
969 1296 572
969 1297 572
969 1298 572
969 1299 572
969 1300 572
970 1292 572
970 1293 572
970 1294 572
970 1295 572
971 1289 572
971 1290 572
971 1291 572
972 1285 572
972 1287 572
972 1288 572
1105 1188 572
1130 1190 572
1141 1222 572
1172 924 572
921 1420 573
937 1393 573
962 1348 573
965 1348 573
966 1349 573
969 1303 573
970 1267 573
973 1281 573
973 1282 573
973 1283 573
973 1284 573
973 1286 573
1105 1187 573
1145 1158 573
1172 924 573
921 1421 574
938 1392 574
946 1286 574
958 1351 574
959 1351 574
969 1307 574
969 1352 574
969 1353 574
974 1279 574
974 1280 574
1105 1186 574
1124 1084 574
1129 1062 574
1137 1023 574
1146 1159 574
1147 1158 574
1172 925 574
1175 988 574
919 1366 575
939 1391 575
956 1353 575
970 1312 575
970 1359 575
971 1358 575
974 1275 575
1105 1185 575
1125 1082 575
1148 1157 575
1172 925 575
1179 999 575
1180 1001 575
946 1286 576
954 1355 576
969 1362 576
1105 1184 576
1144 1218 576
1149 1156 576
1176 991 576
1182 1005 576
891 1462 577
968 1364 577
1105 1183 577
1126 1080 577
1137 1024 577
1145 1217 577
1148 1193 577
1173 964 577
1182 1007 577
891 1463 578
947 1285 578
978 1322 578
1105 1182 578
1181 1081 578
948 1284 579
967 1366 579
978 1271 579
981 1324 579
1130 1064 579
1146 1217 579
1149 1193 579
1153 1152 579
891 1464 580
932 1332 580
948 1284 580
979 1270 580
983 1325 580
1127 937 580
1130 1065 580
1146 1216 580
1154 1151 580
1173 965 580
885 1505 581
885 1507 581
885 1509 581
886 1504 581
886 1508 581
887 1503 581
888 1502 581
898 1477 581
899 1475 581
899 1476 581
920 1372 581
949 1412 581
980 1270 581
985 1325 581
1140 1243 581
1146 1216 581
1174 967 581
1183 1015 581
872 1520 582
878 1505 582
889 1501 582
890 1484 582
891 1485 582
892 1485 582
893 1485 582
894 1484 582
895 1483 582
931 1336 582
939 1454 582
939 1455 582
939 1456 582
940 1452 582
940 1453 582
941 1451 582
942 1449 582
942 1450 582
943 1447 582
943 1448 582
950 1283 582
953 1412 582
987 1325 582
1128 1075 582
1146 1216 582
1150 1194 582
1184 1016 582
872 1521 583
883 1512 583
888 1483 583
890 1500 583
901 1460 583
902 1463 583
931 1338 583
938 1320 583
939 1461 583
946 1444 583
951 1282 583
955 1413 583
982 1269 583
988 1325 583
1104 1181 583
1132 981 583
1132 982 583
1132 983 583
1132 984 583
1139 1027 583
1146 1216 583
1170 929 583
1175 969 583
903 1458 584
920 1374 584
930 1343 584
948 1442 584
956 1413 584
983 1268 584
989 1325 584
1106 1176 584
1130 920 584
1132 980 584
1141 1241 584
1146 1217 584
1160 1143 584
1163 1139 584
1165 1134 584
1167 1128 584
1168 1125 584
1170 929 584
1185 1018 584
869 1524 585
886 1483 585
891 1467 585
930 1344 585
939 1319 585
953 1281 585
984 1267 585
990 1326 585
1128 937 585
1132 979 585
1140 1029 585
1151 1195 585
1170 929 585
1170 1118 585
869 1526 586
930 1345 586
940 1318 586
991 1327 586
1107 1174 586
1128 938 586
1129 921 586
1132 979 586
1142 1239 586
1172 1115 586
879 1493 587
920 1376 587
930 1346 587
930 1347 587
959 1417 587
986 1266 587
992 1327 587
1132 978 587
1174 1111 587
1180 1089 587
1187 1021 587
867 1528 588
874 1503 588
877 1494 588
893 1461 588
919 1379 588
920 1377 588
941 1318 588
951 1440 588
993 1327 588
1130 921 588
1132 978 588
1177 974 588
1180 1090 588
866 1529 589
886 1479 589
919 1380 589
919 1381 589
919 1382 589
931 1350 589
942 1318 589
953 1438 589
994 1327 589
1122 1230 589
1131 1070 589
1132 978 589
1175 1109 589
869 1518 590
876 1525 590
887 1477 590
919 1383 590
938 1474 590
943 1318 590
955 1436 590
957 1278 590
980 1359 590
994 1328 590
1109 1166 590
1132 978 590
1143 1237 590
1152 1196 590
895 1456 591
898 1451 591
899 1449 591
939 1476 591
944 1318 591
956 1435 591
958 1277 591
980 1366 591
999 1287 591
1000 1286 591
1001 1285 591
1002 1283 591
1110 1160 591
1110 1161 591
1132 978 591
1190 1024 591
872 1535 592
873 1534 592
897 1453 592
901 1445 592
920 1385 592
939 1477 592
945 1318 592
957 1434 592
959 1427 592
1004 1276 592
1004 1277 592
1004 1278 592
1004 1279 592
1111 1157 592
1113 1150 592
1132 978 592
1191 1025 592
901 1444 593
921 1386 593
924 1374 593
940 1477 593
958 1433 593
1006 1273 593
1132 977 593
1142 1034 593
1144 1236 593
1176 1106 593
1181 1090 593
895 1458 594
902 1443 594
925 1373 594
941 1477 594
959 1432 594
960 1275 594
972 1381 594
1009 1269 594
1009 1270 594
1172 1127 594
1192 1025 594
903 1442 595
908 1427 595
915 1403 595
926 1372 595
961 1274 595
973 1382 595
983 1370 595
998 1327 595
1011 1266 595
1012 1264 595
1115 1144 595
1130 924 595
1132 1069 595
1153 1195 595
1172 1128 595
860 1549 596
861 1548 596
908 1426 596
913 1414 596
932 1361 596
944 1474 596
962 1273 596
974 1383 596
984 1370 596
999 1326 596
1116 1142 596
1134 983 596
1145 1233 596
1153 1195 596
1193 1026 596
859 1551 597
860 1550 597
896 1468 597
905 1439 597
913 1412 597
916 1405 597
945 1473 597
965 1267 597
971 1255 597
975 1384 597
985 1370 597
1013 1259 597
1013 1261 597
1146 1229 597
1193 1026 597
858 1552 598
874 1505 598
897 1466 598
898 1462 598
914 1411 598
915 1409 598
934 1356 598
965 1268 598
967 1263 598
968 1261 598
969 1259 598
973 1252 598
986 1370 598
1014 1256 598
1014 1257 598
1144 1035 598
1148 1223 598
1193 1026 598
857 1553 599
875 1504 599
899 1461 599
935 1355 599
948 1468 599
953 1305 599
954 1302 599
987 1370 599
1001 1326 599
1103 1206 599
1129 926 599
1148 1222 599
1154 1192 599
1180 983 599
857 1554 600
861 1532 600
900 1460 600
910 1527 600
912 1526 600
913 1525 600
914 1524 600
915 1523 600
917 1522 600
918 1521 600
936 1354 600
949 1467 600
953 1308 600
953 1309 600
953 1310 600
953 1311 600
964 1434 600
977 1386 600
988 1370 600
1015 1246 600
1016 1245 600
1017 1244 600
1134 1071 600
1135 986 600
1155 1188 600
878 1500 601
901 1459 601
909 1528 601
923 1517 601
937 1353 601
989 1370 601
1003 1325 601
1017 1241 601
1018 1240 601
1118 1137 601
1149 1216 601
1156 1184 601
1156 1185 601
1195 1030 601
858 1535 602
879 1499 602
902 1458 602
908 1529 602
912 1437 602
925 1515 602
938 1352 602
966 1435 602
973 1246 602
973 1247 602
990 1370 602
1004 1324 602
1019 1238 602
1104 1200 602
1129 928 602
1150 1212 602
1157 1177 602
1157 1178 602
857 1536 603
865 1520 603
881 1497 603
903 1457 603
926 1515 603
939 1351 603
952 1464 603
967 1435 603
991 1370 603
1020 1237 603
1105 1197 603
1106 1195 603
855 1539 604
855 1544 604
856 1537 604
864 1521 604
882 1496 604
904 1456 604
927 1515 604
953 1464 604
967 1436 604
992 1370 604
1021 1236 604
1099 1228 604
1100 1229 604
1107 1193 604
1119 1136 604
1147 1037 604
1197 1032 604
851 1561 605
852 1560 605
863 1522 605
905 1456 605
928 1515 605
954 1464 605
993 1369 605
1022 1235 605
1099 1230 605
1128 938 605
1136 990 605
1182 987 605
1186 1087 605
906 1456 606
922 1406 606
955 1464 606
994 1369 606
1023 1234 606
1099 1231 606
1128 939 606
1174 1135 606
1187 1088 606
1198 1033 606
848 1564 607
886 1494 607
907 1456 607
919 1434 607
923 1407 607
942 1349 607
969 1437 607
1024 1234 607
1148 1037 607
1152 1204 607
1175 910 607
863 1524 608
924 1407 608
943 1348 608
970 1437 608
1025 1233 608
1100 1231 608
1175 911 608
1176 959 608
1188 1089 608
838 1585 609
925 1406 609
944 1348 609
957 1466 609
996 1371 609
1184 989 609
836 1585 610
836 1588 610
837 1587 610
890 1493 610
934 1515 610
971 1437 610
978 1404 610
1005 1236 610
1025 1232 610
1110 1184 610
1123 1137 610
1125 1120 610
1126 1115 610
1130 932 610
1137 1071 610
1172 1142 610
835 1584 611
835 1589 611
839 1571 611
840 1568 611
843 1560 611
935 1515 611
958 1469 611
968 1279 611
979 1405 611
1117 1239 611
1124 1123 611
1127 1112 611
1150 1039 611
1172 1143 611
1189 1092 611
1200 1034 611
834 1584 612
834 1590 612
838 1572 612
840 1566 612
936 1514 612
959 1469 612
968 1280 612
979 1410 612
980 1406 612
1010 1323 612
1014 1293 612
1027 1231 612
1120 1240 612
1124 1125 612
1172 1144 612
833 1583 613
833 1591 613
837 1573 613
839 1566 613
842 1558 613
892 1493 613
937 1513 613
941 1503 613
947 1344 613
972 1438 613
979 1412 613
1015 1293 613
1130 938 613
1130 939 613
1138 1252 613
1151 1039 613
1172 1145 613
832 1592 614
838 1566 614
892 1494 614
899 1553 614
900 1553 614
948 1343 614
960 1471 614
983 1404 614
1016 1294 614
1029 1230 614
1112 1237 614
1130 1105 614
1172 1146 614
1190 1094 614
1202 1035 614
831 1593 615
833 1598 615
837 1567 615
847 1549 615
898 1554 615
901 1554 615
931 1401 615
940 1510 615
941 1508 615
984 1403 615
1012 1324 615
1017 1294 615
1124 1129 615
1131 1103 615
1132 1101 615
1139 999 615
1139 1072 615
1187 995 615
1188 1113 615
830 1593 616
832 1599 616
836 1568 616
844 1553 616
932 1400 616
948 1494 616
973 1438 616
1018 1294 616
1133 1099 616
1177 917 616
828 1591 617
832 1600 617
835 1570 617
848 1547 617
933 1399 617
949 1493 617
952 1339 617
1000 1376 617
1013 1325 617
1019 1294 617
1134 1098 617
1142 1250 617
1155 655 617
1156 655 617
1161 659 617
1172 1148 617
827 1591 618
849 1546 618
904 1556 618
935 1396 618
954 1337 618
963 1471 618
978 1249 618
1000 1377 618
1004 1347 618
1020 1294 618
1154 656 618
1157 655 618
1158 655 618
1158 664 618
1159 655 618
1159 663 618
1160 662 618
1166 652 618
826 1591 619
844 1554 619
897 1493 619
905 1557 619
936 1395 619
965 1469 619
974 1438 619
1001 1377 619
1005 1348 619
1021 1294 619
1033 1230 619
1111 1183 619
1125 1128 619
1131 944 619
1143 1250 619
1156 669 619
1157 668 619
1158 665 619
1167 651 619
1169 650 619
1170 650 619
1171 650 619
1172 1149 619
1184 964 619
832 1575 620
906 1558 620
916 1541 620
952 1491 620
966 1468 620
979 1249 620
1016 1310 620
1022 1294 620
1111 1183 620
1144 1249 620
1154 672 620
1172 649 620
1173 649 620
1174 648 620
1175 647 620
1176 647 620
1177 647 620
1178 647 620
1179 647 620
1180 647 620
1181 648 620
1185 965 620
1191 1000 620
907 1559 621
953 1490 621
967 1467 621
1007 1349 621
1014 1327 621
1017 1311 621
1023 1294 621
1111 1182 621
1153 674 621
1154 1040 621
1185 1120 621
1186 966 621
1192 1001 621
1206 1042 621
825 1589 622
827 1584 622
844 1555 622
853 1543 622
901 1491 622
907 1561 622
915 1546 622
954 1489 622
968 1466 622
975 1438 622
980 1250 622
1003 1375 622
1008 1349 622
1018 1311 622
1024 1294 622
1035 1229 622
1143 1073 622
1145 1249 622
1152 677 622
1153 676 622
825 1588 623
831 1573 623
854 1542 623
907 1562 623
921 1541 623
934 1525 623
969 1465 623
972 1284 623
981 1250 623
988 1400 623
1009 1350 623
1019 1312 623
1025 1294 623
1132 936 623
1132 946 623
1139 1088 623
831 1573 624
855 1541 624
903 1490 624
906 1564 624
916 1548 624
935 1525 624
936 1524 624
942 1385 624
970 1464 624
982 1250 624
1004 1375 624
1010 1350 624
1015 1329 624
1020 1312 624
1026 1294 624
1132 937 624
1144 1073 624
1155 1041 624
824 1592 625
826 1612 625
845 1556 625
862 1532 625
873 1521 625
906 1565 625
937 1524 625
957 1487 625
960 1331 625
971 1464 625
983 1251 625
1021 1312 625
1037 1229 625
1112 1182 625
1140 1086 625
1142 1000 625
1146 1249 625
1147 864 625
1156 794 625
1195 1002 625
1196 1092 625
863 1531 626
872 1522 626
905 1489 626
917 1550 626
918 1455 626
958 1486 626
971 1465 626
973 1284 626
984 1251 626
1022 1312 626
1133 948 626
1142 999 626
1143 1003 626
1147 865 626
1156 795 626
1156 1042 626
1196 1094 626
817 1619 627
818 1620 627
823 1618 627
856 1542 627
864 1530 627
871 1523 627
892 1503 627
944 1383 627
984 1241 627
1013 1228 627
1023 1312 627
1127 1128 627
1134 949 627
1141 683 627
1142 682 627
1143 682 627
1144 682 627
1145 683 627
1147 865 627
1152 864 627
1157 795 627
1196 1003 627
811 1625 628
823 1595 628
856 1543 628
865 1529 628
866 1528 628
870 1524 628
905 1570 628
941 1521 628
945 1382 628
974 1283 628
1006 1374 628
1029 1295 628
1033 1259 628
1039 1229 628
1113 1181 628
1147 683 628
1148 1248 628
1182 1129 628
810 1625 629
815 1634 629
816 1633 629
817 1633 629
818 1633 629
819 1634 629
820 1635 629
821 1635 629
822 1636 629
823 1636 629
856 1544 629
867 1527 629
868 1526 629
869 1525 629
871 1524 629
905 1571 629
918 1553 629
936 1417 629
972 1466 629
1007 1373 629
1014 1353 629
1034 1267 629
1035 1256 629
1040 1229 629
1132 938 629
1135 950 629
1143 1082 629
1157 797 629
1158 798 629
1165 1190 629
1167 1180 629
809 1624 630
811 1635 630
814 1637 630
872 1524 630
929 1541 630
936 1418 630
945 1518 630
975 1283 630
1025 1312 630
1035 1268 630
1040 1229 630
1158 799 630
1158 1045 630
1160 716 630
1168 1177 630
1190 986 630
1199 1008 630
813 1639 631
927 1444 631
936 1419 631
947 1381 631
949 1514 631
987 1234 631
987 1235 631
1008 1373 631
1013 1226 631
1036 1269 631
1114 1179 631
1140 891 631
1148 865 631
1150 686 631
1158 799 631
1164 1195 631
807 1623 632
807 1633 632
811 1641 632
858 1546 632
934 1539 632
936 1420 632
952 1511 632
953 1510 632
954 1509 632
977 1282 632
987 1430 632
988 1233 632
1008 1374 632
1026 1313 632
1032 1296 632
1037 1270 632
1114 1179 632
1129 1128 632
1140 892 632
1148 1010 632
1148 1075 632
1149 687 632
1173 1164 632
1184 892 632
807 1622 633
809 1643 633
859 1546 633
875 1525 633
905 1575 633
909 1487 633
925 1449 633
933 1426 633
935 1538 633
936 1421 633
948 1381 633
955 1506 633
964 1329 633
988 1429 633
1134 947 633
1148 1010 633
1149 688 633
1149 1074 633
1159 800 633
1164 1198 633
1174 1163 633
1193 765 633
1202 1012 633
1203 1014 633
803 1631 634
807 1645 634
808 1621 634
860 1546 634
870 1602 634
870 1604 634
905 1576 634
926 1447 634
932 1428 634
936 1537 634
937 1420 634
949 1380 634
964 1487 634
965 1329 634
989 1231 634
989 1428 634
1012 1225 634
1033 1297 634
1038 1272 634
1115 1177 634
1150 689 634
1152 1220 634
1160 801 634
1164 1199 634
1175 754 634
1176 754 634
1177 755 634
1178 755 634
1179 755 634
1180 756 634
1181 757 634
1182 756 634
1191 762 634
802 1630 635
803 1628 635
806 1647 635
809 1620 635
821 1601 635
861 1616 635
862 1614 635
863 1613 635
864 1612 635
868 1607 635
869 1606 635
870 1605 635
932 1430 635
938 1419 635
950 1380 635
956 1504 635
966 1328 635
978 1284 635
990 1231 635
990 1428 635
1011 1225 635
1039 1272 635
1139 696 635
1150 1247 635
1151 690 635
1164 1200 635
1175 1162 635
1206 1019 635
799 1645 636
800 1646 636
804 1648 636
818 1606 636
819 1604 636
861 1547 636
893 1580 636
912 1485 636
920 1559 636
929 1441 636
932 1432 636
951 1379 636
967 1327 636
991 1230 636
991 1428 636
1019 1356 636
1029 1313 636
1138 696 636
1150 692 636
1150 1012 636
1150 1248 636
1164 1201 636
1207 1021 636
1208 1023 636
1209 1026 636
798 1644 637
799 1633 637
799 1634 637
800 1632 637
862 1547 637
887 1514 637
894 1582 637
904 1579 637
913 1484 637
920 1560 637
930 1439 637
931 1436 637
940 1418 637
952 1378 637
992 1229 637
1008 1225 637
1040 1273 637
1116 1175 637
1149 694 637
1156 1216 637
1164 1202 637
1185 831 637
1195 733 637
1196 734 637
1197 735 637
1200 738 637
1201 739 637
1210 1027 637
797 1644 638
798 1635 638
817 1608 638
822 1600 638
858 1621 638
895 1584 638
920 1561 638
931 1437 638
979 1286 638
985 1274 638
993 1228 638
1019 1222 638
1081 489 638
1082 489 638
1083 490 638
1084 491 638
1116 1175 638
1163 753 638
1163 754 638
1177 1159 638
1186 832 638
1187 728 638
1191 729 638
1198 736 638
1199 737 638
1202 740 638
1211 1028 638
1212 1030 638
796 1644 639
797 1636 639
799 1653 639
858 1622 639
896 1585 639
920 1562 639
942 1417 639
958 1501 639
968 1486 639
986 1273 639
994 1227 639
1021 1221 639
1077 487 639
1078 487 639
1079 487 639
1085 492 639
1152 1073 639
1163 1205 639
1187 833 639
1203 741 639
795 1643 640
796 1638 640
798 1655 640
858 1623 640
896 1586 640
902 1583 640
994 1427 640
995 1227 640
1003 1225 640
1022 1357 640
1042 1273 640
1072 486 640
1073 487 640
1076 486 640
1086 493 640
1117 1174 640
1138 1270 640
1140 712 640
1141 898 640
1153 696 640
1159 1212 640
1160 750 640
1178 1158 640
1186 931 640
1189 725 640
1205 744 640
798 1656 641
902 1584 641
921 1563 641
943 1535 641
969 1485 641
971 1322 641
994 1429 641
996 1227 641
999 1226 641
1033 1313 641
1043 1272 641
1048 1231 641
1069 486 641
1070 486 641
1071 486 641
1087 494 641
1140 1268 641
1153 1073 641
1154 697 641
1155 697 641
1156 697 641
1157 697 641
1159 748 641
1166 763 641
1166 764 641
1177 876 641
1187 931 641
1188 724 641
1206 745 641
1215 1036 641
900 1586 642
921 1564 642
970 1484 642
972 1320 642
997 1424 642
1024 1219 642
1024 1350 642
1024 1351 642
1025 1219 642
1061 486 642
1062 486 642
1063 486 642
1067 487 642
1068 486 642
1118 1173 642
1135 947 642
1153 739 642
1154 1073 642
1158 698 642
1158 744 642
1158 745 642
1159 698 642
1159 1058 642
1160 698 642
1161 698 642
1162 698 642
1167 775 642
1186 722 642
1187 723 642
1189 835 642
1200 885 642
1200 886 642
1206 746 642
826 1595 643
898 1510 643
921 1565 643
971 1483 643
973 1319 643
990 1268 643
994 1432 643
999 1422 643
1001 1419 643
1023 1361 643
1026 1219 643
1059 487 643
1060 487 643
1142 1265 643
1147 717 643
1152 736 643
1153 738 643
1155 1073 643
1163 699 643
1185 721 643
1200 887 643
1207 748 643
1216 1038 643
785 1658 644
792 1663 644
901 1587 644
947 1415 644
972 1482 644
974 1318 644
1004 1415 644
1026 1339 644
1027 1219 644
1045 1272 644
1140 903 644
1140 904 644
1144 874 644
1145 1261 644
1148 1257 644
1149 1255 644
1150 722 644
1150 728 644
1150 729 644
1150 730 644
1151 734 644
1151 1012 644
1152 733 644
1165 806 644
1207 749 644
1207 1111 644
782 1663 645
828 1593 645
919 1479 645
945 1535 645
958 1374 645
973 1481 645
993 1436 645
1024 1364 645
1024 1365 645
1026 1345 645
1027 1341 645
1028 1219 645
1054 488 645
1055 488 645
1056 488 645
1140 905 645
1151 1250 645
1152 725 645
1152 726 645
1152 1013 645
1159 1060 645
1166 702 645
1181 718 645
1192 982 645
1206 1112 645
1217 1040 645
783 1657 646
789 1671 646
790 1670 646
791 1669 646
792 1668 646
829 1592 646
867 1550 646
901 1509 646
920 1478 646
922 1566 646
948 1415 646
982 1288 646
1007 1412 646
1024 1367 646
1028 1219 646
1035 1313 646
1048 486 646
1053 488 646
1140 905 646
1151 1251 646
1159 1061 646
1161 721 646
1166 703 646
1167 704 646
1170 781 646
1179 717 646
1184 1149 646
1185 1147 646
1191 836 646
1205 1113 646
1217 1041 646
782 1658 647
784 1656 647
789 1672 647
879 1532 647
880 1531 647
883 1529 647
921 1477 647
977 1314 647
1008 1411 647
1047 486 647
1052 488 647
1120 1170 647
1133 1127 647
1167 705 647
1168 706 647
1169 707 647
1169 708 647
1171 710 647
1173 1183 647
1174 714 647
1178 718 647
1217 1042 647
781 1659 648
785 1655 648
786 1654 648
788 1673 648
792 1647 648
832 1589 648
833 1587 648
834 1586 648
868 1550 648
884 1529 648
903 1589 648
922 1567 648
949 1415 648
960 1372 648
998 457 648
999 457 648
1000 457 648
1001 457 648
1009 1410 648
1024 1371 648
1041 1297 648
1047 1272 648
1053 1230 648
1155 1243 648
1167 720 648
1168 720 648
1169 720 648
1170 720 648
1171 783 648
1173 1184 648
1174 1181 648
1189 1140 648
1201 895 648
1218 1042 648
780 1660 649
788 1674 649
792 1647 649
836 1584 649
869 1549 649
885 1529 649
904 1589 649
922 1477 649
925 1469 649
948 1534 649
961 1371 649
994 1440 649
1002 458 649
1010 1410 649
1024 1374 649
1031 1220 649
1037 1311 649
1044 484 649
1152 1251 649
1190 1139 649
1219 1042 649
779 1661 650
838 1582 650
870 1549 650
871 1548 650
905 1589 650
922 1478 650
922 1568 650
926 1468 650
936 1549 650
962 1370 650
994 1441 650
1003 458 650
1011 1409 650
1024 1376 650
1029 1344 650
1048 1272 650
1125 1154 650
1137 949 650
1156 1240 650
1172 784 650
1176 1178 650
839 1581 651
906 1589 651
909 1507 651
922 1479 651
927 1467 651
938 1548 651
949 1533 651
951 1414 651
979 1478 651
980 1477 651
985 1288 651
1004 459 651
1024 1378 651
1038 1311 651
1039 480 651
1042 482 651
1042 1299 651
1054 1229 651
1150 877 651
1155 1014 651
1168 813 651
1173 785 651
786 1676 652
906 1590 652
965 1368 652
1030 1344 652
1034 1221 652
1035 479 652
1036 479 652
1037 479 652
1042 1302 652
1122 1167 652
1125 1155 652
1135 1127 652
1152 1252 652
1156 1015 652
1157 1238 652
1160 1068 652
1172 1189 652
1174 786 652
1195 839 652
818 1615 653
841 1580 653
981 1312 653
995 1261 653
1025 477 653
1029 478 653
1034 478 653
1125 1156 653
1152 1252 653
1170 806 653
1170 807 653
1172 1190 653
1188 964 653
1198 990 653
774 1677 654
876 1546 654
968 1365 654
1013 1411 654
1025 1383 654
1136 1127 654
1152 1252 654
1169 820 654
1169 821 654
1171 805 654
1171 1193 654
1199 991 654
773 1676 655
796 1641 655
841 1638 655
896 1522 655
908 1590 655
987 1471 655
996 1260 655
1005 463 655
1025 1386 655
1050 1275 655
1152 1252 655
1162 1070 655
1168 1197 655
1173 801 655
1200 992 655
772 1675 656
793 1646 656
818 1616 656
836 1643 656
943 1547 656
952 1530 656
955 1408 656
970 1364 656
988 1470 656
1006 464 656
1014 1411 656
1026 1388 656
1134 1291 656
1136 1291 656
1152 1252 656
1163 1071 656
1174 800 656
1175 798 656
1192 1138 656
1201 993 656
1204 1117 656
781 1682 657
836 1644 657
844 1580 657
880 1543 657
909 1591 657
932 1462 657
952 1530 657
956 1406 657
971 1363 657
990 1468 657
1020 469 657
1120 1175 657
1125 1161 657
1136 1128 657
1152 1252 657
1159 1235 657
1167 1199 657
1192 1139 657
1202 994 657
834 1646 658
922 1572 658
957 1405 658
958 1403 658
972 1362 658
991 1466 658
996 1448 658
998 1259 658
1019 468 658
1028 1391 658
1052 1276 658
1152 1252 658
761 1691 659
762 1692 659
777 1685 659
793 1647 659
800 1638 659
819 1617 659
845 1580 659
901 1519 659
910 1592 659
973 1362 659
979 1483 659
992 1463 659
1119 1180 659
1126 1158 659
1137 1128 659
1142 979 659
1152 1252 659
1160 1235 659
1170 828 659
1199 790 659
1221 1034 659
1222 1043 659
761 1690 660
846 1580 660
883 1541 660
884 1539 660
974 1361 660
982 451 660
986 454 660
988 455 660
991 1291 660
993 1462 660
999 1259 660
1000 461 660
1053 1275 660
1165 1071 660
1170 829 660
1178 1178 660
1201 790 660
1204 996 660
1206 1117 660
793 1648 661
802 1637 661
820 1617 661
833 1650 661
847 1580 661
884 1540 661
935 1459 661
946 1547 661
963 1513 661
975 1360 661
978 448 661
979 448 661
992 457 661
995 459 661
1036 1341 661
1119 1185 661
1127 1156 661
1193 1139 661
1205 997 661
1205 1119 661
1223 1046 661
832 1652 662
847 1581 662
870 1636 662
886 1612 662
910 1593 662
975 446 662
976 446 662
976 1360 662
978 1345 662
984 1312 662
992 1291 662
994 458 662
998 1451 662
1000 1261 662
1030 1395 662
1139 1286 662
1166 1072 662
1189 947 662
1194 1138 662
769 1671 663
848 1581 663
874 1633 663
891 1610 663
905 1518 663
926 1572 663
947 1548 663
969 445 663
970 445 663
971 445 663
972 445 663
973 445 663
977 1359 663
982 1483 663
996 1457 663
1002 1250 663
1003 1247 663
1004 1245 663
1140 1285 663
1161 1233 663
1162 1024 663
1171 833 663
1195 1137 663
1211 787 663
1224 1049 663
1224 1050 663
768 1672 664
773 1693 664
794 1648 664
823 1660 664
828 1657 664
867 1639 664
876 1633 664
877 1632 664
931 1569 664
966 1513 664
967 1393 664
968 444 664
978 1349 664
978 1350 664
978 1351 664
978 1352 664
978 1353 664
978 1354 664
978 1355 664
978 1356 664
983 1482 664
997 1456 664
1061 1222 664
1129 1154 664
1137 1131 664
1172 833 664
1196 1136 664
1207 1000 664
1212 788 664
1217 1107 664
767 1673 665
772 1694 665
820 1663 665
836 1601 665
838 1596 665
852 1579 665
853 1578 665
867 1640 665
888 1539 665
893 1611 665
936 1566 665
947 1549 665
966 443 665
967 444 665
967 1513 665
994 1288 665
1061 1221 665
1106 1242 665
1157 1013 665
1196 970 665
758 1688 666
765 1675 666
766 1674 666
771 1695 666
806 1636 666
819 1665 666
824 1618 666
867 1641 666
921 1500 666
938 1564 666
941 1452 666
947 1551 666
955 442 666
968 1512 666
984 1482 666
1033 1396 666
1040 1340 666
1061 1220 666
1137 913 666
1138 1132 666
1157 1012 666
1162 1230 666
1163 1025 666
1195 966 666
1197 973 666
1202 1126 666
1203 824 666
1217 776 666
1226 1053 666
756 1690 667
758 1687 667
770 1696 667
841 1593 667
845 1587 667
846 1586 667
857 1575 667
891 1538 667
910 1594 667
927 1572 667
939 1563 667
942 1451 667
947 1552 667
953 442 667
962 443 667
969 1392 667
980 1362 667
987 1312 667
1002 1263 667
1009 1237 667
1034 1396 667
1131 1152 667
1192 927 667
1204 824 667
1208 1001 667
1219 774 667
755 1691 668
758 1686 668
796 1649 668
814 1670 668
882 1632 668
888 1541 668
893 1537 668
895 1613 668
922 1500 668
947 1553 668
952 442 668
970 1511 668
985 1482 668
996 1286 668
1034 1397 668
1041 1342 668
1041 1343 668
1062 1219 668
1138 1133 668
1169 1072 668
1198 976 668
1205 823 668
1221 770 668
1227 1055 668
754 1693 669
809 1635 669
862 1571 669
863 1570 669
883 1632 669
888 1542 669
945 1446 669
1001 1454 669
1138 1134 669
1164 1026 669
1221 769 669
1223 1087 669
753 1693 670
763 1701 670
766 1699 670
811 1675 670
846 1588 670
864 1569 670
865 1568 670
884 1632 670
888 1543 670
896 1615 670
946 1445 670
946 1556 670
972 1510 670
982 1364 670
989 1313 670
998 1285 670
1002 1453 670
1042 1346 670
1131 969 670
1164 1228 670
1170 1072 670
1173 843 670
1199 979 670
752 1692 671
762 1702 671
797 1650 671
810 1677 671
885 1631 671
897 1615 671
925 1498 671
947 1444 671
958 439 671
973 1510 671
1004 1264 671
1037 1398 671
1133 1150 671
1155 1251 671
1165 1028 671
1171 1196 671
1229 1057 671
751 1692 672
761 1703 672
798 1650 672
808 1679 672
866 1568 672
897 1616 672
948 1442 672
948 1443 672
955 1421 672
972 1391 672
974 1510 672
983 1366 672
1039 1369 672
1044 1353 672
1173 1193 672
1188 1168 672
1189 1166 672
1190 1164 672
1197 955 672
1226 847 672
750 1692 673
799 1650 673
867 1568 673
896 1618 673
913 1516 673
938 436 673
939 436 673
945 1559 673
949 437 673
949 1441 673
956 1420 673
990 1316 673
1005 1264 673
1012 1231 673
1041 1367 673
1044 1356 673
1156 1006 673
1174 1192 673
1186 1173 673
1191 1161 673
749 1692 674
752 1702 674
759 1704 674
806 1682 674
868 1568 674
889 1546 674
896 1619 674
940 436 674
951 1437 674
954 437 674
955 437 674
956 1421 674
973 1391 674
975 1510 674
1042 1214 674
1044 1363 674
1135 1148 674
1138 963 674
1156 1006 674
1175 1191 674
1185 1176 674
1202 1134 674
1207 888 674
1230 1057 674
748 1692 675
755 1705 675
813 1635 675
888 1630 675
889 1547 675
896 1620 675
931 1491 675
941 437 675
945 1560 675
952 1436 675
956 1422 675
1004 1453 675
1156 1005 675
1156 1247 675
1166 1029 675
1192 1158 675
1201 980 675
1202 1135 675
1206 895 675
1211 876 675
747 1692 676
754 1706 676
826 1622 676
834 1684 676
835 1683 676
836 1682 676
837 1681 676
839 1678 676
842 1676 676
873 1643 676
890 1628 676
896 1621 676
915 1515 676
933 1486 676
953 1435 676
974 1391 676
992 1322 676
1041 1212 676
1066 1216 676
1156 1004 676
1164 1232 676
1166 1225 676
1167 1030 676
1184 1179 676
1202 1136 676
1210 882 676
746 1692 677
831 1686 677
844 1675 677
874 1643 677
916 1514 677
934 1484 677
944 437 677
957 1424 677
986 1366 677
1002 1286 677
1004 1454 677
1014 1226 677
1040 1212 677
1041 1398 677
1052 1310 677
1141 945 677
1156 1003 677
1157 545 677
1158 545 677
1158 1242 677
1162 1235 677
1167 1223 677
1182 1182 677
1211 881 677
1212 878 677
1231 1055 677
745 1692 678
803 1687 678
815 1635 678
845 1675 678
935 1483 678
945 437 678
945 1561 678
956 1430 678
977 1510 678
982 1501 678
987 1365 678
1009 1263 678
1015 1225 678
1053 1311 678
1138 925 678
1141 946 678
1156 545 678
1168 1221 678
1179 1186 678
1207 903 678
1213 1005 678
744 1692 679
748 1706 679
803 1688 679
829 1689 679
847 1674 679
904 1531 679
932 1571 679
993 1327 679
993 1328 679
1015 1225 679
1142 946 679
1155 545 679
1170 1034 679
1215 875 679
1232 1055 679
743 1692 680
871 1569 680
918 1513 680
931 1572 680
977 1391 680
1094 519 680
1124 551 680
1125 551 680
1154 545 680
1156 1001 680
1203 1139 680
1217 872 680
1218 870 680
1225 854 680
1229 1066 680
1232 1056 680
742 1692 681
745 1706 681
783 1666 681
817 1636 681
827 1692 681
850 1673 681
877 1643 681
897 1624 681
905 1531 681
912 1603 681
938 1479 681
945 1563 681
994 1330 681
1016 1224 681
1032 496 681
1033 496 681
1037 1212 681
1048 1361 681
1054 1313 681
1064 1277 681
1095 518 681
1121 548 681
1127 549 681
1128 549 681
1129 549 681
1130 549 681
1131 549 681
1132 549 681
1133 550 681
1134 551 681
1135 551 681
1136 551 681
1137 551 681
1138 550 681
1153 545 681
1170 1032 681
1170 1218 681
1199 1146 681
1204 983 681
1224 857 681
1225 855 681
1229 1068 681
741 1692 682
744 1707 682
827 1625 682
827 1693 682
849 1595 682
939 1478 682
942 436 682
990 1366 682
995 1333 682
1027 1426 682
1034 496 682
1036 1212 682
1045 1398 682
1090 518 682
1096 518 682
1141 547 682
1145 945 682
1152 545 682
1173 854 682
1201 1143 682
1220 865 682
1224 858 682
1229 1070 682
743 1708 683
800 1691 683
826 1694 683
827 1626 683
920 1512 683
940 1477 683
941 1476 683
961 1421 683
1013 1262 683
1017 1222 683
1026 1429 683
1035 1212 683
1046 1397 683
1055 1314 683
1097 517 683
1142 546 683
1156 999 683
1171 1217 683
1219 1009 683
740 1692 684
743 1709 684
853 1672 684
891 1552 684
903 423 684
907 1530 684
930 434 684
945 1565 684
1026 1431 684
1034 1212 684
1047 1397 684
1055 1316 684
1070 514 684
1138 1144 684
1156 998 684
1203 972 684
1204 974 684
851 1596 685
875 1569 685
903 418 685
908 420 685
933 1495 685
944 1474 685
954 439 685
1031 490 685
1033 1212 685
1048 1397 685
1051 1360 685
1055 1317 685
1138 1144 685
1156 997 685
1211 882 685
1230 1073 685
739 1693 686
741 1710 686
888 415 686
889 415 686
890 416 686
891 416 686
892 415 686
899 416 686
907 419 686
913 1608 686
955 439 686
957 1533 686
997 1337 686
1032 491 686
1054 503 686
1068 490 686
1069 490 686
1141 928 686
1156 996 686
1172 857 686
1172 1216 686
1174 1074 686
1230 1074 686
1234 1058 686
727 1702 687
740 1710 687
808 1649 687
825 1699 687
856 1671 687
886 414 687
887 414 687
891 1554 687
898 415 687
901 1624 687
913 1609 687
964 1418 687
965 1417 687
983 1390 687
1019 1221 687
1034 492 687
1079 491 687
1080 491 687
1088 491 687
1089 491 687
1172 858 687
1205 1138 687
1229 849 687
1230 1075 687
728 1701 688
739 1710 688
765 1680 688
786 1666 688
809 1648 688
822 1637 688
825 1700 688
830 1627 688
885 414 688
897 414 688
920 426 688
924 1509 688
933 430 688
989 1494 688
994 1365 688
997 1484 688
1005 1290 688
1027 1435 688
1096 492 688
1172 859 688
1205 1137 688
729 1700 689
738 1710 689
765 1680 689
810 1648 689
823 1637 689
825 1701 689
884 413 689
896 413 689
946 1567 689
959 1533 689
994 1489 689
995 1364 689
1049 484 689
1051 1397 689
1054 1365 689
1098 492 689
1102 507 689
1102 508 689
1143 1285 689
1152 1273 689
1155 1268 689
1173 1215 689
1174 1075 689
1205 1137 689
1206 909 689
1230 848 689
730 1699 690
787 1666 690
811 1648 690
824 1637 690
831 1628 690
856 1594 690
876 1571 690
884 1643 690
913 1611 690
917 427 690
925 1509 690
935 1493 690
947 1567 690
1020 1219 690
1052 1398 690
1055 1327 690
1055 1366 690
1100 492 690
1121 1192 690
1140 1142 690
1150 1277 690
1151 1276 690
1156 1266 690
1205 1137 690
731 1698 691
734 1696 691
736 1709 691
812 1648 691
825 1637 691
858 1592 691
859 1591 691
871 1576 691
872 1575 691
873 1574 691
874 1573 691
875 1572 691
894 411 691
905 1621 691
918 427 691
960 1533 691
969 1414 691
1021 1218 691
1027 1213 691
1055 1329 691
1056 1367 691
1101 492 691
1122 1190 691
1205 1137 691
1209 979 691
1235 1059 691
732 1697 692
823 1704 692
826 1637 692
860 1591 692
861 1590 692
862 1589 692
863 1588 692
867 1583 692
869 1580 692
885 1643 692
893 410 692
919 1519 692
970 1413 692
999 1340 692
1022 1217 692
1030 1437 692
1053 1399 692
1055 1330 692
1123 1188 692
1154 894 692
1157 1265 692
1210 980 692
1231 1036 692
859 1673 693
908 1619 693
961 1533 693
971 1412 693
990 1389 693
1001 1479 693
1023 1216 693
1053 1400 693
1057 1369 693
1060 1307 693
1141 1141 693
1148 935 693
1225 1014 693
821 1707 694
822 1706 694
835 1626 694
858 1675 694
860 1673 694
886 1642 694
912 1615 694
928 1507 694
948 1567 694
972 1411 694
1002 1478 694
1006 1319 694
1024 1215 694
1053 1401 694
1058 1369 694
1124 1186 694
1142 1140 694
1148 934 694
1151 550 694
1158 1262 694
1177 1207 694
1203 960 694
1214 985 694
1226 1015 694
731 1697 695
819 1709 695
857 1677 695
858 1676 695
861 1673 695
889 408 695
938 1492 695
1061 1306 695
1073 514 695
1074 515 695
1125 1184 695
1147 1282 695
1148 933 695
1169 868 695
1189 783 695
1189 784 695
1189 785 695
1189 786 695
1189 787 695
1189 788 695
1190 782 695
1191 781 695
1192 780 695
1193 779 695
1215 986 695
1216 989 695
1227 1016 695
1236 1060 695
730 1698 696
790 1666 696
816 1648 696
818 1710 696
838 1623 696
842 401 696
889 1638 696
905 422 696
939 434 696
992 1496 696
1003 1477 696
1032 1437 696
1057 1215 696
1108 493 696
1147 1282 696
1159 991 696
1159 1260 696
1191 793 696
1194 778 696
1228 1018 696
731 1698 697
817 1648 697
818 1711 697
836 401 697
839 402 697
840 402 697
841 402 697
843 402 697
844 402 697
890 1637 697
912 1617 697
940 434 697
949 1567 697
981 1517 697
1001 1343 697
1004 1476 697
1026 1214 697
1060 1369 697
1062 1305 697
1109 493 697
1143 1140 697
1147 1282 697
1180 1201 697
1205 961 697
1229 1019 697
1230 796 697
814 398 698
817 1712 698
833 399 698
845 402 698
865 1670 698
873 407 698
882 407 698
883 407 698
884 407 698
885 407 698
929 1508 698
935 1497 698
939 1492 698
941 434 698
949 1567 698
965 1532 698
977 1407 698
981 1517 698
1005 1475 698
1007 1321 698
1013 1278 698
1022 1258 698
1031 423 698
1032 424 698
1033 424 698
1054 1405 698
1110 493 698
1126 1182 698
1160 992 698
1230 1020 698
1232 794 698
1234 1083 698
1236 1059 698
730 1699 699
815 397 699
816 1713 699
846 402 699
870 406 699
871 406 699
872 407 699
913 1617 699
936 1496 699
949 1567 699
978 1406 699
1006 1474 699
1013 1279 699
1021 421 699
1022 421 699
1029 421 699
1061 500 699
1111 493 699
1127 1180 699
1144 1139 699
1181 1199 699
1233 846 699
816 1714 700
831 398 700
869 406 700
875 407 700
949 1567 700
967 1531 700
982 1516 700
1002 1364 700
1013 420 700
1013 1281 700
1019 420 700
1020 420 700
1023 420 700
1024 420 700
1028 420 700
1033 1438 700
1067 505 700
1068 506 700
1150 933 700
1185 1182 700
1206 963 700
1232 1023 700
815 1715 701
816 396 701
819 1649 701
842 1621 701
855 1683 701
927 419 701
940 1492 701
946 434 701
950 1566 701
964 1439 701
993 1497 701
1000 466 701
1010 1469 701
1011 1295 701
1014 419 701
1015 419 701
1018 419 701
1027 419 701
1056 1408 701
1162 994 701
1162 1251 701
1166 876 701
1183 1193 701
1184 1189 701
1185 1183 701
1193 803 701
1234 845 701
1239 791 701
727 1701 702
775 1677 702
815 1716 702
822 396 702
824 396 702
843 1620 702
871 1667 702
915 1616 702
935 419 702
936 419 702
937 419 702
938 419 702
941 1491 702
950 1566 702
1003 1347 702
1011 1468 702
1012 1466 702
1063 1368 702
1117 563 702
1124 563 702
1175 1076 702
1184 1190 702
1213 977 702
1234 1024 702
776 1677 703
815 1717 703
850 400 703
854 1686 703
877 404 703
898 1551 703
950 1566 703
982 1404 703
1116 563 703
1118 564 703
1119 564 703
1123 564 703
1147 1138 703
1147 1283 703
1151 933 703
1163 1251 703
1164 879 703
1173 1016 703
1182 1200 703
1238 787 703
1239 788 703
777 1677 704
802 396 704
803 396 704
804 396 704
805 396 704
814 1718 704
844 1694 704
851 1689 704
852 1688 704
865 402 704
875 1664 704
876 1663 704
877 1662 704
980 453 704
1004 1366 704
1057 1409 704
1115 495 704
1120 565 704
1121 565 704
1122 565 704
1130 1175 704
1164 997 704
1174 1018 704
1216 980 704
1237 1060 704
778 1677 705
806 395 705
807 395 705
813 395 705
813 1719 705
831 399 705
846 1693 705
848 1692 705
849 1691 705
850 1690 705
861 400 705
878 1661 705
917 1615 705
931 1588 705
951 1565 705
968 1434 705
979 453 705
1014 1464 705
1029 1214 705
1042 1426 705
1116 495 705
1122 566 705
1131 1174 705
1150 900 705
1164 1251 705
1165 1000 705
1167 1005 705
1175 1020 705
1227 997 705
1228 998 705
812 1720 706
880 1659 706
881 1658 706
939 417 706
969 1433 706
970 1532 706
1035 1439 706
1042 1427 706
1061 1340 706
1066 1302 706
1117 494 706
1151 901 706
1164 1251 706
811 1721 707
874 401 707
883 1656 707
970 1432 707
986 1403 707
1004 1352 707
1016 1287 707
1030 1214 707
1116 493 707
1120 567 707
1148 1281 707
1164 1251 707
1172 1225 707
1217 885 707
1219 882 707
1222 874 707
1223 872 707
1230 1003 707
779 1678 708
810 1722 708
834 400 708
885 1654 708
901 1549 708
910 421 708
919 408 708
971 1431 708
971 1532 708
1004 1354 708
1005 1346 708
1012 1301 708
1031 417 708
1036 1439 708
1040 1433 708
1041 1431 708
1119 567 708
1164 885 708
1174 1222 708
1220 881 708
1221 878 708
808 394 709
809 1723 709
821 1653 709
887 1652 709
888 1651 709
889 1566 709
890 1648 709
901 1549 709
905 421 709
912 421 709
913 421 709
914 421 709
915 421 709
940 431 709
945 433 709
987 1403 709
1005 1358 709
1006 1343 709
1008 1333 709
1012 1302 709
1031 1212 709
1037 1438 709
1039 1435 709
1149 1279 709
1170 1229 709
1175 1221 709
1176 1076 709
1180 1025 709
1232 1006 709
796 1671 710
798 395 710
799 395 710
806 394 710
809 1724 710
891 1647 710
901 1549 710
919 405 710
946 432 710
952 1564 710
972 1532 710
1006 1360 710
1006 1361 710
1007 1336 710
1007 1337 710
1007 1338 710
1007 1339 710
1007 1340 710
1007 1341 710
1007 1342 710
1032 1212 710
1035 1441 710
1152 932 710
1167 1111 710
1181 1026 710
1182 1206 710
1185 834 710
1233 1007 710
1238 839 710
1238 854 710
1242 820 710
780 1679 711
802 395 711
805 394 711
808 1725 711
822 1653 711
849 1618 711
892 1646 711
902 1548 711
918 404 711
951 434 711
952 435 711
955 436 711
959 1550 711
974 1429 711
976 451 711
1012 1305 711
1027 1252 711
1032 416 711
1033 1211 711
1033 1444 711
1068 1303 711
1168 1109 711
1176 1077 711
1182 1207 711
1223 986 711
1234 1008 711
1245 1027 711
803 395 712
804 1669 712
807 1726 712
891 1564 712
902 1548 712
918 403 712
934 423 712
936 1588 712
973 1532 712
975 1428 712
977 450 712
997 1498 712
1032 1446 712
1136 1167 712
1176 1077 712
1235 1009 712
728 1711 713
779 1680 713
806 1727 713
903 1547 713
917 402 713
933 1507 713
976 1427 713
1059 1415 713
1069 1368 713
1098 555 713
1152 538 713
1161 557 713
1162 893 713
1176 1077 713
1198 814 713
1212 1152 713
1240 836 713
794 1673 714
812 1665 714
825 1652 714
833 399 714
834 399 714
835 399 714
895 1644 714
904 1546 714
917 417 714
938 1587 714
949 1484 714
955 416 714
956 416 714
962 1548 714
977 1426 714
1028 1249 714
1032 482 714
1033 415 714
1059 1416 714
1099 557 714
1100 558 714
1101 559 714
1152 1136 714
1161 895 714
1162 558 714
1163 1251 714
1176 1077 714
1211 938 714
1225 985 714
1225 1110 714
802 1729 715
828 399 715
829 399 715
830 399 715
905 1545 715
916 416 715
978 1425 715
992 1403 715
1032 482 715
1059 1417 715
1069 1306 715
1075 1291 715
1088 536 715
1138 1164 715
1163 1250 715
1176 1077 715
1182 846 715
1204 1161 715
1212 939 715
1251 813 715
779 1682 716
789 1733 716
790 1733 716
794 1674 716
795 1731 716
824 399 716
825 399 716
826 399 716
827 399 716
915 415 716
954 1563 716
963 1548 716
979 1424 716
987 1517 716
1008 463 716
1012 1307 716
1035 414 716
1059 1418 716
1087 535 716
1161 560 716
1176 1077 716
1181 848 716
1182 847 716
1204 1162 716
1212 940 716
787 1734 717
788 1734 717
820 399 717
821 399 717
822 399 717
823 399 717
827 1652 717
852 1618 717
873 1593 717
893 1563 717
906 1544 717
914 414 717
923 1613 717
934 1506 717
951 1481 717
980 1423 717
990 408 717
994 1402 717
997 407 717
1026 479 717
1027 480 717
1029 481 717
1036 414 717
1044 485 717
1046 486 717
1059 1419 717
1071 1369 717
1151 1277 717
1161 561 717
1176 1077 717
1181 849 717
1185 1030 717
1188 1200 717
1204 1163 717
724 1704 718
784 1735 718
785 1735 718
786 1735 718
899 1643 718
913 398 718
924 1612 718
940 1585 718
965 1547 718
976 1531 718
977 1530 718
981 1422 718
982 1421 718
1000 1498 718
1013 1312 718
1025 478 718
1029 1245 718
1036 413 718
1050 487 718
1126 1199 718
1160 562 718
1176 1077 718
1203 727 718
1204 728 718
1205 729 718
1206 730 718
1207 731 718
1207 732 718
1207 733 718
1219 895 718
778 1684 719
782 1736 719
894 1561 719
900 1643 719
912 397 719
958 1462 719
978 1529 719
1005 1390 719
1053 488 719
1060 1420 719
1075 1377 719
1076 1379 719
1127 1197 719
1158 563 719
1159 563 719
1180 852 719
1189 1199 719
1200 726 719
1201 726 719
1202 726 719
1218 898 719
1244 1059 719
849 401 720
850 401 720
851 401 720
852 401 720
859 401 720
860 401 720
861 401 720
862 401 720
863 401 720
874 1593 720
909 1540 720
953 1476 720
954 1474 720
956 1469 720
967 1546 720
968 434 720
969 435 720
970 436 720
980 1526 720
1060 1421 720
1074 1374 720
1076 438 720
1141 1159 720
1151 565 720
1199 725 720
1204 1165 720
1209 736 720
1220 757 720
798 1675 721
849 401 721
864 401 721
865 401 721
866 401 721
961 1457 721
1002 1498 721
1015 1316 721
1032 1453 721
1060 1422 721
1069 439 721
1077 439 721
1150 566 721
1154 549 721
1155 1133 721
1159 909 721
1160 908 721
1162 1245 721
1177 858 721
1177 1220 721
1198 724 721
1219 754 721
1229 987 721
756 1694 722
777 1686 722
777 1737 722
848 401 722
849 401 722
867 401 722
875 1593 722
908 394 722
911 1537 722
926 1611 722
941 1586 722
956 1565 722
962 426 722
962 1456 722
989 1415 722
1033 1453 722
1039 411 722
1061 1422 722
1078 1385 722
1078 1386 722
1078 1387 722
1130 1190 722
1142 1158 722
1156 1131 722
1159 910 722
1176 860 722
1176 1078 722
1178 1219 722
1197 723 722
1245 1048 722
831 1650 723
846 383 723
850 401 723
854 380 723
868 401 723
876 1592 723
877 1672 723
902 1644 723
906 393 723
912 1536 723
953 1478 723
968 1546 723
994 1407 723
995 1406 723
996 1405 723
1003 1498 723
1016 1317 723
1026 1259 723
1033 1454 723
1040 411 723
1071 1349 723
1078 1389 723
1131 1188 723
1157 1129 723
1159 1126 723
1163 568 723
1174 866 723
1174 867 723
1174 868 723
1175 862 723
1176 1079 723
1203 1168 723
1219 751 723
1230 874 723
774 1739 724
775 1739 724
801 1676 724
846 400 724
851 401 724
854 379 724
866 1683 724
869 401 724
870 401 724
878 1672 724
904 1643 724
913 1535 724
942 1585 724
965 1452 724
987 1519 724
993 1409 724
994 1408 724
1004 1497 724
1026 1258 724
1033 1241 724
1041 411 724
1072 1349 724
1132 1186 724
1151 1143 724
1152 1141 724
1159 912 724
1160 1125 724
1163 569 724
1211 1153 724
1219 750 724
1231 987 724
752 1695 725
773 1740 725
833 1649 725
845 399 725
851 400 725
866 1684 725
871 401 725
877 1592 725
898 1558 725
905 1642 725
914 1534 725
938 1504 725
966 1451 725
1000 1402 725
1019 1292 725
1026 1259 725
1042 411 725
1061 428 725
1062 1424 725
1164 570 725
1190 1032 725
1211 1154 725
1216 914 725
1218 748 725
1219 749 725
1221 1122 725
750 1696 726
779 1687 726
843 398 726
864 1687 726
865 1686 726
872 401 726
876 387 726
880 1672 726
906 1641 726
907 1640 726
915 1533 726
928 1610 726
967 1450 726
1019 1292 726
1042 411 726
1063 1424 726
1080 1393 726
1080 1394 726
1134 1183 726
1146 1276 726
1147 1151 726
1148 1149 726
1149 1147 726
1158 929 726
1165 570 726
1181 1215 726
1189 1199 726
1196 766 726
1211 1154 726
1221 1123 726
716 1706 727
770 1741 727
771 1741 727
780 1687 727
835 1648 727
863 380 727
863 1689 727
873 401 727
878 386 727
881 1672 727
899 408 727
899 1557 727
905 388 727
908 1639 727
916 1532 727
968 1449 727
1036 1456 727
1062 425 727
1064 1424 727
1074 1350 727
1136 1179 727
1145 1156 727
1146 1153 727
1165 571 727
1167 1114 727
1168 1111 727
1191 1031 727
1211 1154 727
1234 1099 727
1240 1065 727
748 1697 728
781 1687 728
825 377 728
840 377 728
863 378 728
874 401 728
882 1671 728
909 1638 728
917 1531 728
957 1568 728
969 1448 728
1008 1492 728
1036 412 728
1063 424 728
1065 1424 728
1066 1423 728
1067 1422 728
1074 1317 728
1081 1396 728
1145 1157 728
1195 770 728
1211 1154 728
1223 968 728
1231 770 728
603 1765 729
604 1763 729
604 1764 729
650 1734 729
651 1733 729
652 1732 729
714 1707 729
747 1698 729
782 1687 729
837 1647 729
861 1692 729
883 1670 729
888 405 729
890 406 729
896 384 729
900 1556 729
901 407 729
910 1637 729
912 1634 729
913 1632 729
918 1530 729
940 1503 729
970 1447 729
1005 1398 729
1039 1453 729
1061 422 729
1062 423 729
1071 1418 729
1072 1417 729
1075 1412 729
1127 584 729
1128 584 729
1130 584 729
1131 584 729
1136 583 729
1165 572 729
1166 973 729
1172 1096 729
1195 771 729
1196 761 729
1211 1155 729
602 1765 730
604 1762 730
649 1735 730
653 1732 730
655 1732 730
656 1731 730
657 1731 730
713 1707 730
783 1687 730
866 377 730
902 383 730
916 1628 730
957 1569 730
971 1446 730
1004 1501 730
1060 421 730
1073 1416 730
1076 1326 730
1077 1410 730
1143 1164 730
1195 772 730
1196 761 730
1201 1175 730
1211 1155 730
601 1766 731
605 1760 731
646 1736 731
648 1736 731
658 1731 731
718 1707 731
773 1691 731
784 1687 731
800 392 731
801 392 731
867 376 731
888 379 731
899 380 731
917 1627 731
972 1445 731
972 1544 731
1033 1461 731
1052 415 731
1059 420 731
1077 1327 731
1082 1400 731
1107 580 731
1149 1271 731
1158 925 731
1165 573 731
1173 1092 731
1196 761 731
1211 1156 731
1218 1128 731
606 1759 732
659 1731 732
765 1744 732
772 1692 732
797 1681 732
803 392 732
804 392 732
805 392 732
811 1675 732
859 1696 732
882 378 732
886 1668 732
887 378 732
889 378 732
890 378 732
891 378 732
892 378 732
893 378 732
894 378 732
894 406 732
918 1626 732
943 1589 732
973 1444 732
1007 1397 732
1012 1490 732
1018 1327 732
1055 416 732
1058 419 732
1078 1328 732
1081 1405 732
1082 1403 732
1125 589 732
1142 1168 732
1150 1269 732
1151 1267 732
1165 573 732
1174 1090 732
1175 1085 732
1196 775 732
1211 1156 732
606 1758 733
642 1739 733
709 1710 733
710 1709 733
745 1701 733
796 1682 733
833 393 733
834 393 733
854 394 733
858 1621 733
859 1697 733
894 405 733
928 1611 733
958 1476 733
974 1443 733
1005 1502 733
1008 1397 733
1018 1328 733
1033 1463 733
1045 1450 733
1056 417 733
1057 418 733
1119 483 733
1124 589 733
1126 590 733
1133 586 733
1152 1265 733
1201 1177 733
1211 1156 733
1236 990 733
1251 802 733
607 1757 734
641 1739 734
663 1728 734
708 1711 734
760 1745 734
785 1744 734
786 1744 734
787 1744 734
788 1687 734
788 1744 734
789 1744 734
790 1744 734
791 1744 734
795 1683 734
808 392 734
823 1721 734
859 1698 734
894 404 734
920 1623 734
922 1525 734
937 367 734
938 367 734
939 367 734
940 367 734
951 367 734
952 367 734
953 367 734
954 367 734
955 367 734
956 367 734
970 386 734
971 386 734
975 1442 734
1009 1397 734
1013 1491 734
1018 1330 734
1018 1331 734
1018 1332 734
1028 1263 734
1033 1464 734
1036 1240 734
1079 1330 734
1084 1400 734
1098 574 734
1118 481 734
1119 482 734
1120 500 734
1123 588 734
1128 589 734
1132 587 734
1153 1263 734
1166 573 734
1167 974 734
1171 572 734
1197 777 734
1211 1156 734
1242 1063 734
607 1756 735
639 1740 735
640 1740 735
664 1727 735
665 1727 735
707 1712 735
715 1720 735
716 1721 735
759 1746 735
769 1745 735
770 1745 735
776 1745 735
777 1745 735
780 1745 735
781 1745 735
792 1744 735
793 1744 735
794 1684 735
794 1744 735
827 392 735
828 392 735
830 392 735
831 392 735
836 392 735
837 392 735
853 1703 735
943 1593 735
957 367 735
958 367 735
959 367 735
960 367 735
961 367 735
962 367 735
974 383 735
976 1441 735
1005 1503 735
1010 1397 735
1019 1333 735
1019 1334 735
1019 1335 735
1167 974 735
1168 573 735
1169 573 735
1170 573 735
1172 572 735
1200 1179 735
1238 991 735
638 1740 736
666 1726 736
706 1713 736
756 1745 736
758 1746 736
771 1745 736
772 1745 736
775 1745 736
778 1745 736
779 1745 736
793 1685 736
795 1744 736
816 1673 736
839 391 736
839 1647 736
840 391 736
841 391 736
850 1705 736
852 1704 736
858 1700 736
865 393 736
869 394 736
905 1552 736
943 1594 736
944 1500 736
958 1571 736
960 1473 736
1011 1397 736
1021 1295 736
1032 1466 736
1056 1440 736
1082 1409 736
1133 1286 736
1141 1172 736
1242 1065 736
636 1741 737
736 1729 737
754 1745 737
770 1695 737
773 1745 737
774 1745 737
796 1744 737
797 1744 737
801 1682 737
809 392 737
849 1706 737
856 391 737
859 1700 737
860 1618 737
862 392 737
889 1581 737
924 1522 737
934 366 737
944 366 737
977 380 737
1006 1503 737
1012 1397 737
1021 1341 737
1056 1441 737
1081 1332 737
1087 1398 737
1095 446 737
1096 447 737
1141 1173 737
1202 792 737
1236 872 737
1241 993 737
1242 1066 737
1243 1059 737
1244 1055 737
669 1725 738
670 1725 738
704 1713 738
710 1721 738
798 1744 738
799 1744 738
800 1744 738
809 392 738
822 391 738
833 353 738
852 352 738
853 352 738
861 1617 738
906 1552 738
933 366 738
978 379 738
991 1523 738
1013 1397 738
1022 1342 738
1088 1397 738
1092 444 738
1097 448 738
1135 1285 738
1162 930 738
1178 1076 738
1191 1202 738
1236 873 738
609 1753 739
632 1743 739
634 1743 739
703 1714 739
709 1722 739
801 1744 739
810 392 739
811 392 739
812 392 739
818 391 739
846 353 739
848 389 739
849 389 739
859 351 739
860 351 739
892 1574 739
926 1521 739
926 1616 739
942 1596 739
950 1488 739
979 378 739
1006 1504 739
1014 1397 739
1023 1343 739
1030 1470 739
1050 1448 739
1083 1411 739
1089 1396 739
1098 449 739
1099 450 739
1160 1248 739
1161 1246 739
1202 808 739
610 1752 740
629 1745 740
630 1744 740
672 1724 740
673 1724 740
822 1670 740
830 1722 740
833 354 740
845 353 740
861 351 740
862 351 740
863 1615 740
889 1668 740
933 365 740
944 365 740
963 1469 740
980 377 740
1017 1487 740
1018 1486 740
1024 1344 740
1036 1241 740
1090 1395 740
1100 451 740
1137 1284 740
1156 1255 740
1157 1253 740
1158 1251 740
1180 988 740
1191 1201 740
1201 815 740
1212 1153 740
1229 886 740
1240 1069 740
1245 995 740
1246 996 740
1248 1044 740
626 1745 741
674 1724 741
675 1724 741
832 1722 741
862 1699 741
864 1614 741
888 1584 741
890 1667 741
894 1571 741
927 408 741
932 365 741
941 409 741
942 409 741
942 1597 741
943 365 741
947 1497 741
950 1489 741
981 377 741
992 1525 741
1025 1345 741
1029 1472 741
1084 1335 741
1089 1365 741
1101 452 741
1164 574 741
1164 933 741
1179 1074 741
1227 920 741
610 1751 742
620 1748 742
677 1724 742
699 1717 742
706 1726 742
804 1743 742
834 1722 742
895 1570 742
909 1550 742
929 408 742
931 365 742
942 365 742
959 1573 742
981 376 742
1007 1504 742
1023 1298 742
1052 1447 742
1066 1436 742
1089 440 742
1091 1366 742
1138 1282 742
1213 1151 742
679 1724 743
800 374 743
835 1721 743
836 1720 743
896 1569 743
910 1549 743
936 408 743
942 365 743
978 1544 743
1036 1242 743
1088 439 743
1092 1366 743
1112 460 743
1171 976 743
1220 1125 743
1239 1071 743
611 1751 744
790 374 744
791 374 744
798 373 744
799 373 744
837 1719 744
864 1699 744
944 1597 744
960 1573 744
966 1465 744
971 377 744
972 377 744
980 377 744
1018 1397 744
1022 1481 744
1036 1242 744
1090 573 744
1093 1367 744
1093 1392 744
1141 1278 744
1142 1172 744
1165 934 744
1180 1072 744
1214 1149 744
1220 1126 744
1231 1096 744
1239 1071 744
1254 821 744
703 1728 745
724 1747 745
777 375 745
778 375 745
779 375 745
788 374 745
789 374 745
825 1669 745
864 1699 745
867 1611 745
893 1666 745
931 1518 745
950 1491 745
960 1574 745
974 378 745
975 378 745
976 378 745
979 378 745
988 1430 745
1036 1242 745
1051 1449 745
1094 1368 745
1239 1071 745
1250 1035 745
723 1748 746
771 375 746
772 375 746
773 375 746
774 375 746
775 375 746
776 375 746
802 372 746
894 1665 746
978 379 746
978 1545 746
996 390 746
1027 1476 746
1036 1242 746
1062 500 746
1063 501 746
1075 1232 746
1082 534 746
1139 1182 746
1143 1170 746
1166 936 746
1181 1070 746
1191 1198 746
1215 1147 746
1220 1128 746
1226 948 746
722 1749 747
767 375 747
803 372 747
827 361 747
885 393 747
927 1621 747
961 1574 747
988 380 747
995 387 747
1002 446 747
1003 446 747
1024 1301 747
1036 1242 747
1066 1439 747
1086 1414 747
1089 1335 747
1096 1383 747
1096 1384 747
1185 995 747
1189 1202 747
1216 1145 747
1220 1129 747
1250 842 747
722 1750 748
762 374 748
827 1668 748
867 1698 748
870 1609 748
889 1583 748
895 1665 748
968 1462 748
978 1546 748
986 380 748
991 1426 748
992 1527 748
1010 1500 748
1024 1302 748
1036 1242 748
1051 1450 748
1087 1414 748
1090 1334 748
1098 1375 748
1098 1376 748
1098 1377 748
1144 1168 748
1145 1274 748
1172 976 748
1188 1204 748
1208 1163 748
1217 1139 748
740 1707 749
758 374 749
759 374 749
761 1702 749
889 1583 749
902 1562 749
932 1517 749
952 1490 749
962 1574 749
969 1461 749
985 381 749
992 1425 749
1007 1506 749
1030 1268 749
1036 1242 749
1066 1440 749
1087 1415 749
1091 1334 749
1116 584 749
1137 1186 749
1144 1168 749
1145 1273 749
1166 1238 749
1167 938 749
1186 996 749
1197 838 749
1252 1032 749
762 1702 750
798 387 750
806 1743 750
889 1583 750
896 1665 750
902 1562 750
928 1623 750
932 1517 750
953 1489 750
970 1460 750
978 1547 750
993 1424 750
995 382 750
1092 1335 750
1096 1398 750
1123 587 750
1173 977 750
1194 1192 750
1208 1164 750
1250 1005 750
738 1708 751
740 1707 751
771 395 751
933 1516 751
946 1596 751
992 1528 751
994 1423 751
1025 1304 751
1028 1477 751
1030 1268 751
1051 1451 751
1088 541 751
1093 1335 751
1145 1166 751
1146 1165 751
1182 1066 751
1194 1192 751
802 385 752
816 385 752
817 385 752
818 385 752
824 384 752
868 1698 752
874 1606 752
933 1516 752
946 1597 752
971 1459 752
978 1548 752
995 1422 752
1013 1496 752
1029 1476 752
1037 1243 752
1094 1336 752
1128 590 752
1146 1267 752
1147 1164 752
1167 1238 752
1168 940 752
1253 1032 752
777 394 753
778 394 753
779 394 753
780 394 753
781 394 753
804 384 753
808 1743 753
814 384 753
815 384 753
819 384 753
820 384 753
822 384 753
845 1645 753
875 1605 753
911 397 753
929 1624 753
933 1516 753
955 1488 753
963 1574 753
996 1421 753
1023 411 753
1026 1306 753
1095 1337 753
1132 593 753
1148 1163 753
1167 1238 753
1185 1209 753
1207 1167 753
1253 1033 753
1257 1016 753
764 393 754
765 394 754
766 394 754
767 394 754
773 394 754
783 392 754
811 1742 754
844 1646 754
869 1698 754
876 1604 754
905 1558 754
933 1516 754
946 1598 754
956 1487 754
978 1549 754
1008 1507 754
1032 1473 754
1033 1471 754
1038 1242 754
1144 1271 754
1149 1162 754
1183 1065 754
1184 1210 754
1189 998 754
1253 1034 754
1257 823 754
695 1771 755
696 1772 755
697 1772 755
698 1772 755
699 1772 755
700 1773 755
763 393 755
813 1681 755
815 1741 755
816 1740 755
899 1665 755
906 1557 755
934 1515 755
957 1486 755
964 1573 755
972 1458 755
978 1549 755
992 1529 755
1024 1396 755
1025 451 755
1031 1270 755
1150 1161 755
1168 1236 755
1183 1211 755
1206 1169 755
1253 1035 755
693 1771 756
751 1751 756
818 1739 756
830 1666 756
877 1603 756
884 386 756
890 1584 756
934 1515 756
1032 413 756
1038 1243 756
1052 1452 756
1151 1160 756
1184 1063 756
1189 854 756
1239 969 756
1240 970 756
1244 768 756
691 1770 757
703 1775 757
777 1701 757
870 1698 757
900 1665 757
907 1556 757
915 1544 757
934 1515 757
1001 1417 757
1009 1507 757
1151 552 757
1152 1159 757
1188 855 757
1190 767 757
1246 769 757
1247 770 757
690 1770 758
753 1752 758
764 372 758
816 1679 758
829 1667 758
878 1602 758
907 1556 758
915 1544 758
947 1599 758
960 1484 758
974 1456 758
988 436 758
989 436 758
990 436 758
991 436 758
993 1529 758
1039 1243 758
1129 1200 758
1150 551 758
1153 1158 758
1179 979 758
1191 782 758
1204 1174 758
1227 1115 758
1247 771 758
1247 772 758
600 1751 759
688 1769 759
705 1776 759
735 1709 759
879 1601 759
891 1585 759
931 1626 759
935 367 759
935 1514 759
961 1483 759
965 1572 759
975 1455 759
1004 1415 759
1027 1396 759
1030 1480 759
1128 1201 759
1154 1157 759
1169 1235 759
1172 1110 759
1172 1111 759
1172 1115 759
1191 782 759
1191 1196 759
1192 998 759
1227 1115 759
1247 773 759
1248 782 759
706 1776 760
735 1709 760
828 1668 760
865 379 760
931 1627 760
962 1482 760
1009 1508 760
1084 1430 760
1101 1339 760
1127 1202 760
1155 1156 760
1169 1235 760
1171 944 760
1172 1103 760
1172 1104 760
1172 1105 760
1172 1106 760
1172 1107 760
1172 1108 760
1173 1101 760
1179 576 760
1180 979 760
1186 863 760
1191 782 760
1203 1176 760
1227 1115 760
1236 964 760
1236 1080 760
1249 789 760
600 1750 761
685 1769 761
694 1722 761
707 1776 761
735 1709 761
823 1673 761
824 1672 761
825 1671 761
826 1670 761
827 1669 761
827 1736 761
828 1735 761
866 379 761
871 1698 761
880 1600 761
881 1599 761
908 1555 761
963 1481 761
976 1454 761
1065 1447 761
1084 1431 761
1102 1340 761
1126 1203 761
1156 1155 761
1181 980 761
1192 783 761
1216 745 761
1229 899 761
1249 790 761
1252 1042 761
597 1752 762
598 1751 762
599 1750 762
684 1769 762
693 1722 762
708 1776 762
736 1709 762
829 1735 762
830 1734 762
831 1733 762
832 1732 762
833 1731 762
853 1640 762
868 379 762
892 1586 762
909 1554 762
927 407 762
929 407 762
930 407 762
931 407 762
948 1601 762
964 1480 762
965 1573 762
1029 453 762
1029 1396 762
1032 1273 762
1125 1204 762
1125 1311 762
1125 1377 762
1134 508 762
1175 1098 762
1182 1213 762
1184 868 762
1184 869 762
1190 1198 762
1193 784 762
1202 1177 762
1235 1087 762
1243 865 762
1249 791 762
599 1750 763
691 1722 763
692 1722 763
758 1755 763
760 392 763
761 392 763
768 391 763
834 1730 763
835 1729 763
836 1728 763
837 1727 763
853 1640 763
910 1553 763
917 1541 763
928 407 763
932 407 763
932 1626 763
937 1513 763
940 407 763
948 1602 763
965 1479 763
995 1529 763
1010 1507 763
1018 1494 763
1029 453 763
1032 1273 763
1065 1448 763
1098 1418 763
1113 1216 763
1123 1206 763
1124 1205 763
1182 1213 763
1184 870 763
1187 1058 763
1229 898 763
1235 1089 763
1242 867 763
1251 854 763
594 1754 764
598 1750 764
737 1710 764
757 392 764
759 1755 764
764 392 764
789 1699 764
854 1639 764
870 378 764
872 1698 764
884 1597 764
887 1593 764
888 1592 764
889 1591 764
918 1540 764
933 407 764
934 407 764
936 407 764
978 1452 764
996 1528 764
1030 453 764
1031 1319 764
1064 1449 764
1082 1434 764
1099 1419 764
1122 1207 764
1171 1116 764
1177 1095 764
1183 979 764
1184 872 764
1188 733 764
1188 1057 764
1201 1178 764
1202 738 764
1229 898 764
1241 869 764
1249 795 764
1249 796 764
1250 855 764
1254 993 764
653 1764 765
657 1763 765
679 1768 765
725 385 765
726 384 765
727 1716 765
728 383 765
731 1762 765
734 384 765
756 392 765
760 1755 765
839 1724 765
855 1638 765
886 1595 765
894 1586 765
917 1648 765
918 1647 765
919 1539 765
935 407 765
948 1603 765
997 1527 765
1031 453 765
1039 460 765
1099 1420 765
1114 1214 765
1178 1094 765
1181 1214 765
1205 739 765
1229 898 765
700 1724 766
722 387 766
726 1717 766
733 1763 766
761 1755 766
837 1660 766
849 1645 766
850 1644 766
856 1637 766
872 377 766
896 1585 766
897 1584 766
916 1650 766
919 1539 766
920 1645 766
921 1643 766
1019 1409 766
1019 1495 766
1020 1408 766
1033 1274 766
1064 1450 766
1115 1213 766
1116 1212 766
1152 550 766
1173 948 766
1183 976 766
1198 616 766
1246 1059 766
650 1765 767
711 389 767
712 389 767
713 389 767
714 389 767
715 389 767
717 389 767
718 389 767
725 1718 767
729 379 767
736 1763 767
739 1711 767
742 389 767
745 390 767
754 391 767
842 1653 767
843 1652 767
844 1651 767
845 1650 767
846 1649 767
857 1636 767
874 1697 767
915 1652 767
920 1538 767
921 1644 767
922 1642 767
932 1627 767
981 1449 767
998 1526 767
1033 1326 767
1080 1436 767
1126 1371 767
1187 983 767
1187 1203 767
1199 617 767
1231 948 767
1234 1094 767
1247 1058 767
1252 1049 767
712 1777 768
724 1719 768
728 378 768
738 1712 768
748 390 768
857 1636 768
872 376 768
924 1639 768
931 1630 768
947 1606 768
949 409 768
953 411 768
982 1448 768
1011 1507 768
1020 1495 768
1030 1398 768
1117 1211 768
1127 1370 768
1179 1217 768
1181 884 768
1188 984 768
1196 801 768
1199 617 768
1231 946 768
1234 1095 768
1238 746 768
646 1766 769
713 1777 769
741 1764 769
758 369 769
858 1635 769
886 1598 769
898 358 769
904 1665 769
913 1551 769
914 1654 769
925 1638 769
940 1512 769
956 412 769
961 414 769
971 417 769
983 1447 769
1012 1506 769
1024 1405 769
1035 1329 769
1063 1451 769
1099 1423 769
1100 1422 769
1128 1369 769
1130 1324 769
1131 1323 769
1174 951 769
1186 1205 769
1189 985 769
1197 1184 769
1211 742 769
1231 944 769
1239 746 769
1240 747 769
587 1759 770
680 1726 770
705 1725 770
715 1723 770
718 1722 770
730 375 770
756 390 770
757 390 770
843 1720 770
859 1634 770
910 1659 770
911 1658 770
914 1550 770
915 358 770
916 358 770
917 358 770
928 1634 770
963 1581 770
976 1559 770
984 1446 770
1012 1506 770
1026 1403 770
1027 1402 770
1028 1401 770
1029 1400 770
1034 1275 770
1036 1331 770
1098 1424 770
1198 618 770
708 1725 771
713 1724 771
713 1778 771
719 1722 771
743 1765 771
753 368 771
754 368 771
757 1707 771
759 389 771
775 385 771
860 1633 771
861 1632 771
876 1697 771
920 359 771
978 420 771
985 1445 771
1022 1493 771
1039 1339 771
1040 1343 771
1073 1229 771
1097 1425 771
1159 1248 771
1162 1243 771
1175 952 771
1178 894 771
1179 890 771
1185 1206 771
1197 619 771
1242 750 771
585 1760 772
671 1726 772
711 1725 772
760 388 772
788 1754 772
789 1754 772
790 1754 772
791 1754 772
792 1754 772
793 1754 772
794 1754 772
795 1754 772
844 1719 772
862 1631 772
889 379 772
982 422 772
986 1444 772
1012 1506 772
1023 1492 772
1035 1276 772
1037 1332 772
1041 1346 772
1043 1352 772
1064 1451 772
1096 1426 772
1132 1320 772
1157 1251 772
1165 1238 772
1166 1236 772
1176 953 772
1178 895 772
1222 1133 772
1229 906 772
1232 1102 772
1237 877 772
1251 807 772
712 369 773
717 370 773
734 371 773
779 384 773
780 384 773
783 383 773
796 1754 773
863 1630 773
890 379 773
906 1664 773
907 1663 773
916 1548 773
941 1512 773
946 1610 773
962 1584 773
977 1559 773
986 424 773
986 1444 773
999 1528 773
1012 1506 773
1024 1491 773
1070 513 773
1104 1420 773
1156 1252 773
1177 954 773
1178 896 773
1194 989 773
1231 936 773
575 1763 774
639 1771 774
673 1727 774
711 369 774
714 369 774
715 369 774
735 370 774
743 369 774
744 369 774
897 380 774
917 1547 774
978 1558 774
987 1443 774
1003 433 774
1012 1506 774
1033 1293 774
1033 1294 774
1033 1295 774
1033 1296 774
1033 1297 774
1033 1298 774
1037 1330 774
1063 1452 774
1094 1427 774
1115 1214 774
1132 1363 774
1132 1364 774
1155 1253 774
1176 1221 774
1178 898 774
1187 620 774
1195 620 774
1195 1189 774
1223 1130 774
1231 935 774
1244 754 774
1245 755 774
1246 756 774
1249 1055 774
1250 839 774
1250 840 774
1250 842 774
1250 843 774
1250 844 774
1250 845 774
1260 1003 774
573 1764 775
574 1764 775
636 1772 775
637 1772 775
638 1772 775
736 369 775
737 369 775
742 369 775
747 1766 775
758 387 775
798 1753 775
877 1697 775
889 1599 775
960 1587 775
961 1586 775
972 1472 775
979 1557 775
988 1442 775
1033 1290 775
1033 1300 775
1033 1301 775
1035 1283 775
1037 1329 775
1106 1419 775
1114 1215 775
1133 1361 775
1133 1362 775
1154 1254 775
1175 712 775
1176 1221 775
1177 905 775
1177 906 775
1177 907 775
1177 908 775
1195 1189 775
1196 846 775
1230 914 775
1231 934 775
1249 1055 775
1260 1006 775
633 1773 776
634 1773 776
635 1773 776
676 1728 776
714 1779 776
741 369 776
758 386 776
762 1709 776
798 1753 776
915 388 776
917 389 776
919 390 776
938 1619 776
976 1561 776
980 1556 776
989 1441 776
1027 1487 776
1033 1303 776
1034 1307 776
1035 1311 776
1036 1315 776
1064 1452 776
1097 567 776
1113 1216 776
1133 1316 776
1134 1359 776
1134 1360 776
1154 1254 776
1177 910 776
1179 956 776
1195 1189 776
1230 916 776
1253 823 776
1254 820 776
1260 1009 776
570 1764 777
632 1774 777
691 1728 777
759 385 777
862 371 777
879 1696 777
890 1599 777
927 1536 777
939 1618 777
990 1440 777
1000 1530 777
1037 1319 777
1038 1327 777
1043 1391 777
1047 465 777
1112 1217 777
1140 1291 777
1153 1255 777
1175 1222 777
1195 1189 777
1224 1128 777
1230 917 777
1231 1105 777
1263 993 777
630 1774 778
847 1717 778
867 1625 778
904 1667 778
941 1616 778
957 1591 778
981 1555 778
990 1440 778
1095 1427 778
1108 1420 778
1111 1218 778
1175 1222 778
1194 850 778
1194 1045 778
1195 1189 778
1248 850 778
1264 993 778
673 1729 779
691 1729 779
753 1767 779
768 1709 779
868 1624 779
869 1623 779
881 1695 779
903 1668 779
920 1545 779
990 1440 779
1044 1391 779
1059 419 779
1110 1219 779
1136 1356 779
1178 922 779
1181 958 779
1238 953 779
1240 958 779
1261 1014 779
627 1774 780
672 1730 780
691 1730 780
711 1779 780
754 1767 780
770 1709 780
858 369 780
859 369 780
870 1622 780
903 1668 780
921 1544 780
955 1594 780
973 1471 780
1010 1509 780
1109 1220 780
1109 1420 780
1127 1388 780
1139 610 780
1144 1267 780
1177 928 780
1177 929 780
1177 930 780
1194 723 780
1195 1043 780
1241 959 780
556 1758 781
672 1731 781
710 1779 781
714 1780 781
755 1767 781
856 368 781
871 1621 781
884 1693 781
885 1692 781
922 1543 781
1128 499 781
1129 611 781
1152 698 781
1152 699 781
1153 1254 781
1170 717 781
1177 931 781
1177 932 781
1182 959 781
1183 1204 781
1192 855 781
1196 1042 781
1231 1106 781
1242 960 781
1243 1070 781
1246 853 781
715 1780 782
738 383 782
739 383 782
740 383 782
741 383 782
742 383 782
743 383 782
749 382 782
756 1767 782
853 367 782
872 1620 782
886 1691 782
887 1689 782
923 1542 782
928 1536 782
983 1554 782
992 1439 782
1065 1452 782
1129 1389 782
1130 612 782
1152 701 782
1181 956 782
1217 1157 782
1226 1126 782
1243 961 782
572 1758 783
716 1780 783
734 382 783
735 382 783
736 382 783
737 382 783
846 331 783
849 1716 783
873 1619 783
890 344 783
899 1673 783
919 351 783
924 1541 783
975 1469 783
1087 422 783
1088 422 783
1089 422 783
1130 1389 783
1131 500 783
1141 1272 783
1154 703 783
1167 648 783
1177 936 783
1181 955 783
1231 1107 783
1244 962 783
559 1757 784
560 1757 784
561 1757 784
717 1780 784
747 1772 784
846 330 784
874 1618 784
899 343 784
901 343 784
925 1540 784
1046 1391 784
1049 416 784
1097 1427 784
1110 1420 784
1131 1389 784
1132 1186 784
1133 1185 784
1135 1313 784
1140 1351 784
1154 704 784
1173 1224 784
1174 629 784
1178 938 784
1179 947 784
1179 948 784
1180 951 784
1181 953 784
1185 964 784
1191 858 784
1192 1190 784
1199 1038 784
1234 941 784
1244 1070 784
1245 963 784
1251 972 784
574 1757 785
653 1742 785
670 1736 785
718 1780 785
746 1773 785
777 1709 785
806 1695 785
842 365 785
845 329 785
875 1617 785
891 1683 785
892 1682 785
893 1681 785
894 1680 785
895 1679 785
926 1539 785
953 383 785
1039 1280 785
1051 1219 785
1132 1389 785
1136 1181 785
1141 1350 785
1170 720 785
1186 965 785
1187 715 785
1228 1123 785
1229 1119 785
1230 1115 785
1247 965 785
1254 811 785
722 381 786
745 1774 786
778 1709 786
807 1694 786
808 1693 786
843 365 786
848 365 786
876 1616 786
994 1438 786
1049 1219 786
1066 1452 786
1076 538 786
1080 1441 786
1140 1273 786
1142 1346 786
1171 721 786
1172 1225 786
1177 647 786
1191 1057 786
1254 812 786
650 373 787
651 373 787
652 372 787
653 372 787
662 1791 787
665 1790 787
670 1788 787
675 1786 787
744 1775 787
809 1692 787
810 1691 787
877 1615 787
899 340 787
994 1438 787
1002 1531 787
1043 1471 787
1077 542 787
1129 1191 787
1136 1313 787
1142 1344 787
1172 722 787
1172 1225 787
1180 1205 787
1188 968 787
1202 1034 787
1254 812 787
659 372 788
660 372 788
660 1791 788
661 372 788
662 372 788
663 372 788
679 1785 788
719 1781 788
744 1776 788
811 1690 788
848 328 788
878 1614 788
879 1613 788
898 339 788
925 350 788
978 1567 788
986 1555 788
994 1438 788
1033 1484 788
1049 1222 788
1085 420 788
1113 1418 788
1127 1194 788
1134 1387 788
1142 1342 788
1153 1251 788
1169 1228 788
1170 1227 788
1172 1225 788
1173 723 788
1189 864 788
1189 865 788
1190 1059 788
1203 794 788
574 1757 789
653 1741 789
664 372 789
665 372 789
720 1781 789
812 1689 789
826 1675 789
827 1674 789
828 1673 789
829 1672 789
830 1671 789
831 1670 789
880 1612 789
897 338 789
910 334 789
926 350 789
1038 1479 789
1039 1478 789
1040 1477 789
1048 1223 789
1079 547 789
1085 420 789
1099 1427 789
1115 1417 789
1126 504 789
1126 1195 789
1132 621 789
1135 1386 789
1142 1341 789
1171 1226 789
1174 724 789
1189 866 789
1190 1060 789
1209 1163 789
1210 1162 789
1211 1161 789
623 1745 790
624 1745 790
625 1745 790
653 1741 790
657 1792 790
658 1792 790
662 1740 790
682 1785 790
711 381 790
743 1777 790
759 1768 790
813 1688 790
825 1676 790
835 1665 790
836 1664 790
866 331 790
867 331 790
868 331 790
872 332 790
891 337 790
903 336 790
913 334 790
928 1538 790
950 1508 790
1047 1225 790
1048 1224 790
1063 507 790
1085 420 790
1099 1427 790
1116 1416 790
1125 496 790
1125 1196 790
1136 1385 790
1143 1352 790
1162 549 790
1173 1121 790
1175 725 790
1207 1165 790
1208 1164 790
1228 1128 790
1244 1073 790
622 1745 791
654 1741 791
654 1792 791
655 1792 791
656 1792 791
663 1741 791
667 370 791
814 1687 791
824 1677 791
837 1663 791
838 1662 791
839 1661 791
848 327 791
863 330 791
869 331 791
914 333 791
927 350 791
979 1568 791
987 1555 791
1036 1482 791
1040 1284 791
1047 1226 791
1047 1227 791
1049 1390 791
1054 496 791
1062 506 791
1078 1444 791
1085 420 791
1117 1415 791
1137 1384 791
1172 1225 791
1191 616 791
1191 973 791
1228 1129 791
1252 1056 791
620 1745 792
621 1745 792
653 1792 792
668 369 792
713 381 792
720 1782 792
742 1778 792
823 1678 792
840 1660 792
841 1659 792
842 1658 792
861 329 792
884 1609 792
885 1608 792
929 1537 792
951 1506 792
979 1569 792
1009 1421 792
1047 1228 792
1080 1443 792
1085 420 792
1124 1199 792
1138 1383 792
1144 1351 792
1145 642 792
1151 712 792
1165 1133 792
1176 1112 792
1228 1129 792
1234 912 792
1234 913 792
1234 914 792
1235 899 792
603 1751 793
652 1792 793
714 380 793
730 1727 793
760 1769 793
822 1679 793
840 1728 793
843 1657 793
844 326 793
844 1656 793
845 1655 793
846 1654 793
847 1653 793
848 1652 793
849 1651 793
852 327 793
858 328 793
886 1607 793
887 1606 793
888 1605 793
997 1437 793
1036 1483 793
1047 1229 793
1047 1231 793
1053 1336 793
1069 412 793
1075 1447 793
1123 1201 793
1139 1383 793
1150 713 793
1164 1134 793
1183 654 793
1188 1070 793
1234 916 793
1239 886 793
611 1748 794
651 1792 794
669 368 794
731 1727 794
833 325 794
834 325 794
835 325 794
836 325 794
837 325 794
841 1728 794
850 1650 794
851 1649 794
855 327 794
930 351 794
952 1505 794
980 1569 794
1024 1499 794
1025 1498 794
1047 1232 794
1047 1233 794
1049 1327 794
1120 1413 794
1123 1202 794
1138 1309 794
1140 1382 794
1145 1350 794
1149 714 794
1163 1135 794
1177 1105 794
1180 931 794
1186 881 794
1187 1074 794
1193 976 794
1198 1176 794
1203 1170 794
1234 917 794
1236 897 794
1243 1077 794
1252 1058 794
1254 800 794
599 1752 795
611 1748 795
650 1792 795
668 368 795
721 1783 795
732 1727 795
820 358 795
830 359 795
841 325 795
842 325 795
850 362 795
852 1648 795
931 1536 795
953 1504 795
990 1553 795
998 1437 795
1011 1419 795
1013 1510 795
1026 1497 795
1042 1287 795
1047 1234 795
1049 1324 795
1086 566 795
1116 488 795
1117 489 795
1123 1203 795
1141 1380 795
1141 1381 795
1146 714 795
1161 1239 795
1178 1103 795
1180 928 795
1180 929 795
1180 930 795
1186 882 795
1187 1195 795
1195 978 795
1198 1176 795
1202 1171 795
1206 771 795
1234 918 795
1252 1059 795
606 1749 796
611 1748 796
649 1792 796
686 1787 796
809 359 796
810 358 796
819 1683 796
852 362 796
853 362 796
893 1601 796
970 417 796
982 1568 796
1012 1418 796
1029 1494 796
1038 1482 796
1047 1317 796
1070 1453 796
1083 1442 796
1088 568 796
1114 486 796
1115 487 796
1138 646 796
1142 1379 796
1146 1349 796
1162 1238 796
1186 883 796
1186 1077 796
1187 1195 796
1196 979 796
1234 920 796
607 1749 797
648 1792 797
664 368 797
672 367 797
673 367 797
674 367 797
675 367 797
676 367 797
677 367 797
678 367 797
712 379 797
743 1779 797
757 1715 797
791 361 797
856 1643 797
857 1642 797
858 1641 797
900 1591 797
932 1536 797
991 1552 797
999 1438 797
1030 1493 797
1100 1426 797
1113 485 797
1123 1411 797
1137 647 797
1180 1098 797
1191 656 797
1279 1027 797
608 1749 798
661 368 798
662 368 798
663 368 798
686 1788 798
690 366 798
711 379 798
721 1784 798
756 1716 798
792 360 798
793 360 798
794 360 798
820 1682 798
859 1640 798
860 1639 798
901 1590 798
932 352 798
992 1551 798
1006 1528 798
1013 1418 798
1047 1235 798
1100 1426 798
1110 482 798
1111 483 798
1112 484 798
1136 648 798
1147 1348 798
1183 897 798
1193 1056 798
609 1749 799
644 369 799
658 368 799
660 368 799
703 380 799
710 379 799
757 1716 799
792 359 799
861 1638 799
981 1465 799
993 1550 799
1004 438 799
1008 1523 799
1045 1302 799
1045 1303 799
1045 1304 799
1045 1305 799
1045 1306 799
1045 1307 799
1045 1308 799
1047 1236 799
1083 1443 799
1108 480 799
1109 481 799
1180 918 799
1181 903 799
1181 904 799
1181 905 799
1181 906 799
1181 907 799
1181 1095 799
1182 900 799
1182 1089 799
1183 898 799
1194 684 799
1261 980 799
641 369 800
646 1743 800
649 368 800
650 368 800
657 368 800
686 1789 800
703 380 800
708 359 800
709 379 800
791 359 800
821 1681 800
862 1637 800
932 1537 800
954 1502 800
981 1465 800
1001 1440 800
1004 1535 800
1009 439 800
1047 1237 800
1101 1425 800
1145 1375 800
1162 1237 800
1201 715 800
1201 985 800
1243 877 800
1249 1066 800
1253 836 800
1254 834 800
1255 827 800
1255 828 800
596 1753 801
639 369 801
640 370 801
647 1744 801
687 1789 801
691 381 801
707 358 801
721 1785 801
792 358 801
821 1681 801
863 1636 801
905 1585 801
906 1583 801
954 1502 801
981 1465 801
1004 1536 801
1028 402 801
1035 402 801
1041 402 801
1047 1238 801
1048 401 801
1049 401 801
1123 1412 801
1146 1375 801
1182 1093 801
1189 659 801
1193 832 801
1194 1052 801
1195 1178 801
1202 986 801
1203 716 801
1225 1137 801
1252 838 801
643 1744 802
687 1789 802
692 381 802
693 381 802
703 380 802
706 357 802
707 379 802
733 1729 802
864 1635 802
906 377 802
908 378 802
908 1580 802
910 379 802
954 1502 802
981 1465 802
1017 1417 802
1027 402 802
1036 402 802
1040 402 802
1044 1288 802
1046 1239 802
1050 401 802
1051 401 802
1052 401 802
1066 1457 802
1102 1424 802
1139 1275 802
1148 1347 802
1203 987 802
1205 717 802
1214 1158 802
1224 1139 802
1238 901 802
1243 1084 802
1245 952 802
623 1747 803
687 1789 803
692 381 803
704 380 803
714 1737 803
731 1730 803
746 1781 803
747 1723 803
847 1728 803
865 1634 803
909 1579 803
910 1577 803
955 1501 803
1011 403 803
1012 403 803
1013 403 803
1043 1273 803
1043 1274 803
1043 1275 803
1045 1479 803
1046 1240 803
1053 401 803
1066 1457 803
1146 1330 803
1161 1238 803
1172 1222 803
1195 688 803
1204 988 803
1249 959 803
1254 821 803
601 1751 804
602 1751 804
604 1771 804
619 1749 804
622 1748 804
625 1747 804
626 1747 804
627 1747 804
640 1746 804
688 1789 804
705 379 804
722 1786 804
744 1725 804
746 1781 804
806 1758 804
807 1757 804
808 1756 804
866 1633 804
867 1632 804
911 1576 804
1004 403 804
1005 403 804
1005 1537 804
1006 403 804
1009 403 804
1010 403 804
1014 403 804
1015 403 804
1019 403 804
1043 1271 804
1044 1398 804
1046 1241 804
1056 402 804
1104 589 804
1171 1223 804
1196 1049 804
1205 989 804
1209 719 804
1240 943 804
1246 1076 804
1250 961 804
1254 820 804
654 371 805
688 1789 805
692 380 805
700 379 805
747 1781 805
797 1703 805
803 1760 805
805 1759 805
809 1756 805
846 1730 805
914 1572 805
932 1645 805
933 1537 805
1007 403 805
1008 403 805
1016 403 805
1017 403 805
1018 403 805
1044 1398 805
1045 1242 805
1048 1477 805
1057 402 805
1083 1444 805
1106 1229 805
1116 1417 805
1118 1416 805
1122 1413 805
1123 623 805
1143 1313 805
1149 1371 805
1185 1198 805
1206 990 805
1234 1116 805
1235 1111 805
1242 1089 805
654 371 806
689 1789 806
736 1729 806
798 1702 806
800 1762 806
810 1755 806
845 1731 806
915 1571 806
930 387 806
934 1644 806
956 1500 806
1011 1526 806
1018 403 806
1044 1398 806
1045 1243 806
1046 1291 806
1050 1391 806
1060 403 806
1083 1444 806
1113 1418 806
1160 1239 806
1170 1224 806
1185 1198 806
1198 1046 806
1212 1161 806
1223 1142 806
1234 1118 806
1241 1094 806
599 1753 807
654 371 807
694 379 807
784 359 807
785 359 807
800 1701 807
844 1732 807
857 1720 807
916 1570 807
917 1569 807
918 1568 807
926 1653 807
936 1642 807
937 1641 807
938 1640 807
939 1639 807
940 1638 807
941 1637 807
942 1636 807
943 1635 807
982 1465 807
1006 1536 807
1007 403 807
1012 1525 807
1018 403 807
1033 1495 807
1044 1398 807
1045 1244 807
1045 1245 807
1047 475 807
1050 1391 807
1062 404 807
1110 1419 807
1131 670 807
1131 671 807
1160 1239 807
1184 1199 807
1186 649 807
1191 605 807
1211 1162 807
1233 1122 807
1241 754 807
1241 1096 807
1250 846 807
620 1751 808
735 1730 808
797 1763 808
823 1678 808
919 1567 808
925 1655 808
932 388 808
944 1633 808
1018 403 808
1044 1266 808
1045 1397 808
1046 1246 808
1071 572 808
1104 1231 808
1122 1145 808
1123 1145 808
1129 662 808
1130 1406 808
1131 674 808
1131 1405 808
1132 1404 808
1133 1403 808
1134 1402 808
1148 1377 808
1149 1329 808
1150 1345 808
1151 556 808
1151 1368 808
1169 1225 808
1187 662 808
1199 696 808
1199 1044 808
1200 697 808
1209 1164 808
1210 1163 808
1218 724 808
1221 726 808
1223 1143 808
1231 1128 808
1241 1098 808
1250 847 808
1256 776 808
704 1739 809
781 1767 809
867 1712 809
868 1711 809
918 1664 809
923 1659 809
940 392 809
981 1466 809
1006 1537 809
1019 403 809
1044 1262 809
1045 1248 809
1046 1396 809
1050 1477 809
1073 409 809
1075 410 809
1101 472 809
1106 592 809
1124 1145 809
1131 678 809
1131 679 809
1135 1401 809
1143 713 809
1148 1378 809
1152 1366 809
1159 1240 809
1206 1167 809
1207 1166 809
1208 1165 809
1223 727 809
1248 1075 809
1250 848 809
635 370 810
639 371 810
640 371 810
649 370 810
650 370 810
651 370 810
652 370 810
722 1787 810
784 1767 810
794 1764 810
812 1754 810
865 1714 810
869 1710 810
920 1662 810
921 1661 810
922 1660 810
935 1537 810
945 1632 810
949 398 810
953 401 810
955 402 810
966 1598 810
968 1592 810
971 1480 810
1013 1524 810
1020 403 810
1044 1256 810
1044 1257 810
1044 1258 810
1044 1259 810
1044 1260 810
1044 1261 810
1045 1253 810
1046 1252 810
1047 1395 810
1072 409 810
1076 411 810
1077 412 810
1087 420 810
1131 680 810
1136 1400 810
1148 1379 810
1150 556 810
1150 1329 810
1151 1345 810
1152 1363 810
1159 1240 810
1185 1094 810
1204 1169 810
1205 1168 810
1224 728 810
1225 729 810
1230 1131 810
1264 990 810
1264 991 810
703 1739 811
786 1767 811
803 1699 811
842 1735 811
868 364 811
870 1709 811
916 1667 811
924 1561 811
943 394 811
964 1605 811
980 1467 811
984 1574 811
1048 1394 811
1052 1476 811
1078 413 811
1103 1233 811
1131 681 811
1133 1180 811
1137 1399 811
1148 1380 811
1150 557 811
1150 1328 811
1167 1227 811
1190 847 811
1199 813 811
1202 1171 811
1203 1170 811
552 1790 812
553 1791 812
557 1755 812
558 1794 812
559 1795 812
563 1755 812
564 1755 812
694 1789 812
695 1789 812
697 1789 812
703 1739 812
792 1765 812
853 317 812
865 1715 812
868 364 812
925 1560 812
936 1537 812
959 1498 812
964 1606 812
971 1479 812
985 420 812
988 422 812
1048 1294 812
1079 414 812
1083 1445 812
1122 652 812
1133 1182 812
1141 1297 812
1148 1381 812
1185 1095 812
1200 1173 812
1201 1172 812
1228 731 812
1252 806 812
1252 821 812
1258 1053 812
535 1759 813
549 1790 813
561 1799 813
565 1755 813
693 1789 813
696 1789 813
703 1739 813
754 1780 813
755 1780 813
766 1717 813
805 336 813
825 1675 813
841 1736 813
872 1706 813
874 1625 813
875 1624 813
959 1498 813
961 1611 813
963 1608 813
972 1478 813
980 1468 813
1007 1536 813
1040 1488 813
1049 1393 813
1053 1476 813
1080 415 813
1083 1445 813
1103 1234 813
1127 1411 813
1146 1263 813
1148 1382 813
1151 1328 813
1152 1344 813
1153 1358 813
1175 590 813
1185 664 813
1198 1175 813
1199 1174 813
1230 733 813
1239 907 813
1252 806 813
546 1790 814
547 1756 814
562 1800 814
567 1755 814
692 1789 814
703 1739 814
710 1789 814
711 1789 814
712 1789 814
713 1789 814
714 1789 814
715 1789 814
756 1780 814
767 1717 814
775 1770 814
813 1753 814
826 1674 814
838 1739 814
839 1738 814
865 1716 814
876 1623 814
914 1670 814
959 1498 814
960 1613 814
973 1477 814
1014 1523 814
1022 404 814
1050 1392 814
1053 1476 814
1065 515 814
1083 1445 814
1126 1412 814
1148 1383 814
1182 1202 814
1183 648 814
1184 1097 814
1196 1177 814
1197 1176 814
1200 820 814
1239 903 814
1239 1108 814
1252 806 814
1257 1058 814
1267 1002 814
542 1790 815
554 1754 815
563 1801 815
577 394 815
578 394 815
578 1753 815
579 394 815
580 393 815
581 393 815
582 393 815
583 393 815
584 393 815
585 393 815
586 393 815
587 392 815
588 392 815
589 392 815
691 1789 815
702 1739 815
709 1789 815
717 1789 815
757 1780 815
767 1717 815
826 1674 815
837 1740 815
877 1622 815
928 1556 815
947 1632 815
959 1615 815
960 1497 815
974 1476 815
1026 1416 815
1050 1293 815
1051 1391 815
1083 1445 815
1102 1236 815
1132 535 815
1148 1384 815
1149 561 815
1152 1328 815
1157 1241 815
1182 1202 815
1194 1179 815
1204 705 815
1205 1038 815
1239 1109 815
1251 1073 815
1252 806 815
1256 1062 815
1260 979 815
1261 981 815
540 1789 816
564 1802 816
574 396 816
579 1753 816
590 391 816
591 391 816
592 391 816
593 391 816
691 1789 816
702 1739 816
767 1717 816
814 1752 816
826 1674 816
874 1704 816
875 1625 816
878 1621 816
882 1618 816
913 1671 816
929 1555 816
960 1497 816
975 1475 816
986 1573 816
1011 437 816
1050 1392 816
1052 1390 816
1053 1389 816
1055 1387 816
1056 1386 816
1057 1385 816
1058 1384 816
1082 418 816
1083 419 816
1083 1445 816
1113 510 816
1125 1413 816
1131 535 816
1139 1398 816
1153 1340 816
1153 1341 816
1182 1202 816
1183 1100 816
1193 1180 816
1206 1037 816
1229 1137 816
1233 735 816
1252 806 816
1252 1072 816
1257 766 816
1257 767 816
1268 1005 816
1268 1006 816
1268 1007 816
1268 1008 816
538 1789 817
545 402 817
565 1803 817
572 397 817
573 397 817
579 1753 817
594 391 817
595 390 817
688 375 817
689 375 817
690 375 817
691 1789 817
702 1739 817
791 1765 817
827 1673 817
834 1742 817
864 1717 817
869 364 817
875 1703 817
881 1619 817
930 1554 817
957 1619 817
976 1474 817
987 1572 817
1011 437 817
1066 1332 817
1084 1444 817
1102 1237 817
1125 1413 817
1135 691 817
1139 1398 817
1147 1386 817
1153 1335 817
1153 1336 817
1165 733 817
1181 1203 817
1183 1101 817
1252 806 817
536 1789 818
546 401 818
547 401 818
566 1804 818
567 1804 818
569 398 818
570 398 818
571 398 818
596 389 818
702 1739 818
704 373 818
705 373 818
706 373 818
707 373 818
708 373 818
742 1732 818
774 1772 818
791 1765 818
823 1748 818
842 1736 818
864 1717 818
876 1702 818
885 1616 818
886 1615 818
900 334 818
912 1672 818
978 1472 818
1011 437 818
1125 1413 818
1146 1388 818
1166 734 818
1220 1148 818
1242 917 818
1253 1071 818
1255 1068 818
562 399 819
563 399 819
564 399 819
565 398 819
568 398 819
597 388 819
598 388 819
702 1739 819
761 1779 819
826 1746 819
830 1744 819
842 1736 819
864 1717 819
874 1627 819
877 1701 819
889 1613 819
890 1612 819
924 342 819
925 342 819
926 342 819
927 342 819
928 342 819
932 342 819
1011 437 819
1064 515 819
1065 1329 819
1125 1413 819
1153 1326 819
1180 1204 819
533 1788 820
560 400 820
561 400 820
599 387 820
626 1795 820
627 1796 820
690 1788 820
701 1739 820
721 1790 820
774 1773 820
809 364 820
830 1671 820
832 361 820
833 314 820
834 314 820
835 314 820
836 314 820
837 314 820
842 1736 820
864 1717 820
917 386 820
929 1656 820
933 1549 820
956 1622 820
1027 1416 820
1065 1328 820
1088 1438 820
1125 1413 820
1140 1397 820
1145 715 820
1153 1325 820
1154 1349 820
1164 735 820
1176 1120 820
1180 1204 820
1199 832 820
1236 1118 820
1237 1116 820
1259 774 820
532 1788 821
539 1755 821
548 1756 821
570 1805 821
600 386 821
602 386 821
645 1751 821
701 1739 821
793 1764 821
806 364 821
807 364 821
810 364 821
819 363 821
820 363 821
831 361 821
840 313 821
842 1736 821
861 313 821
862 313 821
863 313 821
864 313 821
864 1717 821
918 387 821
926 1658 821
931 1655 821
950 1631 821
955 1624 821
1056 1474 821
1065 1327 821
1124 1153 821
1125 1413 821
1146 716 821
1147 563 821
1153 1324 821
1164 736 821
1190 1183 821
1220 1149 821
1237 738 821
1239 1113 821
1248 862 821
1255 758 821
1259 775 821
531 1788 822
538 1756 822
603 386 822
689 1787 822
700 1739 822
765 1778 822
773 1774 822
793 1764 822
842 1736 822
846 312 822
847 312 822
855 1648 822
856 1647 822
857 1646 822
879 1699 822
903 1680 822
904 1679 822
905 1678 822
906 1677 822
907 1676 822
934 393 822
936 1545 822
979 1472 822
1064 516 822
1064 1325 822
1068 1260 822
1102 1240 822
1124 1154 822
1164 1226 822
1165 737 822
1175 606 822
1180 1112 822
1235 1121 822
1251 831 822
1254 1071 822
1259 776 822
530 1788 823
535 400 823
536 400 823
537 401 823
538 1756 823
556 401 823
605 384 823
619 1758 823
646 1751 823
722 1791 823
833 1669 823
842 1736 823
851 311 823
852 311 823
853 311 823
880 1698 823
881 1697 823
897 1606 823
901 1681 823
979 1473 823
1009 1538 823
1012 437 823
1027 1417 823
1093 587 823
1095 590 823
1096 591 823
1125 1413 823
1154 1324 823
1171 1126 823
1175 607 823
1208 1037 823
1251 832 823
1252 753 823
1253 754 823
1254 756 823
1259 777 823
538 401 824
552 400 824
553 401 824
554 401 824
555 401 824
599 384 824
608 384 824
626 1757 824
689 1786 824
738 365 824
739 365 824
740 365 824
741 365 824
772 1775 824
794 1763 824
842 1736 824
882 1696 824
898 1605 824
899 1682 824
921 389 824
1054 1295 824
1097 468 824
1125 1413 824
1147 1293 824
1178 1205 824
1226 1142 824
1227 1141 824
1250 877 824
1251 833 824
1259 778 824
1262 1049 824
543 402 825
571 1806 825
609 384 825
617 1759 825
627 1757 825
632 1800 825
712 349 825
726 348 825
744 363 825
794 1763 825
842 1736 825
847 357 825
851 1651 825
877 1626 825
883 1695 825
899 1604 825
935 1653 825
950 1635 825
998 1558 825
1092 1434 825
1097 468 825
1174 608 825
1217 1153 825
1224 1144 825
1225 1143 825
1228 1140 825
1240 1111 825
1254 959 825
1262 1049 825
527 1787 826
541 401 826
542 402 826
571 1806 826
596 384 826
610 383 826
628 1757 826
648 1751 826
675 356 826
724 1792 826
749 1730 826
765 347 826
794 1763 826
809 1690 826
840 309 826
850 1652 826
862 1718 826
884 1694 826
885 1693 826
900 1603 826
939 1540 826
995 1562 826
1055 1296 826
1093 1433 826
1097 468 826
1142 1396 826
1144 563 826
1174 609 826
1191 768 826
1205 1042 826
1233 1128 826
1246 927 826
1262 1049 826
524 1786 827
572 1806 827
594 383 827
611 382 827
615 1760 827
629 1757 827
674 355 827
725 1792 827
750 1730 827
771 1716 827
809 1690 827
839 308 827
849 1653 827
878 1626 827
886 1692 827
889 381 827
890 381 827
901 1602 827
948 1640 827
961 1499 827
978 1592 827
1009 1541 827
1063 1320 827
1102 1242 827
1150 721 827
1204 1044 827
1233 1129 827
1249 746 827
1250 748 827
1250 836 827
1257 965 827
522 1784 828
572 1806 828
589 383 828
590 383 828
591 383 828
592 383 828
593 383 828
613 381 828
635 1802 828
673 354 828
726 1792 828
755 350 828
772 1715 828
838 307 828
861 1719 828
888 1690 828
889 1689 828
902 1601 828
938 1652 828
941 1537 828
943 1647 828
944 1646 828
945 1645 828
971 369 828
1002 1555 828
1028 1511 828
1046 1396 828
1063 1319 828
1126 1413 828
1158 1345 828
1193 873 828
1199 791 828
1204 1047 828
1245 742 828
1250 836 828
1259 971 828
573 1806 829
624 377 829
635 1802 829
648 357 829
657 357 829
726 1792 829
748 360 829
838 306 829
851 306 829
881 1624 829
887 1691 829
903 1600 829
939 1651 829
940 1650 829
941 1649 829
942 1536 829
942 1648 829
971 369 829
976 1596 829
983 1586 829
1003 1554 829
1029 1511 829
1038 449 829
1057 1299 829
1059 1475 829
1063 1318 829
1150 1293 829
1173 612 829
1175 1207 829
1193 874 829
1203 1052 829
1203 1053 829
1203 1054 829
1231 1136 829
1250 836 829
1253 807 829
1255 940 829
1260 974 829
518 1782 830
519 1783 830
574 1806 830
617 375 830
625 376 830
658 356 830
671 353 830
683 353 830
700 1738 830
773 1714 830
837 305 830
962 1497 830
972 369 830
972 1605 830
984 1585 830
1044 409 830
1045 1397 830
1058 1300 830
1095 1432 830
1096 1431 830
1097 1430 830
1151 1266 830
1160 1355 830
1180 751 830
1184 1107 830
1193 875 830
1206 1165 830
1245 903 830
1245 904 830
1245 905 830
1245 906 830
1253 807 830
515 1780 831
516 1781 831
517 1782 831
574 1806 831
627 374 831
652 1750 831
660 355 831
681 352 831
700 365 831
700 1738 831
776 1776 831
810 1688 831
841 1737 831
847 1655 831
914 1671 831
944 1533 831
971 1610 831
973 369 831
973 1603 831
977 418 831
985 1584 831
1059 1476 831
1070 1459 831
1094 1433 831
1098 1429 831
1142 1398 831
1161 1357 831
1161 1358 831
1161 1359 831
1175 1206 831
1244 739 831
1262 980 831
514 1779 832
575 1806 832
619 372 832
628 373 832
661 354 832
700 1738 832
779 297 832
780 297 832
781 297 832
782 297 832
783 297 832
784 297 832
785 297 832
800 296 832
801 296 832
802 296 832
803 296 832
804 296 832
841 1737 832
848 1654 832
945 1531 832
971 1611 832
972 369 832
986 1583 832
992 1571 832
1023 1521 832
1045 409 832
1060 1301 832
1064 1315 832
1092 433 832
1093 1434 832
1133 698 832
1157 1322 832
1161 1360 832
1184 1108 832
1215 1009 832
1232 1135 832
1243 739 832
1249 1091 832
1263 1048 832
512 1777 833
513 1778 833
629 372 833
635 1757 833
639 1803 833
662 353 833
678 351 833
700 364 833
700 1738 833
777 297 833
841 1737 833
846 303 833
847 303 833
914 393 833
946 1530 833
969 1615 833
972 369 833
1006 1552 833
1033 1509 833
1047 501 833
1061 1302 833
1091 1436 833
1092 1435 833
1119 536 833
1147 570 833
1151 1293 833
1157 1321 833
1173 650 833
1186 1188 833
1188 913 833
1244 1101 833
1250 1090 833
1259 785 833
1263 1048 833
512 1775 834
512 1776 834
631 370 834
640 1803 834
651 353 834
657 1750 834
796 296 834
813 1686 834
837 1665 834
841 1737 834
845 302 834
849 1653 834
886 1692 834
939 404 834
973 369 834
988 1580 834
1007 1550 834
1023 1522 834
1034 1508 834
1061 1303 834
1066 1314 834
1070 410 834
1071 1459 834
1090 1437 834
1127 1411 834
1152 1265 834
1160 1363 834
1172 745 834
1186 1188 834
1202 1171 834
1251 1089 834
1255 1078 834
1259 785 834
1263 1048 834
1265 986 834
512 1774 835
641 1803 835
651 352 835
658 1750 835
675 350 835
713 360 835
807 295 835
808 295 835
809 295 835
829 300 835
830 300 835
831 300 835
832 300 835
833 300 835
837 1665 835
841 1737 835
844 301 835
850 1652 835
908 1597 835
966 1620 835
973 369 835
1023 1425 835
1062 1304 835
1065 1311 835
1147 571 835
1152 1264 835
1161 1339 835
1168 1218 835
1186 1188 835
1259 786 835
634 367 836
650 351 836
663 351 836
666 351 836
685 349 836
686 349 836
702 1738 836
732 1793 836
745 358 836
774 1714 836
781 358 836
810 295 836
821 298 836
828 299 836
841 300 836
841 1737 836
842 300 836
843 300 836
916 1671 836
973 369 836
1008 1548 836
1022 1426 836
1043 1399 836
1050 1487 836
1063 1305 836
1064 1306 836
1064 1307 836
1064 1308 836
1065 1309 836
1094 468 836
1097 1248 836
1158 1320 836
1159 1365 836
1194 950 836
1201 1172 836
1254 1084 836
1259 787 836
656 351 837
657 351 837
658 351 837
659 351 837
703 1738 837
732 1793 837
744 358 837
782 358 837
783 358 837
784 358 837
785 358 837
786 358 837
787 358 837
788 358 837
789 358 837
816 1684 837
838 299 837
841 1737 837
866 1713 837
867 1712 837
966 1494 837
973 369 837
1021 1427 837
1036 1508 837
1051 513 837
1052 514 837
1068 406 837
1071 1315 837
1130 1409 837
1134 1170 837
1146 572 837
1154 1243 837
1178 1200 837
1184 930 837
1194 882 837
1195 695 837
1195 951 837
1200 1173 837
1240 739 837
1266 990 837
1269 1026 837
624 362 838
646 352 838
703 1738 838
728 359 838
732 1793 838
743 358 838
775 1713 838
780 1776 838
792 1704 838
837 298 838
841 1737 838
868 1711 838
910 1596 838
918 1670 838
950 1524 838
965 1624 838
973 369 838
1050 513 838
1072 1460 838
1100 606 838
1130 1409 838
1131 1176 838
1143 1397 838
1153 1294 838
1159 1366 838
1164 1225 838
1195 1079 838
1198 957 838
1235 1131 838
1249 917 838
1266 990 838
1268 1037 838
1269 1023 838
1269 1024 838
1269 1025 838
1269 1027 838
1269 1028 838
1269 1029 838
1269 1030 838
1269 1031 838
1269 1032 838
575 1806 839
584 1762 839
642 1755 839
704 1738 839
731 359 839
732 1740 839
733 1793 839
740 358 839
741 358 839
742 358 839
775 1713 839
797 295 839
817 1683 839
824 298 839
838 298 839
840 1737 839
922 1667 839
1020 1428 839
1037 1508 839
1042 1400 839
1049 513 839
1060 1477 839
1073 1459 839
1117 1206 839
1128 1181 839
1162 1338 839
1179 758 839
1199 959 839
1236 1127 839
1254 807 839
1266 991 839
1266 1041 839
1267 1039 839
574 1806 840
643 1804 840
645 361 840
704 1738 840
714 1739 840
733 1740 840
781 1776 840
797 295 840
823 1747 840
825 298 840
853 1648 840
871 1707 840
924 1666 840
968 1492 840
1026 1523 840
1042 1400 840
1048 1491 840
1049 514 840
1063 1475 840
1113 1420 840
1117 1206 840
1126 1185 840
1131 1408 840
1134 703 840
1145 722 840
1159 1316 840
1162 1337 840
1163 1227 840
1180 1197 840
1196 695 840
1198 1175 840
1236 1129 840
1249 853 840
1250 901 840
1266 991 840
574 1806 841
705 1738 841
735 1740 841
776 1712 841
792 1703 841
797 295 841
823 1747 841
839 1662 841
854 1647 841
925 1665 841
926 1664 841
962 1629 841
969 1491 841
1021 403 841
1031 404 841
1049 515 841
1097 607 841
1125 1189 841
1132 1407 841
1146 723 841
1153 1264 841
1161 1365 841
1162 1336 841
1201 962 841
1236 1130 841
1258 799 841
1266 991 841
643 361 842
706 1738 842
735 1793 842
737 1740 842
764 296 842
765 296 842
766 296 842
767 296 842
768 296 842
776 1712 842
782 295 842
783 295 842
783 1775 842
784 295 842
785 295 842
786 295 842
787 295 842
788 295 842
789 295 842
790 295 842
791 295 842
792 295 842
793 295 842
793 1702 842
794 295 842
795 295 842
796 295 842
823 1747 842
854 1647 842
859 1719 842
872 1705 842
913 1593 842
953 1520 842
959 420 842
960 420 842
961 420 842
961 1630 842
962 420 842
983 1474 842
1019 1429 842
1066 561 842
1066 1473 842
1122 1195 842
1133 1406 842
1147 576 842
1147 724 842
1148 577 842
1162 1335 842
1166 618 842
1180 760 842
1202 963 842
1213 1008 842
1252 919 842
1257 802 842
1258 792 842
1258 793 842
1258 794 842
1266 991 842
1269 1016 842
573 1805 843
651 350 843
663 349 843
705 1738 843
736 1793 843
762 296 843
763 296 843
769 296 843
779 295 843
780 295 843
781 295 843
797 295 843
800 1763 843
840 1735 843
855 1646 843
859 1719 843
960 1631 843
970 1490 843
976 371 843
978 372 843
1027 1523 843
1067 1472 843
1118 1203 843
1118 1417 843
1119 1201 843
1121 1198 843
1148 578 843
1149 579 843
1162 1334 843
1180 760 843
1218 1158 843
1266 991 843
1269 1015 843
650 350 844
704 1738 844
770 296 844
777 1712 844
785 1774 844
794 1701 844
798 295 844
800 1763 844
822 1748 844
839 1661 844
859 1719 844
930 1661 844
931 1660 844
959 1632 844
970 1490 844
1043 1502 844
1147 1394 844
1149 580 844
1160 1314 844
1163 1363 844
1166 744 844
1167 745 844
1180 760 844
1183 1193 844
1197 695 844
1212 1005 844
1215 1161 844
1216 1160 844
1217 1159 844
1245 740 844
644 1805 845
668 1748 845
771 296 845
799 295 845
800 1763 845
822 1748 845
840 1734 845
856 1645 845
859 1719 845
890 1691 845
915 1591 845
932 1659 845
933 1658 845
956 1516 845
1038 1509 845
1045 1500 845
1068 1471 845
1110 518 845
1111 519 845
1163 1364 845
1174 1121 845
1180 760 845
1210 1167 845
1212 1004 845
1214 1162 845
645 1805 846
648 1754 846
668 1748 846
771 296 846
799 295 846
817 1681 846
824 297 846
825 297 846
826 297 846
841 297 846
842 297 846
843 297 846
844 297 846
859 1719 846
867 1637 846
894 1617 846
957 1514 846
984 1474 846
1009 1446 846
1040 1403 846
1075 1458 846
1148 1392 846
1153 586 846
1154 1268 846
1159 1136 846
1170 1125 846
1171 1124 846
1172 1123 846
1173 1122 846
1181 761 846
1209 1169 846
1212 1003 846
1215 1015 846
1247 741 846
1257 947 846
1262 1062 846
645 1805 847
827 297 847
828 297 847
829 297 847
830 297 847
831 297 847
832 297 847
868 1636 847
895 1616 847
958 1513 847
973 1608 847
1029 1521 847
1037 1511 847
1116 1208 847
1137 1403 847
1148 1392 847
1153 1143 847
1154 1141 847
1155 589 847
1155 1140 847
1156 1139 847
1157 1138 847
1158 1137 847
1160 1135 847
1161 1134 847
1162 1133 847
1163 1132 847
1164 1131 847
1165 1130 847
1166 1129 847
1167 1128 847
1168 1127 847
1169 1126 847
1182 1195 847
1188 1187 847
1196 1083 847
1208 1170 847
1212 1002 847
1257 944 847
1265 990 847
645 1805 848
670 1747 848
768 297 848
769 297 848
798 1698 848
803 1761 848
811 296 848
812 296 848
872 1633 848
972 1489 848
1071 1466 848
1072 1464 848
1078 1455 848
1148 1392 848
1149 728 848
1153 1144 848
1196 1083 848
1200 795 848
1249 742 848
1267 1014 848
606 1803 849
670 1747 849
741 1794 849
766 298 849
767 298 849
810 296 849
813 296 849
814 296 849
815 296 849
818 1679 849
820 1749 849
919 1588 849
938 1654 849
960 1510 849
971 371 849
1124 1413 849
1138 1402 849
1156 591 849
1160 1311 849
1196 1083 849
1207 1171 849
1250 743 849
1259 955 849
735 307 850
736 306 850
737 306 850
738 305 850
739 305 850
740 304 850
742 303 850
762 299 850
807 296 850
808 296 850
809 296 850
816 296 850
834 298 850
920 1587 850
970 371 850
991 441 850
992 441 850
1034 1515 850
1096 489 850
1138 1402 850
1155 1272 850
1160 1310 850
1187 678 850
1196 1083 850
1207 1171 850
1239 1128 850
572 1805 851
608 1804 851
653 1752 851
744 302 851
751 1737 851
765 1789 851
768 1788 851
801 1696 851
805 296 851
817 296 851
892 1690 851
898 1614 851
954 1639 851
971 1612 851
985 1475 851
990 1586 851
1081 1451 851
1094 475 851
1115 1214 851
1138 1402 851
1156 597 851
1158 1298 851
1165 1367 851
1211 994 851
1224 1152 851
1240 1127 851
1252 1100 851
1254 923 851
1254 1095 851
1256 1091 851
1258 938 851
1264 1051 851
573 1805 852
760 1791 852
769 1787 852
770 1786 852
771 1785 852
772 1784 852
790 1773 852
804 296 852
859 1718 852
940 404 852
944 1649 852
945 1648 852
946 1647 852
953 1640 852
962 1507 852
983 1597 852
990 1587 852
1094 474 852
1115 1215 852
1138 1402 852
1150 730 852
1165 1367 852
1180 1199 852
1191 825 852
1199 693 852
1241 1126 852
1255 1094 852
1258 752 852
1258 937 852
1266 1075 852
573 1805 853
609 1804 853
637 352 853
655 1751 853
672 1746 853
702 359 853
757 1792 853
773 1783 853
818 1678 853
835 299 853
877 1629 853
923 1586 853
948 1645 853
949 1644 853
950 1643 853
951 1642 853
963 1506 853
969 1616 853
985 1595 853
1045 518 853
1046 519 853
1088 1442 853
1105 631 853
1138 1402 853
1151 731 853
1165 1367 853
1167 627 853
1180 1199 853
1229 1149 853
1242 1125 853
1253 905 853
1255 747 853
1259 755 853
1259 756 853
1259 757 853
572 1805 854
638 351 854
641 350 854
672 1746 854
753 1736 854
802 297 854
806 1759 854
818 297 854
965 1504 854
986 1475 854
987 1593 854
988 1592 854
1031 1521 854
1051 525 854
1083 1448 854
1090 1439 854
1114 1218 854
1164 1323 854
1180 1199 854
1191 872 854
1216 1019 854
1230 1148 854
1254 746 854
1261 957 854
1264 1048 854
571 1805 855
610 1757 855
639 350 855
655 1751 855
673 1746 855
685 361 855
807 1758 855
835 300 855
925 1585 855
972 372 855
972 1612 855
973 372 855
974 372 855
990 1590 855
998 444 855
1052 527 855
1105 1265 855
1166 1338 855
1166 1365 855
1210 969 855
1211 973 855
1215 1053 855
1231 1147 855
1264 1048 855
608 1805 856
652 1805 856
655 1751 856
673 1746 856
684 361 856
694 361 856
697 1741 856
698 360 856
748 1793 856
754 1736 856
793 1770 856
800 298 856
818 1677 856
967 1502 856
992 445 856
1052 528 856
1093 461 856
1105 1266 856
1113 1221 856
1198 1082 856
1232 1146 856
1263 989 856
608 1805 857
642 1804 857
653 1805 857
673 1746 857
684 361 857
697 360 857
697 1741 857
782 1710 857
794 1769 857
801 298 857
816 297 857
900 384 857
968 1501 857
1053 530 857
1059 561 857
1067 1479 857
1085 614 857
1092 453 857
1093 461 857
1105 1267 857
1108 637 857
1125 1409 857
1164 1322 857
1167 1337 857
1199 1081 857
1205 1172 857
1233 1145 857
1246 1122 857
1249 875 857
1255 909 857
1264 1047 857
1265 1017 857
608 1805 858
610 1756 858
640 1803 858
654 1805 858
673 1746 858
685 361 858
696 1741 858
782 1710 858
794 1769 858
802 298 858
803 298 858
804 298 858
815 297 858
856 1719 858
970 1499 858
1068 1478 858
1095 1432 858
1105 1268 858
1109 1231 858
1112 1223 858
1167 1336 858
1200 1080 858
1205 1172 858
1214 714 858
1234 1144 858
1247 1121 858
1256 911 858
1264 1047 858
1265 1018 858
608 1805 859
611 363 859
623 363 859
655 1805 859
674 1746 859
684 361 859
783 1709 859
818 1676 859
856 1719 859
955 369 859
972 1496 859
974 1493 859
1029 1528 859
1065 400 859
1096 1431 859
1105 1269 859
1105 1282 859
1151 1386 859
1155 607 859
1190 877 859
1197 1092 859
1201 1079 859
1210 958 859
1213 984 859
1248 1120 859
1254 906 859
1257 915 859
1264 1046 859
1265 1019 859
570 1804 860
608 1805 860
610 363 860
613 362 860
624 363 860
656 1751 860
656 1805 860
674 1746 860
683 360 860
783 1709 860
814 298 860
816 298 860
818 1676 860
841 302 860
842 302 860
843 302 860
844 302 860
845 302 860
846 302 860
881 1624 860
945 364 860
955 369 860
977 1488 860
1028 1530 860
1066 400 860
1091 448 860
1105 1270 860
1105 1280 860
1110 1228 860
1141 1401 860
1155 608 860
1162 1295 860
1197 1093 860
1202 1078 860
1210 956 860
1252 745 860
1256 829 860
1265 1020 860
510 1779 861
657 1805 861
675 1746 861
783 1709 861
818 299 861
819 1675 861
861 1640 861
869 1710 861
890 332 861
893 332 861
894 1689 861
914 1678 861
915 1677 861
916 343 861
916 1676 861
917 1675 861
918 1674 861
941 361 861
977 1607 861
979 1486 861
997 1581 861
1026 1533 861
1066 400 861
1088 441 861
1106 1272 861
1106 1273 861
1106 1277 861
1106 1278 861
1107 1287 861
1107 1288 861
1111 1226 861
1155 609 861
1192 835 861
1203 1077 861
1237 1142 861
1252 745 861
1254 905 861
509 1779 862
657 1751 862
658 1805 862
675 1746 862
693 1742 862
783 1709 862
813 299 862
817 1749 862
819 1675 862
855 1719 862
862 1639 862
870 1709 862
913 1679 862
922 1669 862
940 360 862
980 1485 862
987 1477 862
998 1580 862
1099 1427 862
1100 1426 862
1108 1290 862
1121 555 862
1142 1400 862
1174 1214 862
1196 911 862
1252 745 862
1260 930 862
1266 959 862
1270 1070 862
605 1806 863
610 363 863
675 1746 863
752 1794 863
784 1708 863
810 1685 863
840 367 863
863 1638 863
871 1708 863
912 1680 863
981 1484 863
999 1579 863
1009 1557 863
1063 1488 863
1073 1472 863
1088 444 863
1101 1425 863
1102 1424 863
1103 1423 863
1104 1422 863
1105 1421 863
1170 1340 863
1170 1341 863
1208 943 863
1252 745 863
1260 929 863
593 1806 864
610 363 864
610 1754 864
629 362 864
659 1805 864
675 1746 864
699 1742 864
752 1794 864
864 1637 864
872 1707 864
884 1622 864
930 1582 864
938 359 864
942 1560 864
982 1483 864
983 1481 864
984 1480 864
985 1479 864
1001 1577 864
1022 1539 864
1062 1490 864
1063 1489 864
1074 1470 864
1092 473 864
1107 1419 864
1125 689 864
1143 1399 864
1163 1294 864
1213 982 864
1216 1023 864
1250 1118 864
1252 745 864
592 1806 865
596 1807 865
597 1807 865
610 363 865
675 1746 865
690 1743 865
700 1742 865
811 1683 865
812 301 865
845 369 865
865 1636 865
873 1706 865
895 1688 865
909 1682 865
945 1553 865
946 1552 865
947 1551 865
1002 1576 865
1013 1554 865
1033 1523 865
1064 1489 865
1092 463 865
1093 484 865
1108 1418 865
1110 1296 865
1153 1385 865
1194 815 865
1213 981 865
1216 1024 865
1249 868 865
1252 745 865
591 1806 866
600 1807 866
601 1807 866
602 1807 866
610 363 866
668 1746 866
669 1746 866
670 1746 866
675 1746 866
701 1742 866
702 1742 866
834 304 866
838 1655 866
846 370 866
848 370 866
874 1705 866
886 1621 866
897 1687 866
907 1683 866
931 1581 866
943 1556 866
948 1550 866
1003 1575 866
1015 1552 866
1021 1541 866
1054 1390 866
1055 1389 866
1059 1386 866
1065 1488 866
1075 1468 866
1154 1384 866
1170 1355 866
1171 1347 866
1171 1348 866
1194 814 866
1205 706 866
1216 1024 866
1243 1135 866
1252 745 866
1260 994 866
590 1806 867
610 362 867
628 362 867
630 362 867
659 1806 867
671 1746 867
672 1746 867
673 1746 867
674 1746 867
675 1746 867
703 1742 867
812 1681 867
886 1621 867
931 1581 867
949 1549 867
1004 1574 867
1051 1393 867
1052 1392 867
1053 1391 867
1061 1384 867
1066 1487 867
1111 1299 867
1164 1291 867
1171 1350 867
1180 1199 867
1204 705 867
1242 1137 867
1245 1132 867
1251 880 867
1251 1116 867
1252 745 867
558 388 868
558 389 868
562 376 868
568 381 868
589 1806 868
619 362 868
620 362 868
704 1742 868
787 1704 868
798 1767 868
805 371 868
818 303 868
923 401 868
958 1642 868
961 1640 868
962 1639 868
963 1638 868
1020 1543 868
1050 1394 868
1059 1494 868
1067 1486 868
1077 1465 868
1113 531 868
1145 1396 868
1194 813 868
1203 704 868
1208 1171 868
1235 733 868
1246 1130 868
1251 881 868
1255 802 868
1255 803 868
1255 905 868
530 1794 869
531 1794 869
532 1794 869
533 1794 869
548 1748 869
549 1748 869
550 1748 869
562 375 869
567 1802 869
617 1751 869
632 361 869
660 1806 869
705 1742 869
725 358 869
754 1795 869
787 369 869
813 303 869
813 1679 869
867 1633 869
888 1620 869
955 1645 869
964 1636 869
977 372 869
978 373 869
1005 1572 869
1018 1547 869
1019 1545 869
1049 1395 869
1055 1498 869
1056 1497 869
1057 1496 869
1112 530 869
1112 1302 869
1146 1395 869
1155 1383 869
1171 1353 869
1202 703 869
1251 882 869
1255 804 869
1255 906 869
527 1794 870
528 1794 870
542 1748 870
544 1747 870
545 1747 870
546 1747 870
552 1747 870
562 374 870
563 373 870
565 1801 870
633 360 870
706 1742 870
754 1795 870
786 370 870
814 1678 870
818 304 870
839 1654 870
899 1612 870
901 1611 870
943 1557 870
952 1648 870
953 1647 870
954 1646 870
992 1474 870
1006 1570 870
1053 1500 870
1065 401 870
1067 401 870
1068 1485 870
1081 1460 870
1091 458 870
1111 529 870
1172 1258 870
1238 735 870
1242 1139 870
1251 883 870
1253 1113 870
487 1734 871
488 1735 871
488 1736 871
488 1737 871
488 1738 871
488 1739 871
488 1740 871
523 1793 871
526 1794 871
541 1796 871
546 1798 871
548 1799 871
549 1799 871
554 1746 871
555 1746 871
563 372 871
714 329 871
755 1795 871
799 1767 871
814 304 871
818 305 871
888 1691 871
897 1613 871
993 1473 871
1062 1381 871
1064 401 871
1068 401 871
1121 557 871
1148 738 871
1156 1382 871
1171 1355 871
1173 1259 871
1209 1171 871
1242 1139 871
485 1732 872
486 1733 872
522 1793 872
550 1799 872
551 1799 872
552 1799 872
553 1799 872
563 371 872
573 1803 872
756 1795 872
790 1700 872
800 305 872
814 305 872
827 1745 872
832 307 872
932 1580 872
949 1652 872
994 1473 872
1037 465 872
1063 401 872
1063 1380 872
1069 401 872
1083 1457 872
1114 1306 872
1156 1382 872
1171 1356 872
1172 1265 872
1242 1139 872
1251 743 872
1251 884 872
484 1731 873
520 1792 873
558 1746 873
562 370 873
574 1803 873
673 1747 873
674 1747 873
709 1742 873
756 1795 873
791 1699 873
792 1698 873
813 306 873
814 306 873
835 1740 873
837 1739 873
838 1738 873
906 323 873
932 1580 873
944 1658 873
945 1657 873
946 1656 873
947 1655 873
967 1632 873
995 1473 873
1063 401 873
1068 1486 873
1070 401 873
1084 1455 873
1112 1238 873
1123 560 873
1171 1132 873
1171 1357 873
1172 1131 873
1173 1130 873
1180 1199 873
1184 682 873
1255 1110 873
1259 1095 873
1272 954 873
483 1730 874
484 1744 874
484 1745 874
484 1746 874
484 1747 874
484 1748 874
519 1792 874
562 369 874
575 1803 874
585 1804 874
710 1742 874
756 1795 874
782 371 874
793 1697 874
799 307 874
811 307 874
812 307 874
834 309 874
839 1737 874
906 324 874
908 1681 874
926 406 874
932 1580 874
942 1659 874
947 422 874
948 423 874
949 424 874
996 1473 874
997 1471 874
1056 546 874
1062 401 874
1068 1486 874
1085 1453 874
1111 1247 874
1115 1308 874
1125 563 874
1130 572 874
1131 698 874
1132 575 874
1136 581 874
1137 583 874
1137 1173 874
1171 1358 874
1174 1129 874
1175 1128 874
1176 1127 874
1184 682 874
1185 1192 874
1250 741 874
1259 1096 874
482 1750 875
518 1792 875
562 368 875
577 1803 875
584 1750 875
588 1750 875
589 1750 875
590 1750 875
604 1750 875
757 1795 875
799 308 875
809 308 875
810 308 875
816 1676 875
839 1653 875
840 1736 875
841 1735 875
872 1628 875
900 396 875
906 1682 875
907 325 875
910 1679 875
968 1632 875
999 1469 875
1006 1413 875
1062 401 875
1068 1486 875
1103 522 875
1112 1249 875
1112 1250 875
1112 1251 875
1112 1252 875
1114 1235 875
1134 578 875
1171 1359 875
1177 1126 875
1186 1191 875
1188 1188 875
1248 866 875
1256 1108 875
481 1751 876
562 367 876
580 1803 876
602 1750 876
603 1750 876
697 1794 876
757 1795 876
797 309 876
798 309 876
808 309 876
819 310 876
820 310 876
824 1668 876
840 1652 876
842 1734 876
872 1628 876
907 326 876
911 1678 876
932 1580 876
940 1660 876
946 1557 876
986 1607 876
994 1592 876
1005 1412 876
1061 401 876
1065 1377 876
1067 1487 876
1113 1254 876
1150 1389 876
1171 1360 876
1178 1125 876
1241 1141 876
1248 867 876
1257 1106 876
1260 1092 876
480 1752 877
562 366 877
666 1806 877
698 1795 877
757 1795 877
792 311 877
802 310 877
873 1627 877
904 1683 877
908 327 877
912 1605 877
912 1677 877
932 1580 877
947 1556 877
956 1542 877
987 1607 877
1002 1466 877
1004 1411 877
1005 1413 877
1052 1505 877
1086 1451 877
1114 1255 877
1115 1234 877
1136 1173 877
1155 1382 877
1171 665 877
1171 1361 877
1173 1247 877
1179 1124 877
1183 840 877
1184 682 877
1247 1126 877
1248 867 877
1265 1059 877
515 1791 878
562 365 878
622 1752 878
667 1806 878
699 1796 878
757 1795 878
769 1723 878
795 1695 878
802 1767 878
843 1733 878
897 329 878
904 1683 878
907 328 878
908 328 878
909 328 878
912 1677 878
937 1662 878
1006 1404 878
1007 1403 878
1054 544 878
1078 591 878
1136 1173 878
1151 1387 878
1171 1317 878
1171 1361 878
1172 1323 878
1181 1123 878
1183 840 878
1184 682 878
1247 1126 878
1253 778 878
562 365 879
623 1752 879
645 326 879
648 324 879
651 323 879
668 1806 879
669 1806 879
670 1806 879
671 1806 879
700 1797 879
758 1795 879
765 1726 879
770 1722 879
782 313 879
784 313 879
796 1694 879
801 1768 879
804 1766 879
815 1676 879
882 1696 879
906 329 879
907 329 879
910 329 879
913 1604 879
913 1676 879
929 411 879
950 429 879
951 430 879
989 1606 879
993 1598 879
1067 1374 879
1077 590 879
1095 1354 879
1116 1233 879
1136 1174 879
1154 1383 879
1166 748 879
1171 1315 879
1171 1362 879
1180 678 879
1183 840 879
1183 1122 879
1210 973 879
1249 813 879
1253 779 879
562 365 880
563 1743 880
588 1804 880
624 1752 880
625 1752 880
654 321 880
656 321 880
657 321 880
663 322 880
672 1806 880
701 1798 880
747 367 880
748 367 880
749 367 880
771 1721 880
797 1693 880
807 1764 880
815 1676 880
825 1665 880
861 331 880
881 1697 880
900 330 880
905 330 880
906 330 880
911 330 880
913 1676 880
957 1540 880
990 1605 880
1005 388 880
1015 1558 880
1086 1452 880
1094 497 880
1136 1174 880
1171 1312 880
1171 1363 880
1176 673 880
1183 840 880
1184 682 880
1186 1120 880
1252 888 880
1253 780 880
1258 1104 880
1260 1003 880
1264 1028 880
562 364 881
574 1744 881
589 1804 881
626 1752 881
654 319 881
667 319 881
701 1799 881
772 1720 881
808 1763 881
815 1676 881
842 1649 881
860 331 881
880 1698 881
901 331 881
904 331 881
905 331 881
912 331 881
947 427 881
950 1554 881
1005 388 881
1007 1462 881
1059 401 881
1072 585 881
1095 500 881
1095 501 881
1136 1174 881
1145 715 881
1153 1384 881
1172 1228 881
1173 1327 881
1173 1328 881
1183 840 881
1212 1033 881
1260 1004 881
1260 1005 881
1262 1086 881
512 1790 882
557 1740 882
558 1740 882
559 1740 882
573 1743 882
590 1804 882
668 318 882
758 1795 882
798 1770 882
807 405 882
809 1762 882
826 1663 882
839 317 882
843 1731 882
880 1698 882
902 332 882
903 332 882
904 332 882
913 332 882
933 1582 882
999 1407 882
1008 1461 882
1038 484 882
1049 1396 882
1059 401 882
1064 1491 882
1136 1174 882
1146 605 882
1173 1330 882
1186 685 882
1209 972 882
1228 1160 882
1247 869 882
1260 1006 882
1262 1023 882
1268 1038 882
511 1789 883
563 362 883
573 1742 883
590 1804 883
655 316 883
669 317 883
703 1800 883
735 1741 883
758 1795 883
763 1726 883
810 1761 883
812 404 883
813 403 883
827 1662 883
836 316 883
838 317 883
875 1624 883
879 1699 883
903 333 883
914 333 883
928 414 883
958 1538 883
1000 1408 883
1001 1408 883
1010 1459 883
1038 502 883
1046 527 883
1058 401 883
1111 1419 883
1112 1418 883
1136 1174 883
1146 717 883
1187 1191 883
1217 1167 883
1219 1166 883
1221 1165 883
1250 1122 883
1258 1106 883
1260 1007 883
1260 1008 883
1261 1019 883
1267 1037 883
473 1743 884
574 1741 884
656 315 884
672 1748 884
733 1741 884
758 1795 884
774 1718 884
811 1760 884
828 1661 884
872 383 884
876 1623 884
903 334 884
915 334 884
915 1602 884
934 1582 884
952 1554 884
957 436 884
963 1639 884
1008 1575 884
1040 504 884
1050 1395 884
1058 401 884
1086 1453 884
1101 1429 884
1102 1428 884
1103 1427 884
1104 1426 884
1118 1233 884
1118 1304 884
1147 718 884
1192 1116 884
1260 1009 884
1260 1010 884
1270 935 884
472 1744 885
510 1789 885
575 1740 885
592 1803 885
657 314 885
680 1806 885
704 1801 885
758 1795 885
829 1660 885
830 316 885
873 384 885
902 335 885
902 1683 885
903 335 885
913 335 885
914 335 885
916 1601 885
958 437 885
959 1536 885
960 1643 885
961 1642 885
1008 1576 885
1050 1395 885
1086 1453 885
1095 465 885
1139 1399 885
1169 1286 885
1170 1366 885
1188 688 885
1260 1011 885
471 1745 886
510 1789 886
576 1740 886
658 313 886
663 313 886
664 313 886
665 313 886
666 313 886
667 313 886
668 313 886
679 1807 886
738 1797 886
758 1795 886
764 1727 886
816 1674 886
829 317 886
830 399 886
830 1659 886
831 399 886
834 400 886
847 1645 886
848 1644 886
877 1622 886
901 336 886
905 336 886
912 336 886
929 416 886
959 1644 886
1001 455 886
1008 1577 886
1013 1457 886
1072 1480 886
1075 430 886
1099 1432 886
1118 1413 886
1150 721 886
1190 690 886
1208 970 886
1260 1012 886
470 1746 887
659 312 887
660 312 887
662 312 887
677 312 887
683 1806 887
725 1743 887
826 318 887
828 318 887
829 318 887
833 1657 887
849 1643 887
910 337 887
911 337 887
958 1645 887
960 1535 887
1004 456 887
1006 392 887
1008 1578 887
1052 1394 887
1058 402 887
1119 1234 887
1119 1303 887
1151 613 887
1151 722 887
1170 1287 887
1170 1367 887
1187 809 887
1188 1191 887
1253 1117 887
469 1745 888
473 1739 888
508 1788 888
567 360 888
643 353 888
661 311 888
674 311 888
675 311 888
676 311 888
684 361 888
685 361 888
686 361 888
708 1802 888
758 1794 888
778 388 888
783 391 888
815 1757 888
824 319 888
825 319 888
827 319 888
828 319 888
829 319 888
830 319 888
850 1642 888
957 1646 888
1005 457 888
1008 1579 888
1022 1554 888
1056 402 888
1057 402 888
1064 564 888
1088 609 888
1120 1412 888
1167 649 888
1175 1332 888
1207 1173 888
1208 969 888
1251 836 888
1258 1109 888
468 1745 889
670 1748 889
682 361 889
711 1802 889
776 1716 889
816 1756 889
828 320 889
829 320 889
830 320 889
832 320 889
833 320 889
835 321 889
851 1641 889
877 1621 889
956 1647 889
1006 458 889
1008 1580 889
1053 1394 889
1097 1436 889
1120 1304 889
1127 1209 889
1130 1200 889
1135 1178 889
1171 1289 889
1171 1367 889
1186 809 889
1206 1174 889
1208 969 889
1209 926 889
1251 751 889
1258 1110 889
467 1746 890
471 1740 890
507 1788 890
568 359 890
596 1801 890
660 310 890
667 1749 890
678 1747 890
714 1801 890
728 302 890
729 302 890
730 302 890
780 394 890
798 1770 890
816 1673 890
817 1755 890
852 1640 890
877 1621 890
879 1700 890
918 1598 890
955 1648 890
1007 459 890
1053 1510 890
1054 403 890
1054 1394 890
1085 1454 890
1086 1452 890
1088 1358 890
1120 1236 890
1156 727 890
1156 1145 890
1157 1144 890
1158 1143 890
1162 1140 890
1171 1367 890
1175 1262 890
1190 1189 890
1205 1175 890
1208 969 890
1251 752 890
1258 1110 890
465 1750 891
605 366 891
671 309 891
679 1747 891
818 1754 891
853 1639 891
877 1621 891
901 1683 891
925 1666 891
954 1649 891
963 1533 891
973 386 891
981 386 891
982 386 891
983 386 891
984 386 891
986 387 891
1021 1450 891
1046 1522 891
1095 623 891
1106 543 891
1121 1304 891
1130 1197 891
1141 1399 891
1152 1152 891
1153 1149 891
1154 1148 891
1156 1381 891
1165 1138 891
1166 1137 891
1167 1136 891
1191 1188 891
1194 695 891
1208 969 891
1251 753 891
565 358 892
572 358 892
573 358 892
574 358 892
585 358 892
595 371 892
660 309 892
680 1747 892
778 397 892
796 1771 892
819 1753 892
878 1620 892
920 1670 892
953 1650 892
964 1532 892
971 449 892
1007 1583 892
1024 1556 892
1046 1523 892
1048 1520 892
1049 1518 892
1095 1440 892
1097 1354 892
1102 643 892
1123 1410 892
1130 1195 892
1133 1187 892
1134 1184 892
1141 1399 892
1159 730 892
1176 1260 892
1204 1176 892
1209 927 892
1221 713 892
1260 1014 892
466 1744 893
468 1742 893
564 358 893
584 357 893
671 308 893
720 1745 893
725 300 893
777 399 893
795 1771 893
816 1672 893
820 1752 893
878 1620 893
882 1698 893
902 1682 893
952 1651 893
965 1531 893
990 391 893
1008 395 893
1013 395 893
1014 395 893
1028 395 893
1050 1517 893
1051 1515 893
1083 1361 893
1089 1447 893
1094 1441 893
1099 1353 893
1102 644 893
1130 1194 893
1131 1192 893
1132 1190 893
1169 1135 893
1170 1134 893
1177 1337 893
1204 1176 893
1209 927 893
1225 714 893
1249 883 893
558 1795 894
559 1795 894
560 1795 894
561 1795 894
562 1795 894
563 358 894
563 1795 894
564 1795 894
583 356 894
637 1749 894
660 308 894
720 1745 894
726 300 894
739 1797 894
830 326 894
854 1638 894
878 1620 894
918 1671 894
951 1652 894
967 1528 894
990 392 894
1002 395 894
1007 1584 894
1009 396 894
1012 396 894
1015 396 894
1016 396 894
1027 395 894
1037 1536 894
1066 1365 894
1071 1488 894
1072 1486 894
1101 1352 894
1102 645 894
1122 1306 894
1137 1176 894
1142 1398 894
1173 1132 894
1176 1130 894
1209 927 894
1260 1015 894
1260 1106 894
466 1743 895
554 1794 895
555 1794 895
556 1794 895
557 1794 895
562 358 895
582 355 895
597 1800 895
637 1749 895
720 1745 895
727 301 895
728 301 895
740 1797 895
742 300 895
745 302 895
746 303 895
774 402 895
803 1767 895
878 1620 895
885 342 895
950 1653 895
966 1534 895
968 451 895
1009 397 895
1010 397 895
1011 397 895
1026 1554 895
1074 424 895
1091 454 895
1092 455 895
1102 646 895
1104 1351 895
1125 1409 895
1138 1174 895
1154 619 895
1178 1339 895
1207 997 895
1208 707 895
1209 927 895
1261 1104 895
1262 1097 895
466 1743 896
552 1793 896
553 1793 896
565 1738 896
566 1794 896
567 1794 896
581 354 896
696 1807 896
720 1745 896
737 389 896
739 390 896
741 1797 896
743 301 896
753 390 896
754 390 896
755 390 896
773 405 896
866 1711 896
885 1696 896
949 1654 896
967 451 896
969 1525 896
987 1622 896
991 1617 896
992 1616 896
993 1615 896
994 1614 896
1009 398 896
1010 398 896
1027 1553 896
1030 1549 896
1033 1544 896
1064 1372 896
1077 1478 896
1090 453 896
1103 649 896
1104 650 896
1105 651 896
1123 1307 896
1139 1172 896
1149 1158 896
1167 744 896
1172 1364 896
1173 1298 896
1182 1126 896
1183 1125 896
1184 1124 896
1209 927 896
1262 1100 896
1263 1094 896
467 1742 897
501 1787 897
562 357 897
581 354 897
662 306 897
673 306 897
720 1745 897
742 1797 897
755 1793 897
805 1766 897
824 327 897
879 1619 897
884 343 897
920 1596 897
939 1660 897
968 452 897
984 1626 897
998 1609 897
1000 1606 897
1009 399 897
1032 1546 897
1074 1483 897
1078 1477 897
1089 452 897
1110 552 897
1127 1408 897
1140 1171 897
1245 1147 897
1263 989 897
501 1787 898
548 1790 898
580 354 898
599 1799 898
742 1797 898
754 1737 898
788 1773 898
806 1765 898
824 328 898
856 1635 898
866 1712 898
887 1695 898
901 397 898
920 1596 898
983 1627 898
993 462 898
995 463 898
996 463 898
1001 1604 898
1009 400 898
1020 399 898
1069 1493 898
1079 1476 898
1106 655 898
1144 1166 898
1173 655 898
1174 1302 898
1205 1174 898
1264 1090 898
1270 1076 898
579 354 899
662 305 899
674 305 899
742 1797 899
755 1792 899
765 410 899
786 1773 899
814 330 899
816 1670 899
824 329 899
866 1712 899
880 1618 899
902 398 899
918 1597 899
973 1518 899
982 1628 899
1009 401 899
1019 1572 899
1020 400 899
1075 423 899
1079 1475 899
1106 656 899
1123 1244 899
1125 1309 899
1129 1407 899
1146 1164 899
1183 1211 899
584 377 900
615 368 900
699 1808 900
743 1797 900
836 333 900
866 1712 900
903 399 900
972 1519 900
981 1629 900
1010 402 900
1020 401 900
1020 1570 900
1053 548 900
1075 423 900
1077 1366 900
1107 657 900
1116 560 900
1120 672 900
1123 1245 900
1166 1376 900
1186 1204 900
1200 699 900
1206 963 900
1259 1017 900
465 1745 901
574 1735 901
583 378 901
599 1798 901
616 368 901
661 304 901
673 304 901
743 1797 901
780 412 901
836 334 901
879 344 901
881 1617 901
916 1598 901
973 1518 901
980 1630 901
1014 1578 901
1020 402 901
1021 1568 901
1042 1532 901
1053 549 901
1069 1495 901
1108 658 901
1109 659 901
1117 561 901
1120 673 901
1123 1246 901
1125 1253 901
1179 1240 901
1180 1344 901
1183 1214 901
498 1786 902
561 356 902
582 379 902
621 1802 902
625 1804 902
642 1803 902
644 1749 902
743 1797 902
817 1669 902
820 1666 902
821 1665 902
835 335 902
859 1633 902
881 1617 902
913 1600 902
914 1599 902
924 1594 902
938 380 902
974 1517 902
979 1631 902
1021 403 902
1053 550 902
1053 551 902
1075 1367 902
1118 562 902
1120 1415 902
1133 1403 902
1180 1237 902
1182 1223 902
1182 1228 902
1182 1229 902
1183 1216 902
1201 699 902
1201 1051 902
1259 937 902
553 1734 903
568 383 903
578 380 903
627 1805 903
628 1805 903
629 1805 903
630 1805 903
631 1805 903
632 1805 903
633 1805 903
645 1749 903
671 303 903
672 303 903
690 1748 903
741 403 903
742 403 903
743 1797 903
754 1792 903
771 417 903
809 1763 903
817 1669 903
818 1668 903
819 1667 903
822 1664 903
834 336 903
859 1633 903
865 1713 903
887 1693 903
975 1516 903
978 1632 903
988 463 903
1005 1599 903
1021 404 903
1068 1496 903
1118 1417 903
1119 563 903
1119 1416 903
1124 1282 903
1125 1251 903
1169 1375 903
1177 1312 903
1181 1345 903
1188 1200 903
1200 698 903
1200 1052 903
1204 996 903
1250 1136 903
1258 1018 903
1264 1089 903
561 355 904
600 1797 904
634 1805 904
640 1804 904
646 1749 904
660 304 904
689 1748 904
702 1809 904
722 1744 904
744 1797 904
771 418 904
781 1711 904
782 417 904
793 330 904
809 1763 904
811 1679 904
822 1664 904
823 337 904
834 337 904
860 1632 904
883 1616 904
905 401 904
925 1668 904
964 454 904
976 1515 904
977 1633 904
1021 405 904
1023 1566 904
1068 1496 904
1073 422 904
1117 1418 904
1120 564 904
1124 1281 904
1175 1360 904
1189 1198 904
1199 1053 904
1246 869 904
1249 1139 904
526 1783 905
552 1733 905
561 355 905
626 313 905
631 312 905
635 311 905
635 1805 905
647 1749 905
674 302 905
703 1809 905
723 1744 905
735 403 905
745 1797 905
772 419 905
792 330 905
866 1712 905
886 1693 905
976 1634 905
977 1514 905
978 1513 905
1006 1597 905
1022 406 905
1043 1532 905
1055 555 905
1116 1419 905
1121 565 905
1124 678 905
1124 1279 905
1124 1280 905
1126 1253 905
1130 577 905
1181 1344 905
1198 1054 905
1253 784 905
1254 771 905
1254 774 905
1254 775 905
467 1739 906
524 1783 906
525 1783 906
579 1733 906
627 365 906
630 364 906
633 311 906
656 305 906
687 1749 906
734 404 906
773 420 906
782 1709 906
791 330 906
808 1683 906
813 340 906
880 346 906
903 1679 906
928 1591 906
928 1667 906
930 1666 906
934 377 906
971 1533 906
975 1635 906
1056 556 906
1102 525 906
1124 1277 906
1124 1278 906
1125 679 906
1129 576 906
1134 584 906
1152 1158 906
1171 1374 906
1181 1344 906
1197 1055 906
1221 715 906
1248 876 906
1254 770 906
1265 1044 906
522 1782 907
563 354 907
644 309 907
703 1809 907
791 331 907
833 409 907
862 1717 907
867 1710 907
879 346 907
903 1679 907
933 1665 907
985 465 907
1005 471 907
1124 1276 907
1127 1255 907
1129 1317 907
1151 1390 907
1184 820 907
1223 716 907
1249 810 907
493 1785 908
520 1781 908
568 352 908
569 352 908
677 301 908
704 1809 908
780 327 908
783 1707 908
787 422 908
790 332 908
811 1762 908
817 1671 908
822 1664 908
861 1718 908
864 348 908
965 1644 908
966 1643 908
967 1642 908
968 1641 908
1067 1497 908
1075 1485 908
1086 453 908
1103 527 908
1123 568 908
1125 1274 908
1135 586 908
1179 1316 908
1182 1256 908
1184 1277 908
1184 1278 908
1196 1056 908
1225 717 908
1249 1141 908
1250 791 908
466 1739 909
492 1785 909
580 1788 909
599 1795 909
652 1751 909
678 301 909
703 1750 909
704 1809 909
739 411 909
783 424 909
784 1705 909
789 333 909
793 423 909
812 1761 909
813 419 909
815 418 909
822 1664 909
830 1744 909
860 1719 909
885 1614 909
964 1645 909
970 1639 909
977 1634 909
984 466 909
1023 1568 909
1050 412 909
1077 596 909
1126 1271 909
1126 1272 909
1132 1222 909
1132 1223 909
1132 1224 909
1132 1225 909
1196 1057 909
1202 997 909
1248 1142 909
490 1785 910
491 1785 910
547 1730 910
581 1788 910
596 375 910
679 301 910
683 1751 910
704 1809 910
720 312 910
725 313 910
760 313 910
775 425 910
781 425 910
792 424 910
804 422 910
811 421 910
813 1760 910
822 1664 910
849 400 910
869 1707 910
870 1706 910
884 1693 910
978 1633 910
979 1632 910
983 466 910
1065 1500 910
1069 421 910
1076 1483 910
1088 460 910
1093 1445 910
1113 1423 910
1127 1268 910
1127 1269 910
1160 1384 910
1180 1318 910
1196 1058 910
1200 697 910
1235 720 910
1247 1143 910
464 1755 911
466 1738 911
488 1785 911
489 1785 911
584 1731 911
599 374 911
668 301 911
705 1809 911
749 423 911
750 1794 911
762 316 911
774 426 911
793 425 911
802 424 911
804 347 911
812 1761 911
822 1664 911
831 1744 911
860 1720 911
863 1628 911
868 1625 911
886 1613 911
905 1678 911
966 459 911
980 1631 911
1004 474 911
1067 1497 911
1128 683 911
1128 1266 911
1129 1259 911
1171 1376 911
1182 1349 911
1188 1209 911
1194 886 911
1195 887 911
1196 1059 911
1248 795 911
1264 1091 911
1266 1050 911
466 1738 912
487 1785 912
545 1729 912
640 1805 912
668 301 912
705 1809 912
712 395 912
713 396 912
747 426 912
750 1794 912
754 426 912
773 427 912
787 1701 912
794 426 912
812 1761 912
831 1744 912
836 413 912
850 401 912
859 1721 912
863 1628 912
866 349 912
877 349 912
887 1612 912
905 1678 912
932 1589 912
938 1662 912
967 460 912
973 1531 912
981 1630 912
982 1629 912
983 1628 912
1027 412 912
1129 684 912
1130 685 912
1164 1382 912
1181 1319 912
1182 1350 912
1187 1284 912
1193 885 912
1196 1060 912
485 1785 913
486 1785 913
545 1728 913
586 1730 913
587 1730 913
588 1730 913
640 1805 913
680 1752 913
766 427 913
772 428 913
788 1700 913
796 427 913
801 350 913
802 426 913
811 1762 913
831 1744 913
858 1722 913
863 1628 913
870 349 913
879 350 913
887 1612 913
932 1589 913
942 1581 913
968 461 913
984 1627 913
1041 414 913
1077 1482 913
1095 508 913
1105 529 913
1110 1425 913
1130 1325 913
1131 686 913
1166 1381 913
1185 1252 913
1186 1290 913
1187 1287 913
1201 997 913
1256 1019 913
598 1793 914
641 1805 914
670 300 914
680 300 914
753 429 914
779 430 914
780 430 914
781 430 914
782 430 914
789 1699 914
790 1698 914
796 1693 914
798 1692 914
802 427 914
810 1763 914
838 414 914
851 402 914
858 1722 914
862 1629 914
876 350 914
888 1611 914
906 1677 914
938 1661 914
942 1581 914
959 1649 914
985 1626 914
986 1625 914
1003 475 914
1011 1593 914
1059 1511 914
1068 421 914
1130 1262 914
1132 687 914
1139 595 914
1171 1377 914
1188 1214 914
1191 1204 914
1246 797 914
1256 1020 914
1260 893 914
543 1727 915
662 360 915
670 300 915
670 1813 915
677 300 915
678 300 915
679 300 915
680 300 915
681 1752 915
717 314 915
726 1742 915
752 430 915
760 321 915
778 431 915
783 431 915
791 1697 915
792 1696 915
793 1695 915
794 1694 915
814 427 915
817 1756 915
852 402 915
857 1723 915
861 1630 915
865 350 915
889 1610 915
906 1677 915
934 439 915
942 1581 915
987 1624 915
1010 412 915
1012 1592 915
1059 1512 915
1069 1494 915
1078 1479 915
1083 603 915
1092 492 915
1133 688 915
1173 1375 915
1200 697 915
1210 1172 915
1235 720 915
1243 1146 915
1254 913 915
1255 1008 915
1264 1092 915
592 1729 916
666 1812 916
671 300 916
671 1813 916
675 1812 916
676 300 916
681 300 916
682 1752 916
714 403 916
726 1742 916
750 431 916
765 326 916
784 432 916
797 431 916
814 353 916
814 428 916
857 1723 916
861 1630 916
875 351 916
890 1609 916
941 1582 916
974 1530 916
989 1504 916
1003 476 916
1014 413 916
1026 414 916
1059 1513 916
1069 423 916
1079 1477 916
1109 1426 916
1131 1261 916
1134 689 916
1174 1374 916
1186 1250 916
1190 881 916
1190 1282 916
1200 697 916
1260 961 916
1264 1093 916
462 1754 917
541 1726 917
561 394 917
593 1729 917
664 1811 917
672 300 917
680 1811 917
683 1752 917
708 1808 917
716 409 917
717 410 917
724 415 917
726 1742 917
752 1793 917
754 433 917
767 433 917
785 433 917
809 1764 917
813 429 917
821 1668 917
833 1743 917
857 1723 917
861 1630 917
907 1676 917
957 1651 917
990 1503 917
1012 413 917
1038 416 917
1068 423 917
1080 1475 917
1109 1426 917
1144 603 917
1175 1373 917
1186 1249 917
1187 1258 917
1189 1215 917
1190 879 917
1192 1201 917
1200 697 917
1236 720 917
1242 1147 917
1255 1022 917
1255 1023 917
1255 1024 917
1255 1025 917
1264 1093 917
553 399 918
554 399 918
555 399 918
558 398 918
559 397 918
587 1787 918
594 1729 918
595 1729 918
663 1810 918
673 300 918
682 300 918
684 1752 918
724 418 918
725 419 918
749 433 918
753 1792 918
755 434 918
768 434 918
769 331 918
770 332 918
786 434 918
797 434 918
813 430 918
833 418 918
861 1630 918
863 352 918
891 1608 918
907 1676 918
936 1586 918
975 1529 918
991 1502 918
1038 495 918
1091 618 918
1097 633 918
1156 1152 918
1176 1372 918
1186 801 918
1191 1280 918
1200 697 918
1237 721 918
1242 1147 918
1264 1093 918
461 1753 919
462 1740 919
596 1729 919
672 300 919
683 300 919
685 1752 919
692 374 919
725 421 919
749 434 919
753 1792 919
769 435 919
770 333 919
787 435 919
796 435 919
798 358 919
814 431 919
856 1723 919
861 1630 919
880 1694 919
885 354 919
907 1676 919
1014 1593 919
1026 416 919
1027 416 919
1060 1513 919
1089 1456 919
1090 617 919
1098 512 919
1099 516 919
1157 1151 919
1177 1371 919
1182 1326 919
1186 1301 919
1188 1259 919
1233 1153 919
1237 721 919
1254 1009 919
455 435 920
456 434 920
457 433 920
458 432 920
538 1725 920
600 1730 920
684 300 920
712 409 920
726 423 920
771 436 920
788 436 920
797 359 920
797 436 920
814 432 920
860 353 920
861 1630 920
992 1502 920
1035 417 920
1082 1468 920
1088 1459 920
1089 1457 920
1106 532 920
1135 1205 920
1192 1278 920
1202 1020 920
1237 721 920
1250 771 920
454 438 921
459 430 921
460 1753 921
589 1787 921
601 1730 921
727 1741 921
761 1729 921
774 437 921
789 437 921
814 433 921
892 1607 921
910 361 921
956 385 921
994 477 921
997 477 921
998 477 921
1005 477 921
1030 417 921
1038 496 921
1092 1451 921
1127 1410 921
1129 1409 921
1136 1203 921
1153 1396 921
1154 1395 921
1155 1394 921
1174 666 921
1186 1304 921
1189 1259 921
1192 1277 921
1193 1200 921
1201 1019 921
1237 721 921
453 440 922
455 440 922
590 1787 922
673 300 922
711 410 922
726 426 922
727 427 922
727 1741 922
728 428 922
749 437 922
757 439 922
762 1728 922
768 439 922
803 437 922
814 434 922
821 1754 922
823 1666 922
834 348 922
859 354 922
872 354 922
893 1606 922
909 361 922
941 1582 922
952 1654 922
1008 415 922
1061 1513 922
1106 533 922
1131 1408 922
1137 1201 922
1157 1393 922
1172 664 922
1173 665 922
1178 820 922
1179 1368 922
1182 1352 922
1183 1329 922
1191 689 922
1191 1215 922
1192 1276 922
1253 1009 922
451 441 923
452 441 923
456 441 923
458 427 923
460 1739 923
546 402 923
591 1787 923
686 300 923
727 1741 923
729 430 923
757 440 923
763 1727 923
767 440 923
804 438 923
812 436 923
821 1754 923
833 349 923
876 355 923
878 1695 923
956 385 923
979 1527 923
985 406 923
987 407 923
987 1623 923
994 1501 923
1016 1594 923
1075 580 923
1082 1466 923
1118 555 923
1150 1398 923
1188 686 923
1195 1005 923
1199 987 923
1245 861 923
1247 777 923
1261 1116 923
444 440 924
450 442 924
457 441 924
540 404 924
541 404 924
543 403 924
592 1787 924
729 431 924
758 441 924
767 441 924
802 439 924
804 439 924
805 439 924
806 439 924
810 1765 924
821 1754 924
834 1743 924
859 355 924
873 355 924
894 357 924
956 385 924
986 1624 924
1023 419 924
1031 419 924
1065 426 924
1119 556 924
1120 557 924
1121 558 924
1122 559 924
1123 560 924
1143 1188 924
1159 1148 924
1180 1364 924
1188 791 924
1191 1261 924
1238 722 924
1241 808 924
1245 859 924
1245 862 924
1245 863 924
1261 1118 924
1265 1089 924
442 439 925
458 441 925
511 410 925
512 409 925
520 382 925
534 1723 925
537 405 925
541 378 925
593 1787 925
628 1798 925
630 1799 925
631 1799 925
681 1753 925
683 299 925
757 442 925
764 1726 925
791 442 925
801 440 925
805 440 925
806 440 925
807 440 925
821 1754 925
846 352 925
878 356 925
893 357 925
896 1605 925
904 1678 925
915 423 925
916 424 925
917 425 925
957 386 925
985 1625 925
995 1501 925
1103 1432 925
1105 653 925
1192 1215 925
1192 1274 925
1245 866 925
1245 867 925
1258 1125 925
1260 1120 925
451 423 926
452 423 926
453 423 926
454 423 926
458 1740 926
459 440 926
526 381 926
537 379 926
555 1725 926
626 1796 926
680 1753 926
681 299 926
682 299 926
699 1809 926
700 1809 926
701 1809 926
757 443 926
764 346 926
765 1725 926
791 443 926
806 441 926
811 439 926
847 353 926
892 357 926
896 1605 926
898 1685 926
919 426 926
981 1527 926
1002 415 926
1022 420 926
1031 1439 926
1033 420 926
1063 1512 926
1064 427 926
1081 1466 926
1106 534 926
1125 563 926
1138 1262 926
1141 1193 926
1142 1190 926
1161 1392 926
1167 658 926
1168 659 926
1187 1314 926
1192 1273 926
1238 1151 926
1240 723 926
1244 855 926
1257 1128 926
442 429 927
443 428 927
444 427 927
445 426 927
446 425 927
447 424 927
448 423 927
449 422 927
450 422 927
459 1753 927
461 420 927
532 1722 927
557 1725 927
703 1809 927
709 1808 927
757 444 927
765 349 927
790 444 927
806 442 927
810 1766 927
847 354 927
848 354 927
871 357 927
897 1686 927
945 1579 927
967 469 927
982 1526 927
995 1502 927
1063 427 927
1064 1511 927
1126 565 927
1147 1401 927
1161 1145 927
1163 1391 927
1182 1357 927
1200 978 927
1200 979 927
1240 723 927
1240 816 927
1240 817 927
395 429 928
396 428 928
397 427 928
398 427 928
399 427 928
400 426 928
401 426 928
402 427 928
403 428 928
407 428 928
408 427 928
409 427 928
410 426 928
411 426 928
457 1738 928
465 417 928
546 1723 928
547 1723 928
559 1725 928
593 1786 928
611 1732 928
632 1739 928
677 299 928
687 299 928
704 1809 928
730 1739 928
758 445 928
764 445 928
790 445 928
805 443 928
838 1649 928
846 355 928
849 355 928
896 1687 928
956 469 928
983 1525 928
1004 1612 928
1035 421 928
1037 1557 928
1062 427 928
1127 567 928
1164 1391 928
1191 1301 928
1241 724 928
1243 853 928
1247 882 928
1252 896 928
1252 1012 928
1256 1131 928
395 430 929
401 425 929
457 1738 929
466 416 929
467 416 929
481 421 929
481 422 929
481 423 929
526 1720 929
527 1720 929
678 299 929
686 299 929
716 1807 929
731 1738 929
757 446 929
758 1789 929
759 446 929
760 446 929
761 446 929
762 446 929
763 446 929
780 361 929
781 361 929
804 444 929
834 1744 929
845 356 929
900 1603 929
943 470 929
947 1578 929
952 1654 929
957 470 929
964 470 929
980 1631 929
981 1630 929
984 1525 929
996 1503 929
1005 1612 929
1017 1594 929
1037 1558 929
1061 427 929
1065 1511 929
1078 585 929
1142 1190 929
1143 709 929
1165 1391 929
1192 1300 929
1252 1013 929
1255 971 929
402 424 930
416 425 930
420 430 930
456 1738 930
458 1752 930
469 415 930
481 424 930
494 419 930
495 419 930
496 419 930
497 419 930
498 419 930
499 419 930
548 1722 930
570 391 930
594 1785 930
679 299 930
684 299 930
685 299 930
687 299 930
707 1809 930
717 1807 930
747 1794 930
760 1788 930
798 446 930
834 1744 930
837 1649 930
844 357 930
950 470 930
951 470 930
979 1632 930
985 1524 930
996 1504 930
1000 480 930
1006 1612 930
1036 1560 930
1048 1539 930
1059 427 930
1060 427 930
1095 1445 930
1107 537 930
1128 569 930
1141 1264 930
1143 710 930
1144 1402 930
1151 630 930
1193 1299 930
1242 725 930
1243 854 930
1255 1133 930
1264 1088 930
394 431 931
403 423 931
416 424 931
427 437 931
455 1738 931
504 419 931
558 395 931
614 1731 931
635 1738 931
636 312 931
679 299 931
683 299 931
688 299 931
718 1807 931
733 1737 931
748 446 931
761 1787 931
798 447 931
820 1755 931
834 1744 931
837 1649 931
860 417 931
895 359 931
902 1602 931
909 1599 931
986 1523 931
1001 417 931
1018 1592 931
1033 1563 931
1034 1562 931
1048 1541 931
1073 1367 931
1107 666 931
1143 1188 931
1144 711 931
1163 1142 931
1193 1258 931
1243 785 931
1251 745 931
1251 1001 931
1264 1088 931
348 510 932
349 510 932
352 510 932
393 431 932
404 423 932
455 1738 932
487 416 932
511 418 932
517 417 932
518 416 932
548 1721 932
563 394 932
615 1731 932
635 312 932
636 1738 932
641 1742 932
678 299 932
680 299 932
681 299 932
682 299 932
689 299 932
719 1807 932
738 1735 932
739 446 932
745 1795 932
775 366 932
789 449 932
798 448 932
800 373 932
834 1744 932
837 1649 932
852 1724 932
859 418 932
904 1601 932
906 1600 932
964 393 932
987 1522 932
1000 481 932
1002 418 932
1007 1612 932
1040 1557 932
1048 1542 932
1129 573 932
1141 1283 932
1145 712 932
1164 1140 932
1168 1390 932
1212 1167 932
1240 835 932
1240 836 932
1243 855 932
1264 1088 932
350 510 933
361 511 933
362 510 933
377 507 933
378 506 933
405 423 933
429 461 933
430 461 933
433 460 933
455 1739 933
457 1752 933
481 427 933
514 418 933
520 1720 933
566 393 933
616 1731 933
635 312 933
639 1740 933
640 1741 933
677 300 933
690 299 933
705 422 933
721 1807 933
770 1781 933
773 1779 933
774 1778 933
798 449 933
826 1661 933
834 1744 933
836 1650 933
846 1733 933
858 419 933
876 1696 933
940 367 933
941 367 933
951 1576 933
972 398 933
997 1506 933
1041 1556 933
1048 1543 933
1056 561 933
1066 1510 933
1110 1350 933
1115 1348 933
1129 574 933
1144 1185 933
1165 1139 933
1169 1389 933
1178 866 933
1197 1028 933
1197 1029 933
1197 1030 933
1197 1031 933
1197 1032 933
1197 1033 933
1197 1034 933
1197 1035 933
1197 1036 933
1197 1037 933
1197 1068 933
1197 1295 933
1240 833 933
1240 834 933
1242 1148 933
1255 932 933
1255 933 933
1256 942 933
1256 943 933
1264 1088 933
376 509 934
377 508 934
403 472 934
406 423 934
421 462 934
422 462 934
423 462 934
424 462 934
426 462 934
455 1739 934
457 1752 934
482 427 934
518 1720 934
618 1731 934
637 1738 934
638 1739 934
691 299 934
704 423 934
706 1810 934
723 1806 934
725 1805 934
729 1803 934
731 1802 934
733 1801 934
735 1800 934
740 1798 934
787 450 934
791 450 934
798 450 934
810 1765 934
834 1744 934
835 1651 934
853 421 934
857 420 934
858 1633 934
862 1629 934
876 1696 934
895 1689 934
957 1650 934
959 1649 934
961 1648 934
962 1647 934
963 1646 934
964 1645 934
965 1644 934
973 399 934
974 1636 934
997 1507 934
1021 1586 934
1042 1555 934
1079 588 934
1142 1283 934
1145 1184 934
1168 1135 934
1169 1134 934
1170 1388 934
1178 867 934
1178 868 934
1194 1258 934
1195 1215 934
1196 1067 934
1242 1148 934
1246 885 934
1253 975 934
1259 1066 934
357 514 935
370 512 935
376 510 935
381 500 935
381 501 935
381 502 935
404 473 935
416 461 935
425 462 935
455 1739 935
457 1752 935
482 427 935
486 412 935
514 418 935
619 1731 935
635 313 935
637 1738 935
692 300 935
728 1804 935
819 446 935
819 1755 935
834 1652 935
838 361 935
842 361 935
854 1721 935
862 1629 935
899 360 935
926 1664 935
944 368 935
966 1643 935
973 400 935
973 1637 935
999 482 935
1007 1613 935
1043 1554 935
1049 1543 935
1067 1507 935
1069 1370 935
1114 548 935
1149 1173 935
1171 1132 935
1171 1387 935
1178 869 935
1178 870 935
1187 783 935
1189 1338 935
1195 1066 935
1195 1216 935
1198 1293 935
1217 710 935
1243 1147 935
1247 735 935
1249 903 935
1251 1016 935
1253 975 935
1255 947 935
1259 1066 935
1264 1089 935
357 515 936
363 517 936
365 491 936
366 491 936
371 487 936
372 486 936
373 486 936
374 486 936
374 512 936
377 485 936
378 485 936
379 485 936
379 492 936
380 485 936
380 486 936
380 487 936
380 488 936
380 489 936
380 490 936
381 484 936
381 494 936
382 483 936
383 482 936
384 481 936
385 480 936
386 479 936
387 478 936
388 477 936
389 476 936
390 475 936
391 474 936
392 473 936
393 472 936
394 471 936
395 470 936
396 469 936
397 468 936
399 467 936
402 465 936
403 464 936
404 463 936
405 462 936
406 461 936
407 460 936
408 459 936
420 418 936
455 1739 936
508 418 936
516 1719 936
573 390 936
577 389 936
582 388 936
620 1731 936
636 313 936
636 1737 936
691 300 936
751 355 936
752 356 936
755 361 936
807 450 936
808 450 936
831 362 936
832 362 936
833 1653 936
842 1645 936
854 1721 936
855 1635 936
863 1628 936
915 1597 936
954 1575 936
968 1641 936
972 1638 936
1069 1370 936
1086 1457 936
1087 1456 936
1088 1455 936
1107 1351 936
1143 1282 936
1151 1166 936
1152 1162 936
1153 1160 936
1156 638 936
1178 871 936
1178 872 936
1192 1242 936
1195 1216 936
1195 1259 936
1196 1022 936
1244 1146 936
1246 733 936
1251 1017 936
1257 1052 936
1259 1066 936
357 516 937
362 517 937
364 492 937
364 517 937
367 490 937
370 488 937
373 513 937
420 417 937
455 1739 937
515 417 937
621 1731 937
635 1736 937
637 313 937
706 439 937
713 439 937
754 362 937
831 441 937
832 1654 937
834 440 937
843 1644 937
844 1643 937
894 1690 937
946 369 937
1032 1439 937
1036 502 937
1053 429 937
1089 1454 937
1092 460 937
1097 647 937
1137 594 937
1138 596 937
1145 1402 937
1157 1153 937
1158 641 937
1173 1129 937
1179 876 937
1180 878 937
1185 788 937
1194 1064 937
1195 1215 937
1209 1171 937
1239 831 937
1244 1146 937
1247 756 937
1259 1065 937
1259 1066 937
386 502 938
455 1738 938
468 1784 938
505 1719 938
517 416 938
520 415 938
551 1719 938
600 338 938
622 1731 938
625 321 938
634 1735 938
638 313 938
685 1754 938
693 301 938
703 1812 938
753 364 938
827 363 938
828 1659 938
831 1655 938
845 1642 938
864 1627 938
894 1690 938
947 370 938
971 1561 938
990 482 938
991 482 938
992 482 938
998 1509 938
1032 1439 938
1034 428 938
1063 1389 938
1068 1504 938
1069 1371 938
1090 1453 938
1091 1452 938
1173 1385 938
1174 1128 938
1175 1127 938
1191 1339 938
1194 1064 938
1239 832 938
1244 1146 938
1257 1053 938
1259 1067 938
373 514 939
422 414 939
456 1737 939
468 1784 939
470 400 939
513 1718 939
585 387 939
598 339 939
599 338 939
624 1731 939
633 1734 939
639 313 939
686 1754 939
702 1812 939
720 327 939
746 458 939
747 458 939
748 458 939
752 457 939
754 367 939
762 457 939
777 376 939
796 382 939
830 1656 939
837 1742 939
846 1641 939
847 1640 939
894 1690 939
971 1561 939
988 481 939
1007 1614 939
1025 428 939
1032 1439 939
1040 429 939
1053 430 939
1092 1451 939
1093 1450 939
1145 1276 939
1151 621 939
1174 1384 939
1176 1126 939
1178 1125 939
1194 1064 939
1194 1246 939
1196 1261 939
1242 861 939
1257 1054 939
1258 1057 939
1259 1067 939
358 516 940
361 516 940
422 413 940
469 1784 940
625 1731 940
640 313 940
693 302 940
738 337 940
744 370 940
755 458 940
756 370 940
759 458 940
760 458 940
761 458 940
763 458 940
764 458 940
777 377 940
784 1710 940
837 364 940
838 1741 940
848 1639 940
957 1574 940
999 1509 940
1052 1540 940
1092 1358 940
1099 1354 940
1101 512 940
1149 1399 940
1150 620 940
1157 1152 940
1178 934 940
1181 1123 940
1193 1231 940
1194 1064 940
1196 1201 940
1245 1145 940
1255 928 940
357 515 941
362 515 941
398 431 941
422 412 941
455 1750 941
469 1784 941
552 1774 941
553 1718 941
626 318 941
626 1731 941
701 1812 941
756 459 941
758 459 941
762 378 941
777 378 941
809 1765 941
838 1741 941
864 1626 941
895 1689 941
917 1672 941
920 1595 941
1007 1615 941
1027 429 941
1078 1367 941
1083 594 941
1085 1363 941
1090 1359 941
1095 484 941
1102 513 941
1144 1288 941
1193 1342 941
1195 1248 941
1246 761 941
1246 762 941
1255 927 941
1258 1066 941
1262 1083 941
368 502 942
369 501 942
422 411 942
455 1737 942
477 397 942
501 1718 942
502 1718 942
554 1718 942
627 318 942
627 1731 942
631 1732 942
689 419 942
689 420 942
689 421 942
694 303 942
758 379 942
767 459 942
778 380 942
785 1708 942
808 1765 942
959 1573 942
1000 1509 942
1007 1615 942
1032 430 942
1046 1555 942
1071 1494 942
1071 1495 942
1071 1496 942
1077 1368 942
1084 1364 942
1126 1412 942
1142 1298 942
1144 1225 942
1144 1290 942
1158 1152 942
1195 1064 942
1201 1287 942
1243 880 942
1243 881 942
1250 1018 942
423 410 943
476 395 943
491 1774 943
497 1718 943
500 1718 943
628 1731 943
686 1754 943
695 304 943
774 459 943
778 382 943
808 1765 943
814 453 943
843 1736 943
866 1625 943
919 1671 943
922 1594 943
926 360 943
1000 1510 943
1006 423 943
1007 1615 943
1046 1556 943
1063 1388 943
1076 1369 943
1081 591 943
1094 1447 943
1141 1302 943
1141 1305 943
1141 1307 943
1141 1308 943
1144 1224 943
1159 1151 943
1186 1119 943
1187 1118 943
1194 1344 943
1194 1345 943
1197 1201 943
1197 1267 943
1201 1286 943
1248 1143 943
1251 981 943
1262 1088 943
377 515 944
423 409 944
454 1750 944
470 1783 944
472 393 944
498 1718 944
499 1718 944
555 1775 944
672 403 944
673 404 944
674 405 944
695 304 944
772 460 944
806 455 944
808 1765 944
819 453 944
825 452 944
829 1659 944
840 1739 944
961 1572 944
1007 1615 944
1034 431 944
1053 527 944
1057 1531 944
1144 1223 944
1154 1396 944
1156 1395 944
1160 1150 944
1196 677 944
1201 1286 944
1239 813 944
1239 814 944
1242 868 944
1249 1142 944
377 515 945
473 392 945
475 392 945
498 1718 945
556 1775 945
605 1782 945
630 1731 945
721 451 945
771 461 945
782 459 945
787 1705 945
794 458 945
797 458 945
798 458 945
808 1765 945
828 451 945
841 1738 945
851 1637 945
923 359 945
977 1560 945
1001 1510 945
1006 424 945
1013 1491 945
1053 1539 945
1058 1529 945
1059 1527 945
1072 1373 945
1073 1372 945
1103 1352 945
1129 1411 945
1158 1394 945
1160 1393 945
1194 1350 945
1200 678 945
1201 1286 945
1239 812 945
1250 1141 945
453 1749 946
474 391 946
497 1718 946
499 1773 946
510 1773 946
511 1773 946
512 1773 946
513 1773 946
557 1775 946
558 1775 946
605 383 946
606 383 946
606 1782 946
675 412 946
700 1813 946
770 462 946
793 388 946
794 388 946
808 1765 946
851 1637 946
854 364 946
859 363 946
921 1670 946
980 411 946
1000 485 946
1047 1557 946
1194 1353 946
1201 1284 946
1201 1285 946
1201 1287 946
1243 768 946
471 1782 947
514 1773 947
515 1773 947
516 1773 947
517 1773 947
518 1773 947
519 1773 947
559 1775 947
560 1775 947
572 359 947
607 1782 947
688 427 947
694 306 947
699 1813 947
710 1750 947
719 452 947
769 463 947
804 458 947
807 1765 947
922 358 947
925 1593 947
1002 1509 947
1007 425 947
1012 1491 947
1049 434 947
1053 1540 947
1084 452 947
1123 561 947
1168 822 947
1168 1389 947
1174 1387 947
1198 1272 947
1201 1288 947
1258 1135 947
426 408 948
520 1714 948
561 1775 948
608 1782 948
663 411 948
678 307 948
688 428 948
719 453 948
768 464 948
789 1702 948
807 1765 948
854 435 948
907 1678 948
1001 486 948
1008 426 948
1048 434 948
1064 1384 948
1067 1379 948
1122 560 948
1144 1220 948
1167 821 948
1178 801 948
1193 1358 948
1199 1197 948
1200 1191 948
1201 1290 948
1239 836 948
1240 726 948
1245 728 948
1250 1017 948
1253 923 948
520 1714 949
562 1775 949
662 411 949
692 307 949
748 1725 949
766 465 949
767 465 949
788 391 949
790 463 949
808 1764 949
854 366 949
858 365 949
884 1612 949
907 1678 949
924 357 949
1000 486 949
1047 434 949
1047 1558 949
1053 1541 949
1065 1382 949
1071 1495 949
1083 451 949
1108 1350 949
1144 1220 949
1169 839 949
1176 1386 949
1193 1360 949
1197 1319 949
1198 1274 949
1199 1279 949
1238 725 949
1246 729 949
428 407 950
473 1781 950
556 1714 950
563 1775 950
633 1730 950
660 1807 950
760 466 950
765 466 950
766 466 950
767 466 950
768 466 950
778 465 950
790 464 950
804 460 950
857 366 950
868 1622 950
907 1678 950
923 1669 950
925 357 950
928 1665 950
1002 1621 950
1003 1620 950
1004 1619 950
1005 1618 950
1030 1439 950
1045 434 950
1045 1406 950
1046 434 950
1053 1541 950
1071 1496 950
1082 450 950
1110 1349 950
1144 1219 950
1193 992 950
1193 1362 950
1238 839 950
1249 989 950
564 1775 951
600 337 951
605 335 951
661 1808 951
697 1814 951
710 453 951
713 454 951
713 1747 951
751 468 951
761 467 951
764 467 951
765 467 951
766 467 951
767 467 951
769 467 951
777 393 951
779 466 951
789 465 951
792 1700 951
794 392 951
856 367 951
884 1611 951
924 357 951
925 1668 951
931 1663 951
1000 1622 951
1005 1618 951
1039 434 951
1040 434 951
1044 1407 951
1053 1541 951
1062 1387 951
1081 449 951
1108 1430 951
1127 578 951
1128 580 951
1144 1219 951
1178 1385 951
1193 991 951
1203 1300 951
1223 1160 951
1224 1159 951
1249 1016 951
1252 921 951
529 1771 952
557 1713 952
596 338 952
661 1808 952
697 1814 952
739 468 952
745 468 952
762 468 952
763 468 952
766 468 952
770 468 952
776 394 952
778 467 952
779 467 952
780 467 952
782 394 952
788 466 952
817 386 952
846 1733 952
855 368 952
883 360 952
923 1669 952
1004 1509 952
1011 1491 952
1047 1559 952
1053 1541 952
1059 569 952
1064 1518 952
1070 1504 952
1080 448 952
1086 610 952
1114 1348 952
1156 728 952
1190 1020 952
1192 1366 952
1197 1250 952
1198 1276 952
1198 1342 952
1200 1327 952
1200 1328 952
1200 1329 952
1200 1330 952
1201 1230 952
1203 1301 952
1222 1161 952
1249 990 952
431 406 953
525 1712 953
530 1771 953
558 1713 953
566 1774 953
594 339 953
642 1796 953
661 1808 953
690 439 953
691 440 953
734 469 953
735 469 953
736 469 953
737 469 953
738 469 953
750 1722 953
775 395 953
778 468 953
779 468 953
781 468 953
783 395 953
793 1699 953
847 1732 953
929 1591 953
1000 487 953
1045 1405 953
1049 543 953
1053 1541 953
1070 1505 953
1070 1506 953
1079 447 953
1116 1348 953
1155 728 953
1190 1020 953
1192 1367 953
1200 1331 953
1200 1332 953
1203 1302 953
1203 1303 953
1221 1162 953
1251 955 953
491 420 954
493 1717 954
531 1771 954
593 340 954
614 1781 954
642 1796 954
661 1808 954
691 441 954
694 312 954
707 454 954
742 469 954
775 396 954
777 469 954
778 469 954
782 469 954
783 396 954
807 1764 954
816 388 954
822 460 954
823 460 954
824 460 954
837 371 954
847 1732 954
882 1611 954
921 1670 954
944 466 954
945 467 954
978 414 954
1006 1617 954
1046 1404 954
1053 1541 954
1064 443 954
1068 1509 954
1077 445 954
1078 446 954
1110 1429 954
1145 1201 954
1191 1369 954
1194 987 954
1198 1046 954
1198 1047 954
1200 1320 954
1200 1333 954
1250 916 954
1255 1133 954
431 405 955
474 1780 955
492 1717 955
527 1711 955
532 1771 955
559 1712 955
615 1781 955
642 1796 955
691 442 955
695 313 955
696 314 955
774 397 955
777 470 955
783 397 955
783 470 955
819 461 955
820 461 955
826 460 955
836 372 955
847 1732 955
979 415 955
1013 1488 955
1046 1404 955
1047 1561 955
1053 1541 955
1072 444 955
1073 444 955
1074 444 955
1111 1428 955
1123 676 955
1143 727 955
1144 727 955
1145 1200 955
1191 1370 955
1197 1056 955
1197 1057 955
1199 1338 955
432 405 956
474 1780 956
480 427 956
491 1717 956
502 417 956
533 1771 956
560 1712 956
568 1773 956
643 1797 956
662 1809 956
692 444 956
693 445 956
741 470 956
774 398 956
776 471 956
784 398 956
795 1697 956
806 1764 956
818 462 956
835 373 956
847 1732 956
850 372 956
850 439 956
854 1633 956
879 1612 956
881 1611 956
892 1691 956
941 462 956
980 416 956
1047 1562 956
1053 1541 956
1091 476 956
1094 625 956
1128 726 956
1129 726 956
1130 726 956
1131 726 956
1132 726 956
1141 727 956
1142 727 956
1145 1199 956
1197 1274 956
1202 1071 956
1203 1306 956
1238 853 956
1248 1017 956
1252 951 956
1252 952 956
1254 1062 956
432 405 957
486 1720 957
490 1717 957
561 1712 957
618 1782 957
643 1797 957
662 1809 957
697 316 957
737 393 957
763 472 957
773 399 957
775 472 957
784 399 957
814 391 957
815 463 957
834 374 957
836 373 957
845 445 957
847 1732 957
855 1632 957
867 1622 957
877 1614 957
878 1613 957
881 1611 957
919 1671 957
940 461 957
964 1570 957
1009 1498 957
1047 1404 957
1057 1394 957
1095 500 957
1145 1199 957
1183 1382 957
1188 1377 957
1203 1307 957
1235 805 957
1252 949 957
1252 950 957
489 1717 958
530 1709 958
619 1782 958
644 1798 958
662 1809 958
741 1798 958
755 1718 958
762 473 958
814 392 958
833 375 958
836 374 958
856 1631 958
865 1623 958
891 1692 958
919 1671 958
939 460 958
998 488 958
1015 1486 958
1120 559 958
1137 1408 958
1145 1198 958
1169 856 958
1178 882 958
1180 886 958
1189 1376 958
1190 1374 958
1195 982 958
1203 1308 958
1244 787 958
1249 912 958
1250 985 958
539 1769 959
540 1769 959
606 1722 959
620 1782 959
637 1728 959
662 1809 959
696 1813 959
698 318 959
742 1798 959
743 1798 959
744 1798 959
756 1717 959
788 473 959
833 376 959
844 447 959
857 1630 959
864 1624 959
883 1610 959
891 1692 959
956 490 959
957 490 959
958 490 959
959 490 959
960 490 959
961 490 959
962 490 959
963 490 959
964 490 959
965 490 959
967 490 959
968 490 959
969 490 959
1008 1502 959
1120 559 959
1179 884 959
1180 887 959
1236 856 959
1243 788 959
1253 1061 959
484 1719 960
562 1711 960
570 1772 960
621 1782 960
645 1798 960
663 1809 960
697 1813 960
698 319 960
742 400 960
744 401 960
757 1716 960
759 1715 960
789 474 960
790 474 960
791 474 960
794 474 960
835 376 960
858 1629 960
859 1628 960
860 1627 960
861 1626 960
863 1625 960
883 1610 960
892 1691 960
918 1671 960
938 1588 960
940 1587 960
941 1658 960
943 1586 960
959 1576 960
960 1575 960
961 1574 960
966 490 960
977 489 960
997 488 960
1036 436 960
1053 1542 960
1141 1406 960
1184 895 960
1184 1382 960
1191 1373 960
1201 682 960
485 1718 961
563 1711 961
571 1772 961
610 1719 961
622 1782 961
663 1809 961
698 320 961
758 1715 961
762 475 961
772 475 961
792 475 961
793 475 961
795 475 961
807 1762 961
831 1658 961
835 377 961
846 1733 961
892 1691 961
944 1657 961
956 1579 961
977 1637 961
1006 1618 961
1014 433 961
1051 1401 961
1115 1425 961
1143 1405 961
1145 1404 961
1151 1277 961
1183 1011 961
1198 1253 961
1247 911 961
486 1717 962
564 1711 962
611 1719 962
612 1719 962
623 1782 962
639 1728 962
663 1809 962
697 321 962
759 1714 962
796 475 962
842 450 962
893 1690 962
978 1637 962
1006 1618 962
1007 1506 962
1032 1441 962
1052 1400 962
1053 1543 962
1087 1466 962
1088 1464 962
1116 1424 962
1117 1423 962
1118 1422 962
1183 1384 962
1198 1254 962
1237 1147 962
1249 982 962
1249 1046 962
487 1716 963
509 418 963
565 1711 963
613 1719 963
614 1719 963
615 1719 963
616 1719 963
624 1782 963
699 1810 963
702 338 963
761 1712 963
858 1720 963
859 1719 963
860 1718 963
893 1690 963
917 1671 963
929 376 963
931 378 963
1006 1618 963
1007 1507 963
1032 1442 963
1053 1544 963
1086 1469 963
1087 1467 963
1089 1462 963
1119 1421 963
1120 561 963
1174 809 963
1192 1373 963
1198 1255 963
1198 1256 963
1249 1046 963
1251 940 963
472 1722 964
488 1715 964
547 360 964
548 359 964
551 358 964
557 357 964
568 1711 964
569 1711 964
570 1711 964
581 347 964
588 345 964
617 1719 964
625 1782 964
637 1727 964
648 1798 964
694 455 964
699 334 964
701 337 964
703 341 964
764 477 964
809 1760 964
831 1657 964
857 1721 964
863 1714 964
918 446 964
948 1654 964
949 1653 964
967 1569 964
980 1636 964
1007 1508 964
1029 1586 964
1032 1442 964
1053 1545 964
1077 597 964
1090 1459 964
1120 1420 964
1146 1193 964
1187 916 964
1198 1257 964
1206 1200 964
1238 875 964
1239 1146 964
1245 1018 964
1250 976 964
1251 939 964
1251 1133 964
1266 1097 964
453 1730 965
459 1787 965
470 1723 965
489 1714 965
504 419 965
552 358 965
560 357 965
571 399 965
618 1719 965
626 1782 965
663 1808 965
674 1749 965
735 474 965
834 381 965
846 1733 965
864 1713 965
865 1712 965
887 1607 965
894 1689 965
919 447 965
950 1652 965
951 1651 965
952 1650 965
980 1636 965
1006 1618 965
1010 433 965
1032 1442 965
1040 437 965
1044 1568 965
1085 1472 965
1121 1419 965
1146 1192 965
1187 917 965
1188 919 965
1192 1374 965
1198 1257 965
1237 871 965
1250 975 965
452 1730 966
486 388 966
496 388 966
573 1770 966
619 1719 966
627 1782 966
635 1726 966
704 345 966
727 474 966
727 1736 966
728 474 966
729 474 966
753 1795 966
754 1794 966
777 1779 966
780 412 966
809 1759 966
834 382 966
866 1711 966
867 1710 966
888 1607 966
894 1689 966
980 1636 966
1001 1536 966
1032 1442 966
1037 508 966
1053 1548 966
1152 1401 966
1154 1400 966
1192 1374 966
1193 933 966
1203 1309 966
1229 838 966
1245 1006 966
1245 1007 966
1250 974 966
1255 1070 966
451 1730 967
458 1788 967
467 1724 967
536 1706 967
581 348 967
628 1782 967
692 458 967
704 346 967
705 348 967
712 473 967
716 474 967
717 474 967
718 474 967
719 474 967
720 474 967
721 474 967
728 1735 967
729 1734 967
762 479 967
771 479 967
779 413 967
831 1656 967
835 461 967
868 1709 967
888 1607 967
947 391 967
980 1636 967
1001 1536 967
1003 490 967
1011 434 967
1018 1606 967
1032 1442 967
1110 639 967
1162 1395 967
1203 1309 967
1230 843 967
1230 844 967
1242 738 967
1248 1048 967
443 1736 968
450 1730 968
453 1788 968
454 1788 968
455 1788 968
456 1788 968
457 1788 968
465 1725 968
517 417 968
522 416 968
552 406 968
573 1769 968
629 1782 968
641 1728 968
650 1798 968
656 312 968
657 312 968
673 1748 968
692 459 968
751 479 968
757 1792 968
758 1791 968
763 480 968
764 480 968
765 480 968
766 1708 968
795 1689 968
810 1757 968
831 386 968
846 1733 968
853 1725 968
945 389 968
946 390 968
948 392 968
980 1636 968
1019 1605 968
1027 1594 968
1032 1442 968
1042 438 968
1043 1571 968
1082 1477 968
1111 640 968
1120 562 968
1250 1055 968
1260 1114 968
449 1730 969
452 1788 969
475 1780 969
536 1705 969
554 406 969
557 1765 969
561 405 969
578 1710 969
579 1710 969
630 1782 969
642 1729 969
693 460 969
706 354 969
752 480 969
759 1790 969
767 416 969
767 1707 969
773 416 969
780 1777 969
792 1691 969
793 1690 969
802 1686 969
829 388 969
949 393 969
950 394 969
951 395 969
952 396 969
953 397 969
1005 1620 969
1020 1604 969
1026 1596 969
1032 1442 969
1037 509 969
1052 1551 969
1079 1484 969
1080 1482 969
1099 1441 969
1126 1415 969
1154 624 969
1159 1397 969
1180 1388 969
1229 1154 969
1240 894 969
1243 902 969
1243 903 969
1243 904 969
1257 1077 969
430 406 970
451 1788 970
476 1779 970
529 415 970
548 408 970
623 1720 970
642 1729 970
651 1798 970
665 1807 970
763 1786 970
766 417 970
767 417 970
768 417 970
768 1706 970
772 417 970
811 1755 970
818 471 970
828 390 970
847 1731 970
954 398 970
1004 491 970
1032 1442 970
1042 1573 970
1044 1423 970
1071 1502 970
1098 1443 970
1179 1389 970
1197 1257 970
1228 1155 970
1240 1147 970
1241 737 970
1249 970 970
450 1788 971
476 1779 971
488 1769 971
547 409 971
560 1765 971
672 1747 971
678 451 971
706 358 971
734 1728 971
764 1785 971
765 418 971
769 1705 971
774 1702 971
775 480 971
789 1693 971
804 408 971
831 1655 971
840 459 971
849 1728 971
962 407 971
963 408 971
972 1566 971
988 425 971
1025 1598 971
1032 1442 971
1044 1423 971
1052 1552 971
1070 1505 971
1072 1498 971
1132 585 971
1133 586 971
1134 587 971
1135 588 971
1136 589 971
1137 591 971
1148 1266 971
1181 1007 971
1197 1258 971
1240 1147 971
449 1788 972
456 445 972
477 1778 972
508 420 972
534 414 972
546 410 972
584 1711 972
590 346 972
666 1807 972
685 317 972
693 462 972
706 363 972
764 419 972
768 1782 972
778 418 972
806 1682 972
840 460 972
891 1690 972
964 409 972
965 410 972
972 1566 972
990 426 972
1022 1602 972
1039 439 972
1040 1577 972
1064 573 972
1081 1479 972
1099 504 972
1139 595 972
1157 626 972
1181 1006 972
1191 1377 972
1197 1259 972
1252 935 972
436 1742 973
442 1748 973
449 1788 973
455 446 973
478 1777 973
524 418 973
540 1704 973
545 411 973
585 1711 973
671 1746 973
678 459 973
684 317 973
706 366 973
735 1726 973
763 420 973
780 1698 973
782 1697 973
784 1774 973
807 1681 973
891 1690 973
914 1671 973
965 411 973
970 415 973
973 417 973
1002 1532 973
1010 435 973
1040 1578 973
1068 581 973
1068 1511 973
1098 1358 973
1133 1411 973
1148 1183 973
1181 1005 973
1191 959 973
1197 1261 973
1241 1146 973
436 1743 974
437 1729 974
450 1788 974
454 447 974
469 1782 974
479 1776 974
498 1709 974
568 1765 974
586 1711 974
667 1807 974
681 460 974
683 317 974
736 1725 974
737 1724 974
785 1773 974
808 1680 974
831 1654 974
840 461 974
975 419 974
992 491 974
993 429 974
996 491 974
1002 1532 974
1032 1442 974
1140 597 974
1148 1182 974
1178 1391 974
1181 1004 974
1197 1262 974
1233 718 974
1244 1002 974
433 402 975
435 1740 975
436 1744 975
441 1749 975
451 1788 975
468 1782 975
484 1771 975
523 361 975
536 361 975
582 1768 975
583 1768 975
587 1711 975
592 346 975
668 1807 975
672 1746 975
682 317 975
705 370 975
738 1723 975
754 484 975
809 1679 975
975 1564 975
994 430 975
1002 1622 975
1032 1442 975
1135 1410 975
1148 1181 975
1172 862 975
1199 1349 975
1199 1350 975
1241 721 975
441 401 976
442 401 976
443 401 976
444 401 976
451 449 976
452 1788 976
467 1782 976
522 362 976
584 1768 976
619 314 976
620 314 976
669 1807 976
681 317 976
739 1722 976
765 422 976
769 422 976
931 1660 976
975 1564 976
986 491 976
1002 1622 976
1032 1442 976
1039 1580 976
1067 1513 976
1094 1361 976
1148 1180 976
1160 630 976
1170 806 976
1177 1392 976
1196 1361 976
1198 1353 976
1200 1341 976
1247 970 976
438 401 977
439 401 977
440 401 977
489 431 977
492 1706 977
550 412 977
585 1768 977
593 346 977
621 314 977
629 1721 977
669 1807 977
704 372 977
740 1721 977
764 485 977
766 423 977
768 423 977
787 1771 977
831 1653 977
878 1701 977
887 1607 977
889 1691 977
911 1673 977
934 1659 977
994 492 977
1032 1442 977
1036 440 977
1050 1406 977
1138 1408 977
1190 1379 977
1196 1363 977
1200 1300 977
1200 1340 977
1241 745 977
1246 924 977
1259 1116 977
442 451 978
480 1714 978
488 432 978
517 1761 978
586 1768 978
587 1768 978
594 346 978
599 1714 978
622 314 978
623 314 978
630 1721 978
670 1807 978
680 318 978
703 374 978
740 1721 978
755 486 978
766 424 978
782 1773 978
831 1653 978
911 1673 978
1015 438 978
1016 438 978
1029 440 978
1035 440 978
1045 1417 978
1063 1522 978
1066 1515 978
1135 1231 978
1148 1179 978
1177 1127 978
1180 768 978
1180 1001 978
1196 1364 978
1259 1116 978
432 1738 979
450 451 979
481 1713 979
489 378 979
518 1761 979
534 363 979
546 1701 979
588 1768 979
624 314 979
671 1807 979
679 318 979
704 384 979
708 390 979
710 393 979
757 487 979
886 1607 979
911 1673 979
1010 494 979
1023 1604 979
1025 440 979
1047 538 979
1088 1365 979
1117 650 979
1134 681 979
1140 1407 979
1148 1178 979
1169 804 979
1177 1126 979
1189 1380 979
1190 959 979
1242 1003 979
1259 1116 979
440 452 980
449 452 980
486 433 980
487 378 980
505 372 980
517 422 980
521 364 980
526 421 980
546 1701 980
553 413 980
589 1768 980
600 343 980
625 314 980
632 1722 980
634 313 980
635 313 980
654 1796 980
672 1807 980
678 318 980
702 476 980
763 487 980
789 1769 980
799 419 980
852 1723 980
886 1607 980
939 1657 980
978 1562 980
999 1624 980
1023 1604 980
1039 1579 980
1047 1563 980
1048 539 980
1053 1402 980
1065 1518 980
1085 1367 980
1142 1406 980
1177 1125 980
1177 1393 980
1189 1380 980
1196 1227 980
1199 1292 980
1201 1334 980
1245 980 980
1246 974 980
1248 1138 980
1259 1116 980
434 452 981
435 452 981
450 452 981
461 1783 981
482 434 981
486 378 981
488 433 981
505 371 981
546 1701 981
590 1768 981
642 314 981
642 400 981
643 314 981
643 401 981
644 314 981
645 314 981
646 314 981
647 314 981
648 314 981
649 314 981
650 314 981
651 314 981
652 314 981
653 314 981
653 1795 981
654 314 981
655 314 981
671 1744 981
673 1807 981
676 317 981
677 317 981
729 1801 981
742 1719 981
757 1785 981
778 1774 981
798 420 981
841 465 981
853 1722 981
879 1700 981
886 1607 981
1023 1604 981
1034 441 981
1045 1415 981
1046 1413 981
1049 540 981
1054 1401 981
1082 1473 981
1083 1471 981
1108 529 981
1111 546 981
1144 1405 981
1148 1177 981
1189 1380 981
1194 1369 981
1196 1227 981
1198 1269 981
1199 1291 981
1201 1322 981
1201 1323 981
1243 1038 981
1243 1039 981
1243 1040 981
1249 951 981
1259 1117 981
430 1735 982
433 1730 982
450 452 982
458 1784 982
484 434 982
486 378 982
489 433 982
518 423 982
535 1760 982
590 1768 982
602 342 982
625 314 982
658 315 982
659 315 982
660 315 982
664 316 982
668 317 982
669 317 982
670 317 982
671 317 982
672 317 982
673 317 982
674 317 982
675 317 982
724 486 982
743 1718 982
758 1784 982
791 422 982
797 483 982
840 466 982
853 1722 982
860 376 982
883 1695 982
884 1694 982
886 1607 982
942 1656 982
993 493 982
1003 1527 982
1023 1604 982
1032 1443 982
1046 1566 982
1050 541 982
1055 1400 982
1056 1398 982
1082 1369 982
1084 1468 982
1145 1263 982
1146 1404 982
1176 1394 982
1178 1123 982
1193 667 982
1196 1227 982
1198 1270 982
1199 1290 982
1201 1328 982
1201 1329 982
430 1734 983
435 1750 983
450 452 983
486 378 983
515 1702 983
516 1702 983
517 1702 983
536 1760 983
591 1768 983
624 314 983
721 409 983
723 487 983
725 487 983
744 1717 983
759 1783 983
770 429 983
792 1767 983
802 483 983
810 482 983
811 482 983
812 482 983
817 482 983
818 482 983
819 482 983
820 482 983
821 482 983
822 482 983
823 482 983
832 1651 983
862 444 983
910 1674 983
941 478 983
974 492 983
977 493 983
981 1560 983
988 493 983
989 493 983
1023 1604 983
1032 1443 983
1040 1577 983
1057 1397 983
1061 1391 983
1064 1387 983
1069 453 983
1069 1381 983
1070 1380 983
1071 1379 983
1072 1378 983
1075 1375 983
1076 1374 983
1077 1373 983
1078 1372 983
1176 1394 983
1177 773 983
1177 774 983
1178 1123 983
1199 1289 983
1199 1313 983
1257 1083 983
410 428 984
434 1750 984
450 452 984
498 371 984
511 425 984
520 424 984
522 366 984
526 423 984
538 1760 984
539 1760 984
605 1713 984
623 314 984
691 472 984
721 488 984
722 488 984
726 488 984
745 1716 984
753 490 984
760 1782 984
763 490 984
769 430 984
772 1776 984
793 1766 984
794 423 984
832 1651 984
853 1721 984
862 445 984
878 1700 984
886 1607 984
890 1606 984
973 492 984
979 493 984
999 1625 984
1004 1524 984
1005 494 984
1023 1604 984
1068 452 984
1073 1377 984
1074 1376 984
1079 1477 984
1128 1345 984
1144 1261 984
1175 642 984
1188 1381 984
1198 669 984
1199 1289 984
1225 1159 984
391 436 985
410 428 985
450 452 985
507 1703 985
508 371 985
508 426 985
513 1701 985
522 424 985
541 1760 985
606 1713 985
636 1723 985
644 1785 985
673 1743 985
688 471 985
719 489 985
720 489 985
727 489 985
728 489 985
746 1715 985
761 1781 985
827 1741 985
832 1651 985
877 1701 985
891 1606 985
945 1655 985
972 492 985
999 1625 985
1007 1517 985
1067 451 985
1122 1419 985
1149 1403 985
1174 641 985
1197 1272 985
1198 1311 985
1199 1288 985
1207 672 985
1230 784 985
1247 1140 985
1248 1139 985
393 434 986
395 433 986
409 429 986
481 1710 986
500 372 986
523 367 986
542 1760 986
551 1761 986
552 1761 986
586 397 986
607 1713 986
654 438 986
673 1743 986
718 490 986
721 1736 986
722 1735 986
729 490 986
747 1714 986
763 491 986
794 1765 986
833 1650 986
865 445 986
918 1595 986
971 492 986
1022 1605 986
1038 442 986
1044 1417 986
1066 450 986
1143 1259 986
1146 596 986
1149 1172 986
1175 778 986
1181 993 986
1183 1048 986
1187 1382 986
1192 1373 986
1199 1288 986
1208 673 986
1209 674 986
1231 782 986
1245 980 986
1247 1140 986
409 430 987
428 1746 987
459 1783 987
510 372 987
554 1761 987
574 358 987
577 357 987
580 356 987
608 1713 987
642 1783 987
648 1788 987
649 1789 987
650 1790 987
651 1791 987
652 437 987
676 1808 987
724 1733 987
730 491 987
748 1713 987
752 492 987
763 1779 987
795 1764 987
816 1668 987
828 1741 987
872 371 987
884 1608 987
909 449 987
948 1654 987
972 1641 987
1012 1613 987
1057 1536 987
1122 1347 987
1182 1047 987
1192 1373 987
1194 1230 987
1197 1309 987
1199 1288 987
1217 1167 987
1225 1160 987
1231 779 987
1231 780 987
1238 1027 987
1245 980 987
1246 1141 987
1258 1117 987
1262 1091 987
382 442 988
387 441 988
431 1730 988
481 1709 988
501 373 988
555 1761 988
609 1713 988
662 454 988
672 465 988
673 466 988
676 1808 988
749 1712 988
763 492 988
770 433 988
791 426 988
869 445 988
872 444 988
877 372 988
971 1642 988
992 494 988
1001 1624 988
1013 1612 988
1037 512 988
1055 546 988
1063 448 988
1064 449 988
1092 501 988
1113 549 988
1120 1348 988
1142 1257 988
1145 594 988
1176 1394 988
1178 1036 988
1178 1037 988
1178 1038 988
1179 1041 988
1192 1373 988
1200 1334 988
1212 678 988
1225 825 988
1230 869 988
1231 777 988
1232 873 988
1236 758 988
1239 1001 988
1244 1143 988
1245 980 988
1245 1142 988
1252 1133 988
1254 1130 988
530 425 989
552 1699 989
556 1761 989
610 1713 989
647 1728 989
661 453 989
671 464 989
677 1808 989
725 1731 989
750 1711 989
799 1760 989
800 1759 989
801 1758 989
802 1757 989
829 1741 989
843 467 989
882 1609 989
890 1686 989
910 450 989
919 1592 989
950 1653 989
1014 1611 989
1055 1542 989
1098 1446 989
1114 551 989
1144 1192 989
1154 1402 989
1177 1393 989
1182 1056 989
1182 1387 989
1185 1384 989
1192 1373 989
1200 1335 989
1228 1158 989
1256 1124 989
1257 1122 989
429 1749 990
476 382 990
477 381 990
497 375 990
510 1700 990
519 1758 990
610 1713 990
646 1727 990
678 1808 990
726 1730 990
733 493 990
798 1761 990
829 1741 990
844 467 990
881 1610 990
951 484 990
978 427 990
1042 443 990
1052 1550 990
1054 1545 990
1095 503 990
1097 1447 990
1118 1349 990
1124 1418 990
1154 1402 990
1162 801 990
1178 1392 990
1182 1057 990
1182 1058 990
1182 1059 990
1192 1373 990
1221 687 990
1233 876 990
1238 1001 990
1242 1055 990
1244 979 990
475 382 991
482 437 991
541 423 991
562 1762 991
611 1713 991
641 1724 991
646 433 991
646 1727 991
657 1796 991
727 1729 991
736 494 991
737 494 991
738 494 991
755 1705 991
756 1704 991
757 1703 991
761 1700 991
762 494 991
845 467 991
850 383 991
908 1674 991
920 1591 991
994 495 991
1001 1625 991
1015 1484 991
1019 1607 991
1045 443 991
1046 443 991
1096 1448 991
1116 1350 991
1192 1373 991
1193 1250 991
1222 687 991
1228 865 991
1235 883 991
1238 1148 991
431 1728 992
482 1707 992
502 375 992
512 1699 992
537 425 992
564 415 992
575 412 992
612 1713 992
658 1797 992
681 347 992
728 1728 992
739 495 992
740 495 992
765 436 992
790 429 992
921 378 992
921 1590 992
1001 1625 992
1006 496 992
1017 1479 992
1018 1478 992
1019 1477 992
1020 1476 992
1031 443 992
1041 1575 992
1050 444 992
1098 625 992
1120 561 992
1141 591 992
1156 1401 992
1160 801 992
1184 1065 992
1192 1230 992
1193 1250 992
1196 1196 992
1197 1288 992
1212 1175 992
1245 1063 992
428 1750 993
430 1728 993
480 438 993
497 1764 993
550 422 993
556 1698 993
557 1698 993
567 1763 993
613 1713 993
659 1798 993
673 1743 993
679 1807 993
682 349 993
728 1728 993
741 496 993
743 496 993
744 496 993
745 496 993
746 496 993
747 496 993
764 1698 993
766 1697 993
819 1662 993
879 1611 993
922 379 993
923 380 993
985 1557 993
986 1556 993
1005 496 993
1009 1492 993
1030 443 993
1097 624 993
1123 566 993
1127 572 993
1130 577 993
1159 800 993
1175 1024 993
1182 1122 993
1192 1373 993
1193 1250 993
1225 815 993
1232 1155 993
1241 1054 993
1249 1070 993
1263 1103 993
430 1728 994
476 439 994
484 438 994
499 1763 994
504 376 994
514 1698 994
554 420 994
558 418 994
558 1698 994
642 1781 994
660 1799 994
682 350 994
729 1727 994
733 1799 994
751 497 994
768 1696 994
831 1738 994
878 1612 994
923 1589 994
924 381 994
971 1643 994
984 1558 994
1008 1493 994
1028 443 994
1029 443 994
1081 491 994
1082 492 994
1113 1352 994
1140 1260 994
1140 1261 994
1142 1195 994
1150 1169 994
1158 800 994
1174 1022 994
1193 1251 994
1199 1339 994
1233 1154 994
1234 1153 994
1236 746 994
1250 1072 994
459 1782 995
501 1762 995
520 1757 995
534 427 995
557 419 995
564 1699 995
614 1713 995
735 1798 995
752 498 995
759 497 995
770 1695 995
788 431 995
832 1737 995
842 392 995
843 391 995
846 389 995
848 388 995
848 467 995
923 1589 995
924 382 995
971 1643 995
981 495 995
983 1559 995
1004 496 995
1008 1493 995
1019 1607 995
1027 443 995
1041 1576 995
1049 1554 995
1083 493 995
1084 494 995
1111 1434 995
1138 704 995
1140 1263 995
1140 1264 995
1140 1265 995
1150 1169 995
1158 800 995
1173 1019 995
1186 650 995
1186 1384 995
1191 1217 995
1191 1225 995
1191 1226 995
1191 1227 995
1191 1228 995
1191 1233 995
1191 1234 995
1234 1013 995
1234 1019 995
1245 1064 995
429 1752 996
459 1782 996
482 381 996
515 1697 996
519 1757 996
533 366 996
534 366 996
535 366 996
536 366 996
538 366 996
539 366 996
552 365 996
554 365 996
555 365 996
573 1764 996
615 1713 996
616 405 996
662 1800 996
664 1801 996
678 1806 996
758 498 996
772 1694 996
821 1659 996
839 396 996
840 395 996
874 1701 996
980 495 996
982 1560 996
994 496 996
995 496 996
1002 1625 996
1003 496 996
1019 1607 996
1026 443 996
1073 1494 996
1110 1435 996
1112 1433 996
1139 705 996
1140 1266 996
1140 1267 996
1140 1268 996
1150 1169 996
1158 799 996
1161 622 996
1172 1015 996
1186 1384 996
1187 651 996
1188 652 996
1192 1210 996
1195 1279 996
1198 1342 996
1198 1343 996
1198 1344 996
1198 1345 996
1198 1346 996
1198 1347 996
1235 1001 996
483 381 997
484 1705 997
503 1761 997
508 377 997
512 435 997
513 435 997
531 368 997
550 365 997
551 365 997
574 1764 997
607 1773 997
615 1713 997
667 1802 997
673 1804 997
676 1805 997
737 1797 997
757 499 997
781 1688 997
833 1735 997
834 1734 997
838 398 997
850 466 997
873 1702 997
918 1667 997
925 1588 997
949 486 997
979 495 997
980 1562 997
981 1561 997
987 496 997
1002 1625 997
1008 1493 997
1024 443 997
1025 443 997
1040 1424 997
1041 1577 997
1066 1513 997
1073 1495 997
1109 1436 997
1113 1432 997
1150 1169 997
1158 798 997
1159 1399 997
1165 837 997
1189 653 997
1190 654 997
1191 655 997
1192 1209 997
1193 1206 997
1239 1053 997
1240 979 997
1242 898 997
116 1208 998
504 1760 998
510 436 998
531 369 998
572 1700 998
608 1773 998
615 407 998
647 1728 998
675 1744 998
738 1796 998
740 499 998
755 499 998
782 1687 998
786 433 998
797 1677 998
799 1758 998
822 1657 998
837 400 998
873 1702 998
918 1667 998
978 495 998
979 1563 998
1023 443 998
1073 1496 998
1108 1437 998
1109 509 998
1114 1431 998
1140 1196 998
1141 1277 998
1141 1278 998
1141 1279 998
1141 1280 998
1150 1169 998
1159 1399 998
1171 1013 998
1186 1074 998
1186 1383 998
1228 695 998
1233 879 998
1244 1064 998
1250 1078 998
116 1206 999
117 1206 999
429 1753 999
485 1704 999
503 438 999
509 437 999
558 421 999
608 1773 999
614 408 999
723 1800 999
767 439 999
783 1686 999
784 1685 999
785 1684 999
801 1673 999
813 488 999
875 1614 999
927 1587 999
1008 1493 999
1022 443 999
1041 1578 999
1065 1515 999
1073 1497 999
1076 593 999
1107 1438 999
1111 534 999
1115 1430 999
1141 1281 999
1141 1282 999
1141 1283 999
1141 1284 999
1141 1285 999
1142 1292 999
1159 796 999
1164 838 999
1186 1075 999
1228 696 999
1233 879 999
1238 1052 999
1250 1079 999
118 1205 1000
503 439 1000
509 379 1000
518 1695 1000
528 372 1000
574 1699 1000
609 1773 1000
613 409 1000
618 1714 1000
760 500 1000
763 1777 1000
785 435 1000
786 1683 1000
787 1682 1000
802 1672 1000
832 1647 1000
836 402 1000
923 468 1000
927 1587 1000
972 1568 1000
981 1636 1000
1004 1624 1000
1021 443 1000
1040 1425 1000
1076 593 1000
1105 1439 1000
1106 1355 1000
1116 662 1000
1116 1429 1000
1172 1008 1000
1185 1384 1000
1233 879 1000
1235 1153 1000
93 1165 1001
94 1165 1001
95 1165 1001
96 1165 1001
97 1166 1001
115 1203 1001
121 1205 1001
429 1753 1001
432 1727 1001
458 1781 1001
482 1767 1001
507 380 1001
508 380 1001
511 1756 1001
528 373 1001
577 1763 1001
609 1773 1001
724 1800 1001
740 501 1001
740 1793 1001
763 1777 1001
801 1756 1001
821 1656 1001
835 404 1001
920 1666 1001
971 1569 1001
1005 1623 1001
1020 443 1001
1032 1443 1001
1108 646 1001
1117 1428 1001
1141 1288 1001
1147 1406 1001
1196 1355 1001
103 1200 1002
429 1754 1002
432 1727 1002
486 1703 1002
488 382 1002
489 382 1002
490 382 1002
501 440 1002
506 381 1002
609 1773 1002
724 1800 1002
738 502 1002
792 493 1002
802 1755 1002
806 1668 1002
929 1586 1002
981 1637 1002
1019 443 1002
1032 1443 1002
1073 1499 1002
1077 595 1002
1104 639 1002
1106 644 1002
1112 534 1002
1153 1403 1002
1163 624 1002
1188 1080 1002
1227 837 1002
1237 1052 1002
103 1202 1003
124 1202 1003
429 1754 1003
484 1766 1003
501 382 1003
502 382 1003
503 382 1003
504 382 1003
505 382 1003
521 1693 1003
557 424 1003
610 1773 1003
650 1729 1003
679 1745 1003
731 1723 1003
762 501 1003
791 494 1003
803 1754 1003
807 1667 1003
808 1666 1003
809 1665 1003
816 489 1003
833 408 1003
855 464 1003
873 1615 1003
1019 443 1003
1019 1608 1003
1032 1442 1003
1064 1518 1003
1073 1499 1003
1078 596 1003
1103 1356 1003
1158 1400 1003
1172 1003 1003
1182 967 1003
1237 1152 1003
1250 1082 1003
102 1164 1004
429 1754 1004
468 446 1004
488 1702 1004
522 1693 1004
578 1698 1004
623 1715 1004
710 429 1004
785 496 1004
790 495 1004
810 1664 1004
817 489 1004
818 1658 1004
830 1648 1004
832 410 1004
908 369 1004
923 471 1004
1032 1441 1004
1110 522 1004
1118 666 1004
1119 667 1004
1245 905 1004
95 1201 1005
103 1164 1005
436 408 1005
458 1779 1005
469 446 1005
487 1765 1005
493 441 1005
494 441 1005
496 441 1005
523 1693 1005
579 1698 1005
589 354 1005
616 337 1005
679 1745 1005
702 499 1005
725 1799 1005
732 1721 1005
742 1790 1005
764 502 1005
765 1776 1005
770 441 1005
801 495 1005
802 495 1005
803 495 1005
804 495 1005
804 1753 1005
805 1752 1005
811 1663 1005
818 489 1005
826 1652 1005
829 1649 1005
867 1706 1005
877 371 1005
902 1679 1005
908 369 1005
932 1585 1005
961 1575 1005
969 1644 1005
978 1640 1005
988 437 1005
1007 1620 1005
1036 1430 1005
1064 1519 1005
1140 1290 1005
1177 894 1005
1205 669 1005
1250 1083 1005
94 1202 1006
104 1164 1006
432 1727 1006
512 439 1006
619 337 1006
651 1729 1006
703 500 1006
706 500 1006
707 500 1006
712 500 1006
727 503 1006
771 442 1006
800 496 1006
806 1751 1006
812 1662 1006
813 1661 1006
818 419 1006
819 418 1006
819 489 1006
827 1651 1006
828 1650 1006
866 1707 1006
878 372 1006
884 371 1006
885 371 1006
887 371 1006
888 371 1006
889 371 1006
908 369 1006
985 1635 1006
1000 1510 1006
1015 444 1006
1018 1609 1006
1024 1601 1006
1047 1556 1006
1081 598 1006
1100 1358 1006
1119 1428 1006
1140 1290 1006
1146 593 1006
1175 891 1006
1204 668 1006
1206 670 1006
1207 671 1006
1232 996 1006
1240 1147 1006
126 1198 1007
447 405 1007
489 1764 1007
511 440 1007
523 436 1007
553 427 1007
580 1762 1007
707 430 1007
730 450 1007
742 1789 1007
767 1775 1007
769 1774 1007
775 1770 1007
776 1769 1007
777 1768 1007
806 1750 1007
820 418 1007
820 489 1007
854 468 1007
886 372 1007
901 1680 1007
925 474 1007
985 1635 1007
1017 1610 1007
1035 1432 1007
1119 1428 1007
1140 1289 1007
1177 902 1007
1178 904 1007
1180 908 1007
1192 1282 1007
1195 1359 1007
1208 672 1007
87 1153 1008
91 1204 1008
92 1204 1008
444 406 1008
491 1763 1008
508 441 1008
509 441 1008
510 441 1008
550 1756 1008
581 1762 1008
619 338 1008
628 1716 1008
707 431 1008
723 504 1008
726 1798 1008
743 1788 1008
778 1766 1008
781 441 1008
807 1748 1008
821 489 1008
901 1680 1008
919 1665 1008
934 1584 1008
970 428 1008
971 429 1008
984 499 1008
985 1635 1008
1008 1619 1008
1016 1611 1008
1080 1363 1008
1096 1444 1008
1115 535 1008
1144 871 1008
1166 768 1008
1181 1127 1008
1192 1283 1008
1195 1361 1008
1249 1083 1008
90 1203 1009
135 1198 1009
430 1755 1009
437 474 1009
438 473 1009
493 1762 1009
548 431 1009
548 1756 1009
629 1716 1009
682 360 1009
706 431 1009
725 506 1009
728 506 1009
777 442 1009
863 1709 1009
893 372 1009
894 372 1009
901 1680 1009
926 476 1009
933 1584 1009
967 1645 1009
978 1641 1009
998 1539 1009
1009 1618 1009
1064 563 1009
1083 1362 1009
1116 536 1009
1121 1427 1009
1152 1164 1009
1179 941 1009
1212 1177 1009
89 1202 1010
103 1156 1010
383 489 1010
430 1755 1010
436 475 1010
494 442 1010
494 1761 1010
501 1757 1010
529 1692 1010
544 1756 1010
584 1698 1010
621 339 1010
622 339 1010
652 1729 1010
679 489 1010
705 431 1010
726 507 1010
727 507 1010
731 507 1010
733 1717 1010
743 1787 1010
822 489 1010
841 1723 1010
853 471 1010
901 1680 1010
907 372 1010
918 1665 1010
932 1584 1010
937 1583 1010
959 420 1010
967 1645 1010
977 500 1010
978 500 1010
978 1641 1010
996 499 1010
1009 1618 1010
1064 563 1010
1082 1362 1010
1083 1469 1010
1113 526 1010
1117 537 1010
1123 552 1010
1124 554 1010
1125 557 1010
1138 1207 1010
1139 1206 1010
1152 1164 1010
1165 1144 1010
1171 993 1010
1177 975 1010
1178 942 1010
1179 1387 1010
1195 1363 1010
1233 986 1010
1235 717 1010
1241 963 1010
1255 1116 1010
1255 1117 1010
88 1202 1011
411 495 1011
412 495 1011
413 495 1011
414 495 1011
416 494 1011
430 1755 1011
443 1768 1011
467 450 1011
497 1759 1011
582 1761 1011
612 1773 1011
636 448 1011
679 490 1011
680 491 1011
681 492 1011
682 493 1011
683 494 1011
726 451 1011
735 507 1011
842 1722 1011
862 464 1011
903 373 1011
904 373 1011
926 477 1011
952 1578 1011
958 419 1011
978 1641 1011
1010 1617 1011
1051 1411 1011
1086 1361 1011
1087 1361 1011
1109 509 1011
1122 549 1011
1122 1426 1011
1123 551 1011
1127 562 1011
1152 1164 1011
1166 1143 1011
1167 1142 1011
1171 991 1011
1179 1387 1011
1180 1128 1011
1231 880 1011
1249 936 1011
1254 1111 1011
245 635 1012
430 1755 1012
446 406 1012
538 435 1012
583 1761 1012
623 340 1012
632 448 1012
653 1729 1012
665 479 1012
684 495 1012
706 504 1012
783 444 1012
813 1661 1012
927 478 1012
929 1586 1012
930 1585 1012
938 402 1012
938 486 1012
940 487 1012
941 1653 1012
951 1578 1012
957 418 1012
978 1641 1012
989 500 1012
990 500 1012
1008 445 1012
1011 1616 1012
1012 1615 1012
1014 1613 1012
1065 563 1012
1081 597 1012
1119 542 1012
1129 1240 1012
1137 1209 1012
1137 1210 1012
1137 1211 1012
1152 1164 1012
1155 616 1012
1160 844 1012
1174 979 1012
1248 1083 1012
1253 1108 1012
128 1398 1013
129 1398 1013
230 655 1013
230 656 1013
230 657 1013
230 658 1013
231 654 1013
235 634 1013
236 633 1013
237 632 1013
242 632 1013
245 636 1013
245 637 1013
447 406 1013
459 404 1013
467 451 1013
490 443 1013
505 443 1013
533 382 1013
584 1761 1013
586 1697 1013
610 1772 1013
614 1774 1013
653 1729 1013
675 368 1013
708 1809 1013
735 1714 1013
813 1661 1013
820 424 1013
855 471 1013
858 469 1013
859 468 1013
860 1711 1013
901 1679 1013
911 374 1013
939 403 1013
939 487 1013
950 1578 1013
956 417 1013
978 1641 1013
1007 445 1013
1013 1614 1013
1014 1613 1013
1051 1551 1013
1052 1549 1013
1053 1410 1013
1066 564 1013
1081 1472 1013
1109 1433 1013
1123 1425 1013
1149 595 1013
1152 1163 1013
1173 980 1013
1177 1388 1013
1192 1299 1013
1192 1300 1013
1192 1301 1013
1192 1302 1013
1192 1303 1013
1222 850 1013
1222 1167 1013
1231 748 1013
1254 1120 1013
92 1127 1014
98 1132 1014
99 1133 1014
126 1391 1014
126 1392 1014
126 1394 1014
126 1395 1014
127 1397 1014
132 1399 1014
229 660 1014
234 635 1014
234 636 1014
238 631 1014
239 631 1014
239 651 1014
240 631 1014
240 651 1014
245 638 1014
535 438 1014
587 1697 1014
609 1771 1014
653 1729 1014
674 369 1014
704 1810 1014
710 1809 1014
723 452 1014
818 426 1014
857 470 1014
939 403 1014
940 488 1014
955 417 1014
978 1641 1014
996 1543 1014
1053 1410 1014
1081 1472 1014
1152 1163 1014
1170 1138 1014
1194 1366 1014
1222 849 1014
1225 1165 1014
1230 879 1014
1232 1021 1014
79 1124 1015
79 1125 1015
80 1124 1015
81 1124 1015
82 1125 1015
113 1148 1015
123 1388 1015
129 1392 1015
133 1398 1015
134 1404 1015
135 1400 1015
218 663 1015
219 663 1015
228 661 1015
233 637 1015
487 1699 1015
534 1690 1015
535 1690 1015
588 1697 1015
608 1770 1015
634 1718 1015
653 1729 1015
683 408 1015
696 500 1015
703 1810 1015
711 1809 1015
786 509 1015
787 509 1015
788 509 1015
789 509 1015
793 508 1015
794 507 1015
886 1605 1015
888 1604 1015
889 1604 1015
890 1604 1015
902 1678 1015
941 489 1015
942 1581 1015
948 1579 1015
978 1641 1015
997 1540 1015
1032 1441 1015
1042 512 1015
1129 566 1015
1191 1288 1015
1192 1252 1015
1229 1162 1015
1247 1137 1015
1249 1085 1015
78 1123 1016
113 1148 1016
130 1391 1016
134 1397 1016
134 1406 1016
136 1400 1016
227 662 1016
244 640 1016
460 404 1016
466 452 1016
589 1697 1016
607 1769 1016
616 1775 1016
653 1729 1016
668 353 1016
699 433 1016
702 1810 1016
727 1796 1016
737 1711 1016
781 448 1016
832 1644 1016
913 376 1016
940 405 1016
946 1650 1016
965 1644 1016
978 1641 1016
993 1549 1016
1004 446 1016
1049 1556 1016
1057 1541 1016
1073 1496 1016
1110 1432 1016
1136 1217 1016
1144 1409 1016
1153 1162 1016
1191 1288 1016
1194 1327 1016
1230 1161 1016
1231 1160 1016
1235 764 1016
1240 966 1016
1243 941 1016
1249 1086 1016
78 1122 1017
84 1199 1017
124 1388 1017
134 1408 1017
137 1400 1017
222 664 1017
376 525 1017
433 1762 1017
434 1763 1017
435 1764 1017
436 1765 1017
486 1699 1017
509 445 1017
590 1697 1017
617 1775 1017
632 342 1017
633 342 1017
635 1718 1017
667 353 1017
701 1810 1017
712 1736 1017
714 1735 1017
738 1710 1017
780 449 1017
812 432 1017
845 1627 1017
846 1626 1017
913 377 1017
981 503 1017
1056 1542 1017
1111 1431 1017
1126 1421 1017
1153 1162 1017
1163 1398 1017
1191 1289 1017
1194 1325 1017
1194 1326 1017
1223 687 1017
1231 799 1017
1231 1016 1017
1231 1017 1017
1249 1087 1017
77 1122 1018
83 1200 1018
120 1356 1018
121 1356 1018
122 1356 1018
122 1357 1018
122 1358 1018
122 1359 1018
122 1360 1018
122 1361 1018
123 1355 1018
124 1347 1018
124 1348 1018
124 1349 1018
124 1354 1018
133 1392 1018
133 1409 1018
368 526 1018
377 526 1018
378 526 1018
460 405 1018
526 443 1018
536 384 1018
591 1697 1018
618 1775 1018
666 353 1018
739 1709 1018
748 1782 1018
749 1781 1018
769 506 1018
779 450 1018
803 502 1018
843 1628 1018
844 1627 1018
846 1719 1018
870 1610 1018
914 378 1018
948 1649 1018
1019 1609 1018
1031 1443 1018
1034 1586 1018
1043 513 1018
1093 617 1018
1127 1420 1018
1130 673 1018
1136 1414 1018
1138 1413 1018
1141 1411 1018
1153 1405 1018
1158 1403 1018
1159 1402 1018
1160 1401 1018
1161 1400 1018
1162 1399 1018
1163 1398 1018
1165 632 1018
1174 1135 1018
1191 1289 1018
1194 1324 1018
1246 1140 1018
77 1122 1019
78 1129 1019
82 1201 1019
85 1208 1019
94 1110 1019
95 1110 1019
96 1110 1019
97 1110 1019
98 1110 1019
99 1110 1019
100 1110 1019
119 1356 1019
123 1362 1019
124 1344 1019
125 1343 1019
126 1353 1019
131 1388 1019
132 1390 1019
132 1410 1019
134 1394 1019
138 1401 1019
400 507 1019
485 1699 1019
511 446 1019
537 384 1019
552 1691 1019
553 1691 1019
554 1691 1019
593 1697 1019
619 1775 1019
662 1790 1019
665 353 1019
698 1809 1019
715 1806 1019
740 1708 1019
779 451 1019
804 502 1019
834 488 1019
907 466 1019
942 408 1019
948 1649 1019
977 1641 1019
990 1631 1019
998 1539 1019
1019 1609 1019
1035 1585 1019
1060 1526 1019
1073 1498 1019
1092 492 1019
1094 618 1019
1095 619 1019
1130 673 1019
1134 1415 1019
1135 1223 1019
1154 1162 1019
1173 644 1019
1229 878 1019
1236 1155 1019
1252 1124 1019
81 1202 1020
85 1209 1020
103 1113 1020
118 1356 1020
124 1341 1020
125 1387 1020
127 1352 1020
138 1401 1020
142 1412 1020
513 446 1020
521 445 1020
541 1689 1020
547 1690 1020
569 424 1020
599 1763 1020
620 1775 1020
654 474 1020
655 475 1020
664 353 1020
669 370 1020
726 1796 1020
738 511 1020
741 1707 1020
765 507 1020
845 1720 1020
849 1716 1020
854 475 1020
948 1649 1020
967 1643 1020
1019 1609 1020
1032 1590 1020
1036 1584 1020
1060 1526 1020
1135 1224 1020
1174 1390 1020
1191 1269 1020
1193 1202 1020
1193 1371 1020
1229 878 1020
1237 1154 1020
1238 1153 1020
1245 1143 1020
80 1203 1021
105 1115 1021
118 1355 1021
123 1376 1021
125 1337 1021
128 1348 1021
128 1349 1021
128 1351 1021
129 1399 1021
132 1411 1021
138 1401 1021
483 1700 1021
598 1698 1021
606 1701 1021
620 1775 1021
655 1730 1021
668 371 1021
694 432 1021
760 508 1021
833 1642 1021
851 1714 1021
948 1649 1021
1004 506 1021
1037 1583 1021
1060 1526 1021
1073 1499 1021
1131 565 1021
1131 674 1021
1135 1225 1021
1155 1161 1021
1190 1277 1021
1239 1152 1021
1249 1088 1021
77 1127 1022
79 1204 1022
81 1166 1022
83 1210 1022
91 1112 1022
106 1115 1022
108 1130 1022
118 1350 1022
118 1351 1022
118 1354 1022
123 1332 1022
123 1333 1022
129 1347 1022
132 1410 1022
220 652 1022
223 669 1022
228 637 1022
481 1701 1022
519 446 1022
599 1698 1022
604 346 1022
605 1700 1022
607 1701 1022
613 1704 1022
620 1775 1022
663 354 1022
667 372 1022
693 1808 1022
694 433 1022
746 1704 1022
748 510 1022
806 503 1022
833 1642 1022
917 384 1022
976 1641 1022
982 506 1022
988 1556 1022
1029 1594 1022
1047 1559 1022
1060 1526 1022
1131 564 1022
1131 674 1022
1135 1227 1022
1158 621 1022
1164 984 1022
1192 1373 1022
1240 1151 1022
1242 1148 1022
1249 1087 1022
78 1205 1023
80 1166 1023
107 1116 1023
123 1163 1023
125 1327 1023
128 1352 1023
131 1405 1023
222 647 1023
223 645 1023
223 670 1023
465 1772 1023
614 1704 1023
621 1775 1023
666 373 1023
692 1808 1023
717 1804 1023
719 514 1023
728 514 1023
780 454 1023
807 503 1023
809 436 1023
810 435 1023
842 1722 1023
866 1700 1023
869 1697 1023
870 1696 1023
919 386 1023
920 387 1023
975 1641 1023
987 1557 1023
1021 1606 1023
1042 1572 1023
1109 641 1023
1152 764 1023
1185 1089 1023
1191 1205 1023
1231 995 1023
1237 1063 1023
1249 1135 1023
77 1159 1024
77 1205 1024
125 1168 1024
126 1326 1024
217 655 1024
301 1638 1024
477 1703 1024
517 447 1024
622 1775 1024
663 355 1024
718 1803 1024
731 515 1024
771 509 1024
841 1722 1024
865 1701 1024
920 388 1024
953 499 1024
978 507 1024
986 1558 1024
1028 1596 1024
1036 446 1024
1037 446 1024
1040 1577 1024
1041 1575 1024
1042 1573 1024
1050 445 1024
1053 446 1024
1073 579 1024
1074 580 1024
1110 502 1024
1118 533 1024
1170 1391 1024
1191 1375 1024
1234 895 1024
1235 898 1024
1249 1134 1024
1250 1131 1024
1251 1128 1024
76 1205 1025
80 1119 1025
84 1116 1025
119 1347 1025
126 1169 1025
127 1325 1025
130 1345 1025
132 1408 1025
141 1406 1025
221 673 1025
262 1596 1025
300 1637 1025
385 531 1025
396 471 1025
407 505 1025
435 1723 1025
475 1704 1025
516 447 1025
563 1690 1025
660 488 1025
689 1807 1025
717 455 1025
719 1802 1025
840 1722 1025
948 1649 1025
954 500 1025
983 508 1025
985 1559 1025
1000 509 1025
1002 1502 1025
1035 446 1025
1038 446 1025
1046 1561 1025
1054 446 1025
1115 1425 1025
1145 589 1025
1157 1159 1025
1185 1090 1025
1219 845 1025
1231 976 1025
1235 899 1025
1235 1059 1025
1251 1125 1025
76 1204 1026
78 1168 1026
121 1314 1026
122 1314 1026
124 1313 1026
127 1170 1026
128 1324 1026
130 1344 1026
221 674 1026
297 1653 1026
298 1653 1026
299 1637 1026
313 584 1026
323 584 1026
336 566 1026
336 567 1026
374 533 1026
392 526 1026
408 505 1026
467 1771 1026
514 447 1026
515 447 1026
569 425 1026
578 1693 1026
668 493 1026
716 455 1026
720 1801 1026
734 516 1026
773 510 1026
808 504 1026
839 1722 1026
943 1581 1026
955 501 1026
984 1560 1026
995 449 1026
1022 1605 1026
1032 446 1026
1033 446 1026
1034 446 1026
1039 446 1026
1044 446 1026
1046 1561 1026
1055 447 1026
1085 1367 1026
1098 1442 1026
1157 1159 1026
1190 1377 1026
1192 1296 1026
1222 694 1026
1251 1124 1026
120 1315 1027
123 1309 1027
124 1311 1027
125 1313 1027
128 1323 1027
221 675 1027
238 1592 1027
295 1654 1027
322 585 1027
375 534 1027
436 1722 1027
472 1706 1027
512 447 1027
513 447 1027
566 1690 1027
644 467 1027
655 1786 1027
666 493 1027
706 518 1027
707 518 1027
715 455 1027
721 1800 1027
735 516 1027
777 1757 1027
934 399 1027
943 1581 1027
950 1648 1027
956 502 1027
983 1561 1027
1022 1605 1027
1026 1599 1027
1037 1586 1027
1046 1561 1027
1056 448 1027
1073 1500 1027
1099 1440 1027
1133 563 1027
1158 620 1027
1158 1158 1027
1171 1038 1027
1181 1080 1027
1182 1083 1027
1190 1377 1027
1193 1347 1027
1222 695 1027
1234 1057 1027
1247 1087 1027
1251 1122 1027
74 1123 1028
119 1315 1028
122 1308 1028
126 1314 1028
127 1210 1028
128 1323 1028
221 676 1028
237 1593 1028
313 586 1028
321 586 1028
334 577 1028
342 576 1028
344 575 1028
345 575 1028
442 1785 1028
496 1693 1028
514 1751 1028
546 1750 1028
572 1691 1028
613 342 1028
623 1774 1028
660 357 1028
711 518 1028
712 518 1028
725 518 1028
758 1694 1028
759 1693 1028
760 1692 1028
761 1691 1028
835 1639 1028
871 1695 1028
923 1660 1028
943 1581 1028
950 1648 1028
957 503 1028
972 1571 1028
997 511 1028
1023 1604 1028
1030 1444 1028
1057 449 1028
1065 1510 1028
1095 1447 1028
1098 624 1028
1177 1070 1028
1186 1094 1028
1190 1377 1028
1194 663 1028
1204 1189 1028
1219 846 1028
1224 715 1028
1251 1121 1028
118 1316 1029
121 1307 1029
128 1323 1029
236 1593 1029
260 1592 1029
292 1655 1029
314 587 1029
319 587 1029
386 536 1029
402 467 1029
438 1721 1029
441 1785 1029
444 1784 1029
513 1751 1029
547 1750 1029
561 372 1029
570 1690 1029
612 342 1029
621 1705 1029
672 498 1029
724 1797 1029
762 1690 1029
871 1695 1029
942 1581 1029
995 450 1029
1000 1625 1029
1027 447 1029
1030 1443 1029
1037 1587 1029
1047 1559 1029
1058 450 1029
1059 1531 1029
1098 624 1029
1134 563 1029
1138 1309 1029
1138 1310 1029
1141 816 1029
1169 1032 1029
1169 1033 1029
1169 1034 1029
1169 1035 1029
1230 1000 1029
1231 1039 1029
1237 919 1029
1251 1120 1029
118 1317 1030
127 1316 1030
128 1323 1030
131 1342 1030
134 1413 1030
134 1414 1030
144 1413 1030
256 1597 1030
259 1590 1030
291 1656 1030
312 588 1030
312 1651 1030
316 588 1030
318 588 1030
439 1784 1030
468 1709 1030
469 1770 1030
562 371 1030
563 370 1030
582 425 1030
612 342 1030
622 1705 1030
650 1784 1030
659 358 1030
683 1804 1030
723 1798 1030
763 1689 1030
764 1688 1030
786 1752 1030
806 1739 1030
809 1737 1030
812 1735 1030
870 1696 1030
942 1581 1030
984 512 1030
1027 447 1030
1047 1558 1030
1058 450 1030
1058 1532 1030
1099 625 1030
1121 535 1030
1160 1156 1030
1170 1028 1030
1171 1047 1030
1172 1063 1030
1190 1376 1030
1207 1187 1030
1212 1181 1030
1213 1180 1030
1223 1172 1030
1224 1171 1030
1251 1116 1030
1251 1117 1030
1251 1118 1030
1251 1119 1030
75 1161 1031
75 1170 1031
118 1305 1031
118 1317 1031
121 1304 1031
128 1322 1031
128 1324 1031
258 1589 1031
299 1635 1031
311 589 1031
387 538 1031
418 1717 1031
488 451 1031
492 451 1031
499 1691 1031
564 369 1031
623 1705 1031
649 1783 1031
659 359 1031
765 1687 1031
766 1686 1031
767 1685 1031
769 1684 1031
771 1683 1031
773 461 1031
774 1682 1031
778 512 1031
790 1750 1031
792 1749 1031
795 1747 1031
796 1746 1031
816 1732 1031
852 1620 1031
870 1696 1031
920 1663 1031
941 1581 1031
943 1653 1031
970 1641 1031
985 513 1031
986 513 1031
987 513 1031
1001 1625 1031
1047 1557 1031
1059 451 1031
1084 1466 1031
1085 1465 1031
1086 1464 1031
1088 1461 1031
1091 1456 1031
1092 1453 1031
1100 626 1031
1135 563 1031
1155 614 1031
1172 1057 1031
1172 1058 1031
1172 1059 1031
1174 643 1031
1192 1341 1031
1208 1186 1031
1223 712 1031
1236 917 1031
1246 1088 1031
73 1125 1032
117 1306 1032
118 1317 1032
144 1413 1032
235 1594 1032
258 1588 1032
268 1608 1032
288 1656 1032
310 590 1032
318 590 1032
355 511 1032
387 539 1032
430 429 1032
472 1769 1032
496 450 1032
565 368 1032
610 343 1032
648 1782 1032
649 359 1032
650 359 1032
658 359 1032
679 1803 1032
680 1803 1032
685 429 1032
748 467 1032
753 467 1032
775 1681 1032
789 1750 1032
824 1728 1032
827 1726 1032
925 485 1032
941 1581 1032
943 1653 1032
970 1641 1032
986 514 1032
987 514 1032
988 514 1032
991 514 1032
1001 1625 1032
1023 1604 1032
1036 446 1032
1036 1588 1032
1047 1556 1032
1048 1552 1032
1101 627 1032
1135 563 1032
1158 618 1032
1174 643 1032
1209 1185 1032
116 1308 1033
117 1314 1033
118 1317 1033
124 1306 1033
210 691 1033
211 690 1033
257 1587 1033
269 1607 1033
287 1656 1033
298 1634 1033
313 592 1033
317 591 1033
351 506 1033
354 560 1033
448 1781 1033
465 460 1033
501 1690 1033
565 368 1033
585 351 1033
626 1706 1033
629 1707 1033
647 1781 1033
652 360 1033
657 360 1033
683 426 1033
742 468 1033
743 468 1033
744 468 1033
776 1680 1033
829 1724 1033
830 1723 1033
842 419 1033
853 485 1033
925 486 1033
940 1581 1033
985 515 1033
986 515 1033
987 515 1033
988 515 1033
989 515 1033
990 515 1033
1035 446 1033
1036 1588 1033
1073 1370 1033
1112 509 1033
1123 537 1033
1135 563 1033
1135 1238 1033
1137 1302 1033
1171 1052 1033
1174 643 1033
1200 668 1033
74 1167 1034
74 1210 1034
115 1242 1034
118 1316 1034
145 1415 1034
209 692 1034
235 1595 1034
257 1586 1034
286 1656 1034
316 592 1034
351 486 1034
448 1781 1034
474 1768 1034
476 1767 1034
549 1749 1034
584 351 1034
589 350 1034
608 344 1034
610 344 1034
626 1774 1034
628 452 1034
631 1708 1034
633 1709 1034
634 1710 1034
635 1711 1034
636 1712 1034
637 1713 1034
638 1714 1034
639 1715 1034
646 1780 1034
658 361 1034
677 1802 1034
757 468 1034
777 1679 1034
801 449 1034
854 485 1034
869 1697 1034
900 1675 1034
940 1581 1034
942 1653 1034
954 1646 1034
959 507 1034
971 516 1034
972 517 1034
984 516 1034
987 516 1034
988 516 1034
989 516 1034
1002 1624 1034
1034 446 1034
1035 1589 1034
1058 1531 1034
1124 538 1034
1135 563 1034
1135 1238 1034
1136 684 1034
1150 780 1034
1175 644 1034
1185 1237 1034
1187 1100 1034
1191 1357 1034
1201 669 1034
1202 670 1034
1203 671 1034
1209 676 1034
1228 1168 1034
1229 1167 1034
76 1219 1035
115 1308 1035
208 693 1035
211 683 1035
257 1585 1035
270 1606 1035
285 1656 1035
297 1633 1035
440 1719 1035
497 1755 1035
502 1689 1035
549 1681 1035
566 367 1035
569 1688 1035
583 352 1035
591 351 1035
605 346 1035
611 345 1035
627 1774 1035
628 453 1035
645 1779 1035
674 1801 1035
724 1797 1035
733 468 1035
854 1710 1035
903 1674 1035
940 1581 1035
941 1581 1035
980 517 1035
1022 1604 1035
1029 1444 1035
1033 446 1035
1046 1556 1035
1063 1513 1035
1113 511 1035
1114 512 1035
1125 539 1035
1135 563 1035
1135 1238 1035
1137 686 1035
1138 687 1035
1150 779 1035
1171 936 1035
1190 1316 1035
1190 1317 1035
1191 1357 1035
1218 854 1035
1230 1166 1035
1245 1088 1035
75 1213 1036
88 1110 1036
115 1307 1036
118 1247 1036
119 1248 1036
119 1297 1036
120 1249 1036
146 1417 1036
235 1596 1036
257 1584 1036
308 594 1036
350 487 1036
402 527 1036
416 504 1036
430 1785 1036
431 1785 1036
432 1785 1036
481 1764 1036
486 1761 1036
488 1760 1036
490 1759 1036
495 1756 1036
503 1752 1036
582 353 1036
628 1774 1036
663 1733 1036
667 504 1036
668 505 1036
679 421 1036
683 509 1036
714 459 1036
721 1799 1036
854 1710 1036
939 1581 1036
942 1581 1036
1022 447 1036
1063 1513 1036
1077 468 1036
1125 539 1036
1135 1238 1036
1150 779 1036
1190 1318 1036
1190 1319 1036
1190 1320 1036
1191 1358 1036
1231 1165 1036
1232 958 1036
72 1159 1037
77 1217 1037
78 1218 1037
82 1220 1037
121 1248 1037
121 1249 1037
121 1250 1037
234 1596 1037
256 1583 1037
349 583 1037
429 1785 1037
508 1749 1037
567 367 1037
581 354 1037
583 354 1037
629 1774 1037
641 1715 1037
683 510 1037
716 461 1037
719 1800 1037
725 521 1037
761 469 1037
848 1620 1037
850 1619 1037
898 1595 1037
901 1594 1037
902 1594 1037
906 1672 1037
907 1671 1037
933 494 1037
938 1581 1037
984 454 1037
1010 1472 1037
1021 1604 1037
1022 447 1037
1034 1590 1037
1128 1417 1037
1135 1239 1037
1150 778 1037
1155 1400 1037
1164 1154 1037
1170 1049 1037
1188 1375 1037
1190 1321 1037
1190 1322 1037
1214 815 1037
1215 847 1037
1227 979 1037
1232 957 1037
1232 1164 1037
1233 1163 1037
1235 943 1037
1244 1088 1037
83 1220 1038
116 1305 1038
120 1290 1038
121 1288 1038
122 1250 1038
122 1251 1038
122 1286 1038
123 1285 1038
146 1431 1038
174 1485 1038
209 684 1038
234 1597 1038
314 1650 1038
339 489 1038
348 584 1038
370 573 1038
371 572 1038
404 528 1038
427 1785 1038
428 1785 1038
504 1688 1038
570 1687 1038
626 453 1038
630 1774 1038
664 1733 1038
678 420 1038
695 1740 1038
697 1803 1038
765 469 1038
839 423 1038
851 1619 1038
908 1670 1038
980 1563 1038
988 517 1038
1003 1621 1038
1022 447 1038
1032 447 1038
1034 1590 1038
1057 1529 1038
1089 596 1038
1113 1351 1038
1115 515 1038
1127 543 1038
1128 545 1038
1129 1416 1038
1135 1239 1038
1149 1404 1038
1151 1403 1038
1165 1153 1038
1174 958 1038
1190 1323 1038
1190 1324 1038
1217 772 1038
1235 946 1038
1235 947 1038
1236 1159 1038
82 1113 1039
83 1112 1039
122 1281 1039
123 1251 1039
123 1252 1039
123 1255 1039
123 1256 1039
123 1257 1039
123 1278 1039
123 1279 1039
123 1280 1039
143 1432 1039
151 1436 1039
163 1471 1039
164 1470 1039
164 1471 1039
165 1472 1039
166 1473 1039
167 1474 1039
171 1481 1039
173 1483 1039
208 685 1039
271 1606 1039
282 1654 1039
314 1649 1039
343 489 1039
356 583 1039
380 1714 1039
426 1785 1039
551 1748 1039
552 1748 1039
636 361 1039
643 1716 1039
677 419 1039
698 1803 1039
717 1801 1039
724 522 1039
782 1675 1039
957 509 1039
976 1640 1039
1110 1352 1039
1116 517 1039
1117 660 1039
1130 549 1039
1130 1415 1039
1135 1239 1039
1166 1152 1039
1190 1325 1039
1231 1055 1039
1243 1088 1039
123 1246 1040
123 1274 1040
124 1252 1040
124 1253 1040
124 1254 1040
147 1422 1040
161 1472 1040
168 1475 1040
169 1477 1040
281 1654 1040
313 534 1040
356 585 1040
375 571 1040
380 1715 1040
425 1785 1040
550 1747 1040
567 429 1040
567 1686 1040
584 1754 1040
632 1773 1040
674 1798 1040
687 514 1040
717 1801 1040
783 1674 1040
827 507 1040
837 505 1040
838 425 1040
853 1708 1040
956 509 1040
977 1640 1040
987 1555 1040
1033 1591 1040
1054 452 1040
1055 452 1040
1071 1489 1040
1090 597 1040
1109 1353 1040
1131 550 1040
1135 1239 1040
1151 849 1040
1160 623 1040
1170 932 1040
1177 647 1040
1190 1327 1040
1190 1328 1040
1213 838 1040
1219 863 1040
1226 749 1040
1231 1056 1040
1234 910 1040
1238 1156 1040
1239 1155 1040
122 1273 1041
123 1261 1041
141 1433 1041
154 1439 1041
252 1580 1041
275 595 1041
283 599 1041
284 598 1041
299 601 1041
300 601 1041
301 601 1041
313 533 1041
317 598 1041
357 586 1041
377 571 1041
379 1715 1041
389 549 1041
412 460 1041
420 505 1041
424 1784 1041
507 1686 1041
512 1746 1041
560 1684 1041
589 1757 1041
634 1773 1041
637 1774 1041
666 1733 1041
687 515 1041
714 523 1041
716 1801 1041
724 523 1041
828 507 1041
1033 448 1041
1050 452 1041
1132 552 1041
1135 1239 1041
1136 1292 1041
1147 700 1041
1178 648 1041
1187 1376 1041
1200 1197 1041
1208 680 1041
1216 795 1041
1225 749 1041
1230 1048 1041
1234 910 1041
1234 1066 1041
1240 1153 1041
72 1191 1042
73 1204 1042
73 1207 1042
113 1249 1042
125 1247 1042
125 1252 1042
138 1420 1042
140 1433 1042
151 1445 1042
154 1446 1042
155 1440 1042
158 1475 1042
161 1454 1042
162 1456 1042
312 599 1042
358 587 1042
378 571 1042
391 549 1042
421 505 1042
423 1784 1042
623 453 1042
675 417 1042
675 1798 1042
689 517 1042
700 451 1042
704 520 1042
715 1801 1042
870 1693 1042
871 1692 1042
884 1597 1042
1039 1576 1042
1111 640 1042
1135 1240 1042
1136 1291 1042
1143 1197 1042
1161 625 1042
1173 958 1042
1178 648 1042
1190 1363 1042
1216 794 1042
1231 959 1042
66 1123 1043
73 1205 1043
73 1206 1043
126 1248 1043
150 1446 1043
152 1433 1043
156 1441 1043
160 1450 1043
162 1455 1043
218 701 1043
252 1579 1043
272 584 1043
273 585 1043
311 600 1043
316 1649 1043
358 588 1043
392 550 1043
422 505 1043
422 1783 1043
508 1685 1043
517 1685 1043
674 417 1043
687 517 1043
701 1802 1043
706 521 1043
712 523 1043
715 1801 1043
720 524 1043
784 520 1043
784 1672 1043
785 520 1043
786 520 1043
787 520 1043
788 520 1043
789 520 1043
790 520 1043
801 519 1043
802 519 1043
811 443 1043
972 519 1043
981 1639 1043
1030 449 1043
1036 449 1043
1037 449 1043
1039 1576 1043
1136 1290 1043
1148 702 1043
1170 1149 1043
1190 1363 1043
1213 803 1043
1241 1151 1043
65 1122 1044
73 1206 1044
79 1211 1044
143 1408 1044
149 1447 1044
152 1433 1044
156 1441 1044
207 714 1044
234 1599 1044
250 1578 1044
271 582 1044
278 1652 1044
304 533 1044
308 1702 1044
316 1649 1044
321 600 1044
407 534 1044
422 1783 1044
423 505 1044
441 478 1044
593 1759 1044
647 1717 1044
686 517 1044
693 518 1044
715 1801 1044
716 524 1044
717 524 1044
728 525 1044
759 1768 1044
785 1671 1044
799 519 1044
800 519 1044
808 517 1044
812 442 1044
882 1598 1044
932 1583 1044
952 1649 1044
957 513 1044
981 1639 1044
990 1630 1044
1018 449 1044
1024 449 1044
1039 1576 1044
1062 1512 1044
1097 1361 1044
1100 1359 1044
1123 670 1044
1136 1289 1044
1148 702 1044
1169 1044 1044
1171 1148 1044
1179 649 1044
1188 1259 1044
1188 1260 1044
1188 1261 1044
1191 1336 1044
1210 684 1044
1210 1187 1044
1242 1149 1044
64 1122 1045
69 1153 1045
73 1117 1045
73 1206 1045
82 1212 1045
127 1246 1045
148 1448 1045
155 1481 1045
159 1447 1045
206 717 1045
207 716 1045
257 578 1045
258 578 1045
269 580 1045
270 580 1045
304 533 1045
308 1703 1045
322 601 1045
421 1782 1045
424 505 1045
529 401 1045
556 1747 1045
596 1760 1045
669 1733 1045
704 1735 1045
715 1801 1045
758 1769 1045
762 1766 1045
786 1670 1045
797 519 1045
812 516 1045
813 441 1045
865 1698 1045
881 1599 1045
931 1657 1045
979 1563 1045
981 520 1045
981 1639 1045
987 457 1045
990 1630 1045
1017 1606 1045
1032 1591 1045
1086 1368 1045
1093 1363 1045
1095 1362 1045
1148 702 1045
1163 630 1045
1172 1147 1045
1180 650 1045
1190 1365 1045
1191 1337 1045
1211 686 1045
1215 778 1045
1215 779 1045
1215 781 1045
1215 782 1045
1215 783 1045
73 1117 1046
73 1205 1046
120 1135 1046
144 1409 1046
151 1478 1046
154 1483 1046
155 1439 1046
159 1447 1046
199 697 1046
259 578 1046
260 578 1046
261 578 1046
262 578 1046
263 578 1046
264 578 1046
265 578 1046
266 578 1046
272 579 1046
299 1630 1046
323 602 1046
411 459 1046
411 535 1046
425 505 1046
459 410 1046
556 1747 1046
597 1760 1046
618 354 1046
654 369 1046
670 416 1046
677 1798 1046
693 448 1046
715 1801 1046
730 526 1046
757 1770 1046
763 1765 1046
785 1670 1046
811 517 1046
814 441 1046
851 488 1046
864 1699 1046
880 1600 1046
1016 450 1046
1077 1374 1046
1102 1436 1046
1135 1289 1046
1141 1211 1046
1142 1197 1046
1173 1146 1046
1181 651 1046
1188 1247 1046
1188 1248 1046
1188 1265 1046
1188 1266 1046
1188 1290 1046
1203 1197 1046
1212 1186 1046
1231 1060 1046
1234 931 1046
1237 1078 1046
1243 1146 1046
1251 1103 1046
1252 1104 1046
73 1117 1047
73 1204 1047
150 1478 1047
198 698 1047
198 699 1047
248 1576 1047
409 1754 1047
411 459 1047
412 535 1047
421 1781 1047
556 1747 1047
569 1747 1047
598 1760 1047
640 487 1047
649 1717 1047
656 371 1047
669 416 1047
678 1798 1047
692 448 1047
715 1801 1047
764 1764 1047
832 1631 1047
864 1699 1047
879 393 1047
880 393 1047
881 393 1047
931 1583 1047
932 1657 1047
952 1650 1047
979 521 1047
982 1638 1047
1015 451 1047
1017 514 1047
1026 1437 1047
1044 1556 1047
1050 455 1047
1076 1375 1047
1082 1371 1047
1103 1435 1047
1149 595 1047
1160 986 1047
1169 1042 1047
1188 1244 1047
1188 1245 1047
1188 1246 1047
1204 1196 1047
1245 1142 1047
1248 1122 1047
1248 1123 1047
1248 1124 1047
1248 1125 1047
1248 1127 1047
73 1203 1048
117 1111 1048
129 1243 1048
153 1485 1048
305 533 1048
308 1703 1048
332 603 1048
333 603 1048
334 603 1048
335 603 1048
339 602 1048
342 601 1048
380 577 1048
411 459 1048
413 536 1048
420 1780 1048
447 1779 1048
453 1780 1048
512 1684 1048
556 1747 1048
578 1686 1048
640 488 1048
655 372 1048
679 1798 1048
691 448 1048
716 1801 1048
732 527 1048
764 1764 1048
786 1668 1048
810 518 1048
831 1631 1048
863 1700 1048
882 393 1048
883 393 1048
884 393 1048
885 393 1048
931 1583 1048
952 1650 1048
968 521 1048
986 458 1048
998 1524 1048
1015 1607 1048
1026 451 1048
1038 1579 1048
1064 457 1048
1084 1461 1048
1104 1434 1048
1125 538 1048
1151 597 1048
1169 1041 1048
1174 1145 1048
1185 1378 1048
1188 1243 1048
1188 1288 1048
1189 1367 1048
1233 913 1048
1233 916 1048
1233 919 1048
1233 923 1048
1248 1126 1048
1248 1128 1048
1248 1129 1048
1248 1130 1048
1248 1131 1048
1248 1132 1048
1248 1133 1048
74 1202 1049
132 1158 1049
294 611 1049
306 533 1049
308 1703 1049
414 536 1049
472 406 1049
511 1684 1049
555 1681 1049
556 1747 1049
562 378 1049
604 1761 1049
622 458 1049
680 1798 1049
690 448 1049
717 1801 1049
787 1667 1049
863 1700 1049
886 393 1049
887 393 1049
888 393 1049
889 393 1049
890 393 1049
891 393 1049
931 1583 1049
952 1650 1049
986 1555 1049
1014 1608 1049
1057 456 1049
1058 456 1049
1059 456 1049
1060 456 1049
1061 456 1049
1066 458 1049
1069 459 1049
1134 1287 1049
1153 599 1049
1188 1369 1049
1189 1275 1049
1211 832 1049
1215 1184 1049
1233 915 1049
1233 922 1049
1234 889 1049
1237 1081 1049
1246 1139 1049
68 1154 1050
74 1117 1050
118 1107 1050
130 1243 1050
142 1402 1050
145 1474 1050
145 1475 1050
266 1663 1050
267 1664 1050
307 533 1050
308 1703 1050
334 1665 1050
353 598 1050
382 578 1050
398 1690 1050
399 1688 1050
400 1687 1050
420 1779 1050
447 477 1050
511 1684 1050
560 379 1050
585 1687 1050
605 1761 1050
617 1700 1050
621 458 1050
651 1718 1050
654 376 1050
655 377 1050
656 378 1050
706 1732 1050
718 1800 1050
754 1773 1050
765 1763 1050
788 1666 1050
902 394 1050
914 399 1050
915 400 1050
916 401 1050
931 1583 1050
952 1650 1050
964 521 1050
983 1636 1050
998 1523 1050
1014 516 1050
1043 1558 1050
1066 1499 1050
1134 1241 1050
1141 1200 1050
1155 601 1050
1156 602 1050
1190 1343 1050
1217 860 1050
66 1170 1051
68 1153 1051
75 1117 1051
196 704 1051
196 705 1051
209 722 1051
246 1573 1051
265 1662 1051
268 1665 1051
269 1666 1051
273 1604 1051
358 597 1051
359 596 1051
401 1685 1051
415 537 1051
419 1778 1051
456 1779 1051
462 1711 1051
511 1684 1051
557 1746 1051
582 1686 1051
603 361 1051
620 457 1051
621 1700 1051
682 519 1051
689 449 1051
731 474 1051
763 1684 1051
764 1683 1051
766 1682 1051
771 1679 1051
861 1701 1051
912 398 1051
918 497 1051
931 1583 1051
952 1650 1051
968 522 1051
975 522 1051
1037 1580 1051
1134 1241 1051
1140 567 1051
1141 1201 1051
1157 603 1051
1189 1301 1051
1208 684 1051
1217 860 1051
1220 702 1051
65 1169 1052
68 1152 1052
74 1174 1052
77 1117 1052
140 1469 1052
190 732 1052
192 732 1052
196 734 1052
197 735 1052
269 1600 1052
270 1601 1052
271 1602 1052
272 1668 1052
309 1704 1052
350 1668 1052
356 599 1052
389 470 1052
398 566 1052
399 565 1052
402 1684 1052
511 1684 1052
555 1680 1052
608 1761 1052
622 1700 1052
692 520 1052
738 1703 1052
739 529 1052
739 1702 1052
740 1701 1052
741 1700 1052
742 1699 1052
743 1698 1052
744 1697 1052
745 1696 1052
746 1695 1052
747 1694 1052
753 1774 1052
766 1762 1052
773 1677 1052
845 1706 1052
851 1704 1052
925 412 1052
931 1583 1052
952 1650 1052
998 1522 1052
1012 1609 1052
1141 568 1052
1141 1201 1052
1148 766 1052
1170 961 1052
1179 1388 1052
1180 1386 1052
1190 1344 1052
1197 1211 1052
1209 685 1052
1216 859 1052
1231 912 1052
1233 928 1052
1246 1138 1052
66 1128 1053
152 1492 1053
196 739 1053
197 738 1053
272 1669 1053
384 581 1053
403 1683 1053
405 564 1053
416 538 1053
459 1777 1053
461 410 1053
489 461 1053
490 461 1053
493 461 1053
555 1680 1053
558 1745 1053
581 1685 1053
590 1687 1053
604 362 1053
609 1761 1053
662 412 1053
681 520 1053
742 530 1053
743 530 1053
748 1693 1053
752 1775 1053
790 1663 1053
795 1662 1053
840 1708 1053
875 1688 1053
876 1687 1053
877 1686 1053
921 406 1053
924 410 1053
931 1583 1053
961 522 1053
994 1628 1053
1036 1581 1053
1051 1537 1053
1068 1495 1053
1069 1493 1053
1130 683 1053
1131 684 1053
1133 1286 1053
1141 1201 1053
1170 1395 1053
1172 1394 1053
1177 1390 1053
1178 1389 1053
1181 1096 1053
1190 1344 1053
1201 1205 1053
1231 1068 1053
71 1119 1054
138 1466 1054
187 765 1054
190 750 1054
195 655 1054
196 654 1054
273 1670 1054
311 534 1054
311 1705 1054
385 582 1054
460 1776 1054
549 448 1054
550 447 1054
551 446 1054
555 383 1054
555 1680 1054
591 1687 1054
628 1701 1054
735 476 1054
745 477 1054
749 1692 1054
750 1691 1054
766 1761 1054
873 1690 1054
874 1689 1054
878 1685 1054
879 1684 1054
880 1683 1054
922 407 1054
923 408 1054
943 515 1054
975 1566 1054
984 1634 1054
995 1627 1054
1028 1591 1054
1049 1545 1054
1051 1536 1054
1063 1504 1054
1070 1491 1054
1108 1430 1054
1132 685 1054
1141 1201 1054
1142 573 1054
1191 1225 1054
1202 1204 1054
1218 1184 1054
1227 999 1054
1231 1069 1054
67 1131 1055
67 1132 1055
68 1136 1055
70 1120 1055
120 1100 1055
142 1372 1055
183 765 1055
187 766 1055
192 748 1055
194 656 1055
228 1576 1055
244 1570 1055
312 535 1055
318 1649 1055
432 509 1055
448 479 1055
519 1741 1055
553 384 1055
555 1680 1055
600 366 1055
603 364 1055
609 363 1055
643 494 1055
644 495 1055
645 496 1055
646 497 1055
659 404 1055
672 436 1055
673 437 1055
674 438 1055
678 443 1055
742 477 1055
743 477 1055
751 1690 1055
755 1688 1055
756 478 1055
817 518 1055
818 517 1055
852 1620 1055
855 1702 1055
944 434 1055
954 440 1055
975 1566 1055
996 1626 1055
1003 1489 1055
1009 519 1055
1012 455 1055
1062 1506 1055
1071 1489 1055
1093 482 1055
1094 483 1055
1109 1429 1055
1153 1405 1055
1155 912 1055
1155 1404 1055
1157 1403 1055
1159 607 1055
1160 1401 1055
1163 1399 1055
1178 1087 1055
1178 1088 1055
1179 1091 1055
1208 687 1055
69 1121 1056
141 1360 1056
141 1361 1056
142 1377 1056
142 1378 1056
142 1379 1056
174 777 1056
188 766 1056
192 658 1056
193 657 1056
225 1578 1056
274 1671 1056
275 636 1056
313 535 1056
356 604 1056
411 560 1056
468 409 1056
546 451 1056
552 385 1056
555 1680 1056
582 1684 1056
596 1688 1056
617 362 1056
657 397 1056
660 413 1056
673 517 1056
690 455 1056
721 1796 1056
752 1689 1056
766 1760 1056
788 1664 1056
816 518 1056
858 1701 1056
921 503 1056
924 1663 1056
990 1630 1056
1012 456 1056
1021 455 1056
1024 455 1056
1025 455 1056
1034 1583 1056
1048 1547 1056
1095 484 1056
1096 485 1056
1110 1428 1056
1151 1406 1056
1154 873 1056
1192 1223 1056
1214 858 1056
1219 723 1056
1232 1075 1056
1245 1138 1056
68 1156 1057
69 1122 1057
70 1142 1057
136 1463 1057
141 1359 1057
153 1507 1057
189 766 1057
223 619 1057
223 1579 1057
234 1559 1057
262 1657 1057
312 1706 1057
314 536 1057
343 518 1057
356 605 1057
403 1680 1057
487 464 1057
496 462 1057
545 452 1057
556 1680 1057
562 441 1057
597 1688 1057
632 1702 1057
690 456 1057
721 1796 1057
733 477 1057
748 531 1057
782 1670 1057
786 1666 1057
794 1745 1057
798 520 1057
810 519 1057
817 1637 1057
859 1700 1057
919 502 1057
936 1657 1057
951 1581 1057
974 1567 1057
1001 1622 1057
1011 457 1057
1033 1584 1057
1059 1402 1057
1079 469 1057
1080 470 1057
1081 471 1057
1097 486 1057
1111 1427 1057
1144 755 1057
1146 1407 1057
1149 707 1057
1177 1080 1057
1216 714 1057
1231 951 1057
1231 1073 1057
69 1123 1058
69 1155 1058
72 1144 1058
127 1216 1058
143 1497 1058
144 1498 1058
152 856 1058
186 727 1058
189 766 1058
230 1551 1058
231 1552 1058
232 1554 1058
275 1672 1058
312 1706 1058
315 536 1058
343 520 1058
380 475 1058
404 1679 1058
468 1771 1058
495 463 1058
544 453 1058
556 1680 1058
655 510 1058
658 414 1058
705 471 1058
710 1726 1058
743 478 1058
749 531 1058
752 1690 1058
794 1745 1058
799 520 1058
825 1631 1058
860 1699 1058
939 516 1058
951 1581 1058
988 1631 1058
1011 458 1058
1030 1587 1058
1031 1586 1058
1032 1585 1058
1059 1401 1058
1060 1508 1058
1073 1484 1058
1074 1481 1058
1078 468 1058
1098 487 1058
1120 1418 1058
1132 1280 1058
1133 1289 1058
1166 1029 1058
1212 756 1058
1227 1039 1058
1231 932 1058
1245 1137 1058
69 1125 1059
70 1154 1059
71 1153 1059
72 1152 1059
121 1092 1059
127 1214 1059
135 1461 1059
141 1494 1059
143 1385 1059
151 857 1059
185 728 1059
197 745 1059
224 1546 1059
225 1546 1059
226 1547 1059
227 1548 1059
228 1549 1059
229 1550 1059
250 666 1059
275 1672 1059
312 1706 1059
320 537 1059
341 1712 1059
343 522 1059
386 588 1059
405 1678 1059
432 530 1059
490 464 1059
495 407 1059
522 1740 1059
543 454 1059
556 1680 1059
564 1743 1059
636 1703 1059
720 1796 1059
750 531 1059
800 520 1059
807 520 1059
826 1630 1059
882 1602 1059
930 1584 1059
938 1656 1059
939 517 1059
953 440 1059
994 1526 1059
1001 1492 1059
1003 1621 1059
1076 1477 1059
1099 488 1059
1112 1425 1059
1121 1417 1059
1132 1279 1059
1133 1290 1059
1188 1339 1059
1191 660 1059
1192 1225 1059
69 1128 1060
122 1091 1060
141 1492 1060
141 1493 1060
150 858 1060
150 859 1060
180 777 1060
181 749 1060
198 745 1060
221 1548 1060
222 1547 1060
251 665 1060
252 662 1060
261 1656 1060
312 1706 1060
321 538 1060
323 1712 1060
324 1712 1060
325 1712 1060
340 1713 1060
343 524 1060
354 608 1060
406 1677 1060
435 517 1060
450 480 1060
467 410 1060
470 1770 1060
476 409 1060
494 407 1060
498 463 1060
522 1740 1060
542 455 1060
583 1683 1060
613 1760 1060
623 362 1060
624 362 1060
625 362 1060
628 363 1060
629 364 1060
656 413 1060
702 470 1060
710 1725 1060
743 1781 1060
744 1780 1060
760 530 1060
787 1664 1060
801 520 1060
806 520 1060
827 1629 1060
834 1625 1060
850 1620 1060
883 1602 1060
930 1584 1060
939 518 1060
941 1655 1060
966 1647 1060
993 1527 1060
1000 1506 1060
1004 523 1060
1024 1593 1060
1039 1569 1060
1046 1551 1060
1066 1382 1060
1100 489 1060
1132 1278 1060
1145 578 1060
1160 1170 1060
1164 1000 1060
1165 1026 1060
1174 1069 1060
1186 1314 1060
1186 1315 1060
1192 661 1060
1192 1271 1060
1218 1186 1060
120 1335 1061
120 1337 1061
120 1339 1061
123 1090 1061
141 1491 1061
156 861 1061
180 748 1061
184 776 1061
185 775 1061
190 663 1061
218 1550 1061
219 1549 1061
222 1606 1061
223 1607 1061
260 1655 1061
276 1672 1061
312 1706 1061
322 540 1061
326 1713 1061
337 1714 1061
338 1714 1061
341 1714 1061
344 525 1061
344 610 1061
358 504 1061
358 608 1061
406 1676 1061
425 1693 1061
490 407 1061
491 407 1061
492 407 1061
493 407 1061
499 1751 1061
507 1684 1061
516 460 1061
522 1740 1061
541 456 1061
561 1742 1061
639 1703 1061
655 412 1061
718 1797 1061
742 1782 1061
750 1774 1061
763 530 1061
766 1758 1061
802 520 1061
805 520 1061
828 1628 1061
832 1626 1061
929 1585 1061
952 440 1061
952 526 1061
964 526 1061
966 1647 1061
993 525 1061
1003 524 1061
1006 1617 1061
1039 1569 1061
1065 1383 1061
1101 490 1061
1132 1277 1061
1134 1294 1061
1134 1295 1061
1146 744 1061
1160 1169 1061
1186 1324 1061
1187 1333 1061
1192 662 1061
1218 1186 1061
1224 881 1061
108 1052 1062
120 1343 1062
124 1089 1062
133 1455 1062
133 1456 1062
138 1277 1062
138 1278 1062
138 1279 1062
139 1286 1062
139 1287 1062
141 1490 1062
149 864 1062
159 862 1062
190 663 1062
215 1553 1062
258 1584 1062
312 1706 1062
324 541 1062
334 612 1062
335 612 1062
335 1714 1062
341 612 1062
342 1715 1062
350 610 1062
351 1664 1062
357 609 1062
407 1675 1062
466 411 1062
489 407 1062
506 1684 1062
509 461 1062
520 460 1062
521 460 1062
522 460 1062
522 1740 1062
523 460 1062
524 460 1062
540 457 1062
568 442 1062
603 1689 1062
654 411 1062
732 479 1062
742 479 1062
803 520 1062
804 520 1062
830 1627 1062
928 1658 1062
953 441 1062
992 1528 1062
997 525 1062
998 1510 1062
1002 525 1062
1022 1594 1062
1039 1569 1062
1040 525 1062
1102 491 1062
1132 1276 1062
1142 1203 1062
1145 744 1062
1160 1168 1062
1207 797 1062
1209 778 1062
1212 762 1062
1220 870 1062
1230 1046 1062
1244 1137 1062
109 1051 1063
113 1048 1063
113 1049 1063
113 1050 1063
114 1053 1063
124 1088 1063
138 1274 1063
139 1285 1063
140 1292 1063
140 1293 1063
140 1294 1063
140 1300 1063
141 1305 1063
141 1306 1063
141 1307 1063
148 865 1063
190 664 1063
214 1555 1063
250 1622 1063
259 1654 1063
278 1673 1063
328 1714 1063
329 1714 1063
330 1714 1063
331 613 1063
336 613 1063
340 613 1063
343 1716 1063
408 1674 1063
425 1690 1063
472 1767 1063
488 407 1063
501 1750 1063
506 462 1063
506 1684 1063
528 460 1063
536 459 1063
538 459 1063
604 1689 1063
641 1704 1063
712 1722 1063
716 1798 1063
772 527 1063
779 524 1063
804 520 1063
915 503 1063
944 1654 1063
962 527 1063
1029 1435 1063
1039 1569 1063
1044 1553 1063
1123 1415 1063
1132 1275 1063
1135 1311 1063
1142 1204 1063
1160 1167 1063
1162 1008 1063
1162 1009 1063
1162 1012 1063
1162 1013 1063
1162 1014 1063
1162 1015 1063
1162 1016 1063
1163 1020 1063
124 1087 1064
126 1391 1064
131 1444 1064
131 1445 1064
131 1449 1064
132 1452 1064
142 1310 1064
142 1339 1064
190 665 1064
205 1582 1064
225 1610 1064
249 668 1064
252 1627 1064
303 1626 1064
330 614 1064
337 614 1064
339 614 1064
353 1663 1064
361 610 1064
388 594 1064
389 594 1064
425 1689 1064
465 412 1064
505 1684 1064
605 1689 1064
715 1798 1064
731 480 1064
746 480 1064
749 480 1064
752 1772 1064
797 1743 1064
804 520 1064
857 491 1064
901 1671 1064
904 1669 1064
915 504 1064
946 1653 1064
961 527 1064
995 526 1064
1003 526 1064
1004 1620 1064
1020 1595 1064
1039 1569 1064
1053 461 1064
1055 462 1064
1058 554 1064
1078 1475 1064
1102 493 1064
1103 494 1064
1132 1273 1064
1135 1241 1064
1135 1298 1064
1142 1204 1064
1144 859 1064
1146 579 1064
1231 977 1064
113 1043 1065
124 1086 1065
138 1233 1065
143 1333 1065
143 1334 1065
143 1337 1065
190 666 1065
227 1612 1065
228 614 1065
253 1630 1065
259 1584 1065
304 1626 1065
330 615 1065
338 615 1065
345 1717 1065
351 612 1065
361 611 1065
387 1742 1065
393 594 1065
424 546 1065
424 1687 1065
425 1688 1065
436 523 1065
473 1765 1065
570 444 1065
658 430 1065
658 1719 1065
674 1792 1065
713 1720 1065
753 1771 1065
805 520 1065
806 454 1065
858 491 1065
881 1603 1065
904 1669 1065
953 443 1065
960 527 1065
1003 1621 1065
1016 1600 1065
1018 1597 1065
1025 1438 1065
1056 1514 1065
1058 464 1065
1103 495 1065
1104 496 1065
1105 497 1065
1109 1353 1065
1111 1352 1065
1113 1351 1065
1135 1241 1065
1142 1205 1065
1162 614 1065
1167 963 1065
1170 1061 1065
1180 1386 1065
1182 1383 1065
1183 1381 1065
1184 1366 1065
1184 1367 1065
1184 1368 1065
1184 1369 1065
1184 1370 1065
1184 1371 1065
1184 1372 1065
1184 1373 1065
1184 1376 1065
1187 1344 1065
1191 1232 1065
1195 1221 1065
1205 690 1065
1207 749 1065
113 1042 1066
114 1040 1066
118 1325 1066
124 1388 1066
139 1234 1066
139 1268 1066
139 1269 1066
143 1321 1066
143 1322 1066
143 1323 1066
143 1324 1066
143 1332 1066
143 1335 1066
143 1336 1066
146 870 1066
183 783 1066
184 782 1066
190 667 1066
190 668 1066
206 1582 1066
214 626 1066
227 1613 1066
305 1626 1066
312 1706 1066
329 616 1066
338 616 1066
359 510 1066
394 595 1066
412 573 1066
488 408 1066
504 1684 1066
523 1740 1066
619 1759 1066
694 468 1066
741 481 1066
742 481 1066
745 481 1066
754 1770 1066
793 1744 1066
806 520 1066
842 427 1066
882 1603 1066
953 444 1066
993 466 1066
994 466 1066
995 466 1066
1003 1621 1066
1039 1568 1066
1078 1476 1066
1105 498 1066
1106 499 1066
1107 1354 1066
1123 518 1066
1136 1300 1066
1142 1205 1066
1160 1168 1066
1169 1059 1066
1177 1390 1066
1178 1389 1066
1179 1388 1066
1184 1363 1066
1184 1375 1066
1207 752 1066
1223 1178 1066
117 1321 1067
122 1379 1067
123 1386 1067
130 1440 1067
143 1314 1067
143 1327 1067
143 1328 1067
143 1329 1067
143 1330 1067
143 1331 1067
144 875 1067
145 874 1067
146 873 1067
174 800 1067
183 784 1067
227 615 1067
228 1614 1067
258 1651 1067
306 1626 1067
312 1706 1067
320 1644 1067
329 617 1067
338 617 1067
347 1718 1067
357 613 1067
359 513 1067
359 613 1067
366 503 1067
371 1665 1067
388 1740 1067
395 596 1067
406 579 1067
409 577 1067
410 576 1067
411 575 1067
412 574 1067
415 1675 1067
421 1681 1067
423 1684 1067
425 548 1067
500 465 1067
647 398 1067
648 401 1067
693 468 1067
710 1799 1067
714 1718 1067
755 1769 1067
756 480 1067
766 479 1067
801 1740 1067
840 428 1067
845 427 1067
881 1684 1067
882 1683 1067
904 1669 1067
996 1513 1067
1008 1469 1067
1057 563 1067
1107 501 1067
1108 502 1067
1133 1269 1067
1142 1206 1067
1163 1164 1067
1164 1163 1067
1165 1162 1067
1166 1161 1067
1171 1155 1067
1172 1154 1067
1175 1392 1067
1176 1391 1067
1207 754 1067
1211 856 1067
117 1037 1068
117 1057 1068
121 1373 1068
121 1374 1068
130 1439 1068
132 905 1068
132 906 1068
133 1112 1068
134 1117 1068
135 1123 1068
138 1132 1068
140 1266 1068
140 1490 1068
144 876 1068
148 1388 1068
158 1434 1068
159 1437 1068
161 1443 1068
173 801 1068
175 798 1068
214 627 1068
225 616 1068
229 1615 1068
258 1651 1068
291 1608 1068
307 1626 1068
313 1707 1068
327 550 1068
328 618 1068
338 618 1068
348 1718 1068
352 614 1068
359 516 1068
370 1663 1068
392 597 1068
407 580 1068
416 1765 1068
417 1676 1068
418 1677 1068
419 1678 1068
466 413 1068
591 1748 1068
659 1718 1068
692 468 1068
744 482 1068
771 478 1068
812 452 1068
826 1718 1068
837 429 1068
879 1686 1068
880 1685 1068
883 1682 1068
952 445 1068
1003 1621 1068
1011 1606 1068
1038 1568 1068
1045 1546 1068
1057 566 1068
1060 574 1068
1108 503 1068
1142 1207 1068
1145 578 1068
1159 1170 1068
1162 612 1068
1167 1055 1068
1174 1393 1068
1203 688 1068
1206 794 1068
1207 837 1068
1233 1161 1068
114 1314 1069
118 1036 1069
120 1364 1069
122 1077 1069
127 914 1069
127 915 1069
129 912 1069
131 909 1069
132 902 1069
138 885 1069
138 886 1069
139 882 1069
141 879 1069
168 824 1069
169 824 1069
214 628 1069
229 1615 1069
245 675 1069
308 1627 1069
313 1707 1069
315 619 1069
316 619 1069
317 619 1069
318 619 1069
328 619 1069
338 619 1069
350 1718 1069
362 614 1069
369 1662 1069
389 1738 1069
406 1668 1069
418 1767 1069
426 550 1069
473 1764 1069
487 410 1069
489 410 1069
490 410 1069
491 410 1069
503 1684 1069
593 1749 1069
648 1708 1069
671 1790 1069
674 453 1069
792 1744 1069
833 432 1069
836 430 1069
857 492 1069
878 1687 1069
884 1681 1069
905 1668 1069
951 445 1069
1003 1621 1069
1038 1567 1069
1040 460 1069
1041 460 1069
1042 460 1069
1043 460 1069
1044 460 1069
1055 1389 1069
1059 573 1069
1061 579 1069
1142 1207 1069
1162 611 1069
1173 1394 1069
1179 648 1069
1187 1349 1069
1190 1238 1069
1234 1160 1069
118 1035 1070
121 1070 1070
126 916 1070
126 917 1070
127 918 1070
135 1105 1070
135 1106 1070
137 891 1070
138 888 1070
138 1119 1070
149 1386 1070
166 775 1070
185 1496 1070
214 629 1070
230 1616 1070
244 1562 1070
261 659 1070
313 1707 1070
329 620 1070
338 620 1070
346 539 1070
359 521 1070
366 614 1070
368 1661 1070
405 1667 1070
420 1769 1070
455 1773 1070
671 452 1070
687 528 1070
691 469 1070
693 529 1070
706 1800 1070
757 1766 1070
758 1765 1070
778 476 1070
804 1738 1070
815 451 1070
828 1717 1070
846 1704 1070
911 412 1070
922 1658 1070
943 528 1070
944 528 1070
964 1645 1070
1038 1566 1070
1046 461 1070
1063 582 1070
1064 1500 1070
1111 509 1070
1142 1208 1070
1146 580 1070
1146 827 1070
1157 1173 1070
1190 1239 1070
1212 1199 1070
1226 892 1070
118 1034 1071
125 920 1071
125 921 1071
125 922 1071
134 896 1071
134 899 1071
135 893 1071
139 1118 1071
158 1430 1071
162 1442 1071
169 793 1071
185 1495 1071
222 618 1071
230 1616 1071
260 1582 1071
262 659 1071
313 1707 1071
319 1640 1071
329 621 1071
338 621 1071
347 540 1071
359 524 1071
389 477 1071
390 1736 1071
404 1666 1071
408 583 1071
421 1770 1071
456 1773 1071
469 1767 1071
470 1766 1071
478 1698 1071
482 411 1071
483 411 1071
484 411 1071
538 461 1071
569 448 1071
642 392 1071
650 1709 1071
697 531 1071
698 531 1071
702 1800 1071
703 1800 1071
704 1800 1071
705 1800 1071
805 1737 1071
829 1716 1071
849 1703 1071
855 493 1071
881 1604 1071
949 528 1071
1047 462 1071
1052 1521 1071
1065 584 1071
1065 1498 1071
1089 1363 1071
1133 1260 1071
1133 1261 1071
1142 1209 1071
1162 610 1071
1171 1395 1071
1190 1240 1071
1211 819 1071
1228 1050 1071
1237 1098 1071
1238 1100 1071
1239 1105 1071
118 1033 1072
120 1060 1072
121 1067 1072
124 925 1072
124 926 1072
140 1118 1072
141 1489 1072
181 1485 1072
221 619 1072
230 1616 1072
256 1644 1072
257 1647 1072
313 1707 1072
344 547 1072
347 542 1072
355 1718 1072
390 476 1072
403 1665 1072
409 583 1072
461 1772 1072
465 1770 1072
478 412 1072
479 1697 1072
502 1684 1072
510 1744 1072
587 1680 1072
617 1690 1072
652 1710 1072
670 1790 1072
674 527 1072
700 1800 1072
701 1800 1072
719 1712 1072
720 1711 1072
806 1736 1072
876 1689 1072
940 528 1072
960 459 1072
1002 529 1072
1063 1503 1072
1084 1462 1072
1085 1366 1072
1091 1361 1072
1096 1358 1072
1133 1258 1072
1155 1176 1072
1162 610 1072
1169 1396 1072
1186 1310 1072
1186 1311 1072
1186 1312 1072
1198 1218 1072
1235 1160 1072
1239 1106 1072
1239 1150 1072
1240 1146 1072
1241 1112 1072
1242 1116 1072
1243 1134 1072
1243 1135 1072
1243 1136 1072
126 930 1073
139 1178 1073
141 1119 1073
142 1261 1073
142 1489 1073
180 1482 1073
187 1505 1073
189 1505 1073
230 1616 1073
243 680 1073
244 679 1073
311 1629 1073
313 1707 1073
318 1638 1073
352 540 1073
364 1658 1073
369 514 1073
391 476 1073
403 1664 1073
424 1772 1073
480 1696 1073
513 1743 1073
612 473 1073
618 1690 1073
659 1715 1073
669 1789 1073
699 1800 1073
718 1713 1073
721 1710 1073
791 1744 1073
830 1715 1073
936 527 1073
1044 1547 1073
1063 1503 1073
1078 1474 1073
1083 1464 1073
1084 1367 1073
1092 1360 1073
1093 1359 1073
1095 1358 1073
1155 1178 1073
1192 1274 1073
1211 860 1073
1225 1177 1073
1236 1096 1073
1242 1118 1073
1242 1140 1073
1243 1121 1073
1243 1122 1073
1243 1123 1073
1243 1124 1073
1243 1125 1073
1243 1126 1073
1243 1127 1073
1243 1128 1073
1243 1129 1073
1243 1130 1073
1243 1131 1073
1243 1132 1073
1243 1133 1073
106 1295 1074
108 1301 1074
109 1305 1074
110 1307 1074
124 932 1074
128 932 1074
138 1100 1074
138 1101 1074
140 1179 1074
142 1119 1074
142 1488 1074
146 1315 1074
157 1426 1074
190 1506 1074
230 1616 1074
313 1707 1074
392 476 1074
402 1663 1074
410 584 1074
430 552 1074
484 1693 1074
488 470 1074
489 470 1074
490 470 1074
493 1689 1074
495 1688 1074
497 1687 1074
554 388 1074
587 1679 1074
626 485 1074
627 486 1074
628 487 1074
639 391 1074
669 1789 1074
704 534 1074
707 535 1074
708 535 1074
722 1709 1074
812 519 1074
886 411 1074
907 413 1074
937 528 1074
1003 1620 1074
1006 468 1074
1050 1524 1074
1062 1504 1074
1067 1495 1074
1079 1371 1074
1082 1466 1074
1148 583 1074
1155 1181 1074
1168 1396 1074
1186 1318 1074
1186 1319 1074
1192 1273 1074
1203 796 1074
1223 1022 1074
1236 1158 1074
106 1294 1075
122 934 1075
129 934 1075
138 1099 1075
141 1180 1075
143 1119 1075
164 1444 1075
224 620 1075
230 1616 1075
242 682 1075
281 1670 1075
364 618 1075
390 1731 1075
402 1662 1075
410 585 1075
427 1773 1075
470 414 1075
488 1691 1075
498 470 1075
500 469 1075
551 1737 1075
621 1691 1075
629 488 1075
638 391 1075
669 1789 1075
723 1708 1075
728 1787 1075
763 1760 1075
813 519 1075
854 1701 1075
868 1693 1075
870 1692 1075
907 414 1075
907 511 1075
990 532 1075
1000 531 1075
1033 1429 1075
1062 1504 1075
1067 1494 1075
1079 1472 1075
1081 1468 1075
1189 1295 1075
1192 1271 1075
1192 1272 1075
1223 998 1075
1225 893 1075
1237 1156 1075
106 1292 1076
122 935 1076
129 935 1076
144 1120 1076
167 783 1076
192 1507 1076
225 710 1076
226 620 1076
261 1581 1076
281 1669 1076
288 1680 1076
296 1610 1076
340 624 1076
401 1661 1076
428 1773 1076
504 1683 1076
526 1738 1076
550 1737 1076
637 391 1076
669 1789 1076
721 485 1076
724 1707 1076
763 1760 1076
808 1734 1076
814 519 1076
855 1700 1076
867 1693 1076
876 412 1076
906 511 1076
937 438 1076
976 532 1076
977 532 1076
978 532 1076
979 532 1076
981 532 1076
982 532 1076
983 532 1076
993 532 1076
1037 1563 1076
1042 1549 1076
1049 554 1076
1062 1504 1076
1079 1472 1076
1149 585 1076
1151 1404 1076
1159 604 1076
1168 970 1076
1169 1395 1076
1185 1349 1076
1189 1293 1076
1189 1294 1076
1200 1216 1076
1219 1187 1076
1226 1176 1076
1234 1093 1076
1237 1155 1076
105 1280 1077
105 1281 1077
106 1290 1077
110 1349 1077
110 1350 1077
111 1352 1077
118 1029 1077
122 936 1077
129 936 1077
145 1120 1077
145 1231 1077
147 1312 1077
152 1406 1077
154 826 1077
165 1444 1077
184 788 1077
195 1567 1077
229 1614 1077
281 1668 1077
289 1681 1077
314 1707 1077
331 625 1077
367 619 1077
389 1727 1077
428 1773 1077
442 528 1077
473 414 1077
545 397 1077
546 396 1077
547 395 1077
548 394 1077
549 393 1077
557 386 1077
589 1678 1077
668 1788 1077
725 1706 1077
726 1705 1077
731 486 1077
733 486 1077
785 1653 1077
809 1733 1077
856 1699 1077
866 1693 1077
877 413 1077
891 413 1077
905 415 1077
1032 466 1077
1089 1453 1077
1108 1429 1077
1158 602 1077
1185 1327 1077
1185 1328 1077
1185 1329 1077
1185 1330 1077
1189 1291 1077
1189 1292 1077
1200 1216 1077
1220 1186 1077
1224 890 1077
104 1278 1078
104 1279 1078
104 1282 1078
105 1285 1078
122 937 1078
123 938 1078
146 1230 1078
147 1311 1078
176 1474 1078
188 674 1078
190 702 1078
213 636 1078
215 1588 1078
229 1614 1078
281 1666 1078
290 1682 1078
297 1610 1078
366 620 1078
370 619 1078
400 1660 1078
428 1773 1078
437 552 1078
495 471 1078
545 398 1078
550 392 1078
559 385 1078
590 1678 1078
668 1788 1078
688 1798 1078
689 1798 1078
727 1704 1078
736 487 1078
760 486 1078
772 1675 1078
785 1653 1078
878 414 1078
890 414 1078
968 1643 1078
1047 1528 1078
1063 1380 1078
1074 472 1078
1142 829 1078
1153 593 1078
1154 595 1078
1223 888 1078
1227 1175 1078
123 1060 1079
129 941 1079
146 1256 1079
146 1303 1079
147 1229 1079
147 1309 1079
147 1310 1079
154 1409 1079
156 1417 1079
166 1443 1079
176 1473 1079
189 673 1079
194 1506 1079
196 1569 1079
213 636 1079
215 1588 1079
244 1556 1079
297 1609 1079
302 628 1079
327 626 1079
365 621 1079
394 480 1079
428 1773 1079
457 493 1079
535 1736 1079
586 1678 1079
668 1788 1079
687 1798 1079
725 1789 1079
726 546 1079
728 1703 1079
772 1675 1079
785 1653 1079
877 415 1079
879 415 1079
889 415 1079
903 416 1079
933 436 1079
934 530 1079
1002 1620 1079
1036 1562 1079
1040 1551 1079
1046 1530 1079
1061 1504 1079
1069 598 1079
1079 1471 1079
1090 1452 1079
1104 639 1079
1119 538 1079
1142 830 1079
1152 591 1079
1161 1045 1079
1171 1392 1079
1201 1214 1079
1215 871 1079
1217 875 1079
1220 883 1079
1230 939 1079
103 1276 1080
112 1356 1080
129 942 1080
146 1183 1080
152 1378 1080
156 1416 1080
176 1472 1080
189 704 1080
190 672 1080
213 637 1080
215 1588 1080
221 716 1080
245 1556 1080
346 627 1080
357 1655 1080
364 622 1080
428 1773 1080
507 1681 1080
525 410 1080
569 382 1080
627 1693 1080
685 1797 1080
692 477 1080
725 1789 1080
745 489 1080
746 489 1080
767 1757 1080
837 1619 1080
880 416 1080
889 416 1080
971 1641 1080
999 470 1080
1007 470 1080
1033 1427 1080
1039 1553 1080
1075 609 1080
1097 1443 1080
1104 1435 1080
1105 643 1080
1119 539 1080
1130 1243 1080
1132 813 1080
1142 831 1080
1143 1210 1080
1151 589 1080
1176 1385 1080
1178 1380 1080
1201 1214 1080
1203 704 1080
1216 873 1080
109 1345 1081
112 1357 1081
124 1060 1081
125 1026 1081
152 1377 1081
156 1415 1081
176 1471 1081
191 671 1081
195 1505 1081
197 753 1081
197 1570 1081
228 1612 1081
235 621 1081
245 1555 1081
294 1685 1081
315 1706 1081
316 1629 1081
352 627 1081
363 542 1081
372 621 1081
428 1772 1081
573 381 1081
669 1788 1081
724 1789 1081
794 1741 1081
818 518 1081
881 417 1081
888 417 1081
1038 1554 1081
1060 1505 1081
1098 1442 1081
1103 1436 1081
1129 1244 1081
1165 1086 1081
1172 1390 1081
1173 1389 1081
1174 1388 1081
1176 1099 1081
1184 1353 1081
1224 898 1081
148 1226 1082
148 1253 1082
149 1120 1082
156 1414 1082
176 1470 1082
197 754 1082
197 1570 1082
215 1588 1082
228 1612 1082
234 622 1082
239 691 1082
263 1580 1082
297 1608 1082
309 574 1082
348 628 1082
350 628 1082
402 474 1082
429 1772 1082
508 469 1082
509 1680 1082
527 467 1082
545 1735 1082
654 1774 1082
683 1796 1082
730 1701 1082
773 1673 1082
789 1653 1082
790 1653 1082
791 1653 1082
792 1653 1082
794 1741 1082
844 1615 1082
882 418 1082
883 418 1082
887 418 1082
972 1556 1082
1051 572 1082
1067 599 1082
1113 1424 1082
1133 1412 1082
1162 1041 1082
1184 1353 1082
1207 763 1082
1224 899 1082
101 1271 1083
101 1272 1083
124 994 1083
125 992 1083
125 993 1083
127 952 1083
143 1094 1083
149 1253 1083
150 1119 1083
158 1155 1083
216 1589 1083
234 623 1083
238 693 1083
263 1579 1083
356 1653 1083
364 544 1083
367 624 1083
416 456 1083
429 1771 1083
445 529 1083
509 469 1083
509 1680 1083
517 469 1083
518 469 1083
519 469 1083
520 469 1083
521 469 1083
522 469 1083
529 467 1083
578 379 1083
655 1775 1083
671 1789 1083
731 1700 1083
788 1653 1083
819 518 1083
842 1616 1083
843 1615 1083
884 419 1083
886 419 1083
893 1676 1083
894 419 1083
895 419 1083
895 1675 1083
896 419 1083
903 420 1083
904 421 1083
905 422 1083
906 423 1083
907 424 1083
927 434 1083
972 1555 1083
974 1639 1083
1002 1484 1083
1005 1476 1083
1042 468 1083
1043 1534 1083
1113 1424 1083
1131 814 1083
1142 835 1083
1149 587 1083
1157 894 1083
1188 1286 1083
1207 763 1083
1225 905 1083
1225 906 1083
1225 907 1083
1225 909 1083
1225 910 1083
1225 916 1083
1232 1095 1083
125 982 1084
125 983 1084
125 984 1084
125 1058 1084
126 975 1084
126 976 1084
126 977 1084
126 978 1084
126 979 1084
126 980 1084
126 981 1084
126 985 1084
126 986 1084
126 987 1084
126 988 1084
126 989 1084
127 955 1084
143 1093 1084
150 1228 1084
151 1119 1084
151 1183 1084
159 1156 1084
196 1504 1084
197 756 1084
198 1571 1084
216 1589 1084
228 1611 1084
234 624 1084
245 1553 1084
296 1606 1084
315 1705 1084
318 1629 1084
350 629 1084
367 625 1084
399 1657 1084
417 455 1084
418 451 1084
503 470 1084
510 469 1084
510 1680 1084
516 469 1084
520 1740 1084
607 1754 1084
652 518 1084
655 1775 1084
722 487 1084
732 1699 1084
748 543 1084
852 500 1084
885 420 1084
887 1680 1084
897 420 1084
898 420 1084
899 420 1084
899 1673 1084
932 532 1084
941 532 1084
1001 1486 1084
1048 1404 1084
1049 1403 1084
1063 470 1084
1138 716 1084
1179 636 1084
1206 763 1084
1223 1011 1084
1225 917 1084
100 1268 1085
126 974 1085
127 973 1085
128 957 1085
152 1119 1085
184 796 1085
196 1503 1085
211 642 1085
219 1523 1085
287 587 1085
308 575 1085
318 1628 1085
430 1770 1085
512 414 1085
515 469 1085
516 1678 1085
583 377 1085
605 1753 1085
632 1694 1085
648 517 1085
655 1775 1085
673 1790 1085
678 467 1085
679 468 1085
733 1698 1085
751 542 1085
770 1755 1085
820 518 1085
851 501 1085
884 421 1085
973 1550 1085
1007 1604 1085
1011 471 1085
1023 1578 1085
1047 1405 1085
1062 470 1085
1081 621 1085
1131 686 1085
1137 716 1085
1144 1211 1085
1148 587 1085
1178 635 1085
1224 902 1085
1224 996 1085
1225 918 1085
1225 919 1085
100 1264 1086
110 1341 1086
129 959 1086
151 1251 1086
153 1119 1086
154 1183 1086
161 1500 1086
196 758 1086
209 645 1086
210 644 1086
211 643 1086
286 588 1086
298 1688 1086
308 576 1086
315 1704 1086
348 630 1086
356 1651 1086
366 546 1086
396 487 1086
430 1769 1086
514 469 1086
535 466 1086
536 1668 1086
585 376 1086
605 1678 1086
721 488 1086
734 1698 1086
770 1755 1086
850 502 1086
877 1605 1086
884 422 1086
903 1671 1086
931 533 1086
940 533 1086
941 1653 1086
1007 1470 1086
1021 1583 1086
1041 1536 1086
1046 1406 1086
1082 623 1086
1107 655 1086
1130 813 1086
1147 587 1086
1176 1142 1086
1225 920 1086
1227 1062 1086
101 1262 1087
101 1263 1087
102 1260 1087
126 1057 1087
130 961 1087
151 1222 1087
153 1370 1087
154 1119 1087
155 1182 1087
158 1145 1087
162 1501 1087
196 1502 1087
235 626 1087
245 1551 1087
298 1688 1087
430 1768 1087
452 420 1087
518 1741 1087
522 1676 1087
547 464 1087
550 464 1087
551 464 1087
586 1741 1087
673 532 1087
718 1790 1087
735 1698 1087
752 543 1087
777 1670 1087
832 444 1087
849 503 1087
929 533 1087
980 540 1087
992 538 1087
994 1499 1087
1001 1620 1087
1033 1562 1087
1045 1407 1087
1052 582 1087
1060 471 1087
1064 1492 1087
1082 624 1087
1083 625 1087
1084 626 1087
1130 813 1087
1139 1410 1087
1146 587 1087
1201 838 1087
1223 901 1087
1223 959 1087
1225 921 1087
146 1091 1088
153 1369 1088
155 1119 1088
156 1182 1088
162 1501 1088
207 650 1088
262 597 1088
295 1603 1088
298 1688 1088
315 1703 1088
319 1628 1088
351 1714 1088
394 494 1088
395 492 1088
430 1767 1088
439 562 1088
444 421 1088
445 420 1088
446 420 1088
447 420 1088
448 420 1088
450 420 1088
451 420 1088
455 420 1088
456 420 1088
460 420 1088
461 508 1088
495 473 1088
513 469 1088
518 1741 1088
551 1734 1088
591 374 1088
616 1760 1088
643 414 1088
645 516 1088
675 534 1088
676 1791 1088
717 1790 1088
738 1778 1088
745 544 1088
753 543 1088
772 1754 1088
822 518 1088
833 1712 1088
848 504 1088
860 1693 1088
876 1605 1088
892 505 1088
980 541 1088
991 539 1088
993 1500 1088
1001 1620 1088
1019 1586 1088
1044 470 1088
1044 1408 1088
1052 471 1088
1057 471 1088
1058 471 1088
1089 496 1088
1090 497 1088
1130 813 1088
1131 560 1088
1136 718 1088
1145 587 1088
1173 633 1088
1183 1353 1088
1185 1316 1088
1186 1321 1088
1186 1322 1088
1198 735 1088
1223 959 1088
1225 922 1088
1235 1156 1088
103 1257 1089
114 1020 1089
129 968 1089
147 1091 1089
153 1221 1089
153 1368 1089
156 1119 1089
157 1181 1089
227 1608 1089
299 1689 1089
351 1714 1089
394 495 1089
394 496 1089
400 1653 1089
419 592 1089
422 591 1089
423 590 1089
430 1766 1089
440 562 1089
513 469 1089
587 1741 1089
592 374 1089
595 374 1089
596 374 1089
597 374 1089
598 374 1089
601 1751 1089
619 1761 1089
621 1762 1089
673 463 1089
676 535 1089
710 1790 1089
715 1790 1089
735 1698 1089
736 1779 1089
746 544 1089
793 467 1089
809 458 1089
812 457 1089
823 518 1089
833 1712 1089
837 443 1089
847 505 1089
906 1669 1089
990 540 1089
992 1501 1089
1001 1620 1089
1016 471 1089
1018 1587 1089
1039 1538 1089
1041 470 1089
1043 1409 1089
1073 1376 1089
1079 1371 1089
1080 1370 1089
1081 1369 1089
1082 1368 1089
1092 501 1089
1130 560 1089
1136 719 1089
1145 588 1089
1145 1212 1089
1186 1327 1089
1210 865 1089
1223 959 1089
1225 924 1089
111 1087 1090
111 1340 1090
112 1092 1090
113 1376 1090
113 1377 1090
113 1378 1090
113 1379 1090
113 1380 1090
114 1382 1090
119 1004 1090
119 1417 1090
148 1091 1090
157 1118 1090
158 1181 1090
161 1142 1090
170 1439 1090
206 652 1090
236 628 1090
299 1689 1090
311 578 1090
356 1649 1090
401 1652 1090
416 1750 1090
417 1752 1090
418 1753 1090
424 590 1090
450 421 1090
494 474 1090
552 1733 1090
593 375 1090
599 374 1090
600 374 1090
600 1750 1090
601 374 1090
642 415 1090
678 536 1090
734 1698 1090
742 1775 1090
747 544 1090
753 544 1090
792 468 1090
810 458 1090
824 518 1090
846 506 1090
875 1605 1090
991 1502 1090
1001 1620 1090
1004 472 1090
1006 472 1090
1007 472 1090
1008 472 1090
1017 1588 1090
1018 471 1090
1026 470 1090
1028 470 1090
1029 470 1090
1030 470 1090
1031 470 1090
1032 470 1090
1032 1562 1090
1033 470 1090
1036 1421 1090
1037 470 1090
1038 470 1090
1042 1410 1090
1087 1365 1090
1115 1421 1090
1121 554 1090
1122 555 1090
1130 813 1090
1142 1408 1090
1144 588 1090
1184 1351 1090
1186 1328 1090
1186 1329 1090
1187 662 1090
1191 1267 1090
1200 840 1090
1201 718 1090
1208 862 1090
1213 872 1090
1214 875 1090
1219 886 1090
1223 959 1090
1225 925 1090
105 1254 1091
112 1370 1091
127 1055 1091
155 1249 1091
158 1118 1091
159 1181 1091
162 1142 1091
170 844 1091
191 769 1091
255 674 1091
293 1601 1091
315 578 1091
316 1702 1091
369 550 1091
401 1651 1091
425 590 1091
459 421 1091
593 376 1091
599 375 1091
599 1749 1091
638 1695 1091
677 1791 1091
724 491 1091
743 1774 1091
797 1653 1091
807 461 1091
825 518 1091
833 1711 1091
925 534 1091
946 1652 1091
980 543 1091
987 542 1091
990 1503 1091
1010 1456 1091
1041 1411 1091
1076 1476 1091
1094 506 1091
1105 521 1091
1116 1420 1091
1118 552 1091
1130 693 1091
1144 589 1091
1169 631 1091
1184 1350 1091
1186 1330 1091
1186 1331 1091
1186 1332 1091
1186 1333 1091
1186 1340 1091
1190 1269 1091
1199 1221 1091
1220 891 1091
1221 894 1091
1221 895 1091
1221 896 1091
110 1082 1092
110 1083 1092
115 1385 1092
156 1249 1092
160 1181 1092
163 1142 1092
171 1437 1092
191 770 1092
198 758 1092
218 1592 1092
260 668 1092
262 598 1092
306 1612 1092
356 1648 1092
370 550 1092
448 422 1092
492 475 1092
523 416 1092
589 1741 1092
593 377 1092
599 376 1092
605 375 1092
607 376 1092
625 1763 1092
664 457 1092
665 458 1092
712 1789 1092
734 1780 1092
744 1773 1092
799 466 1092
826 518 1092
848 507 1092
848 1698 1092
850 1697 1092
868 1685 1092
887 429 1092
902 1598 1092
924 534 1092
966 1647 1092
989 1504 1092
990 542 1092
1051 472 1092
1071 612 1092
1072 613 1092
1076 1476 1092
1117 1419 1092
1130 694 1092
1184 1349 1092
1185 1286 1092
1186 1334 1092
1186 1341 1092
1192 1251 1092
1197 728 1092
110 1081 1093
112 1340 1093
119 1419 1093
131 1454 1093
132 1455 1093
150 1088 1093
160 1114 1093
160 1115 1093
161 1181 1093
164 1142 1093
171 1436 1093
179 1457 1093
191 771 1093
197 1566 1093
219 1593 1093
259 671 1093
262 599 1093
264 1575 1093
301 1689 1093
330 578 1093
331 578 1093
350 1713 1093
371 551 1093
375 636 1093
379 636 1093
380 636 1093
388 636 1093
391 635 1093
412 1741 1093
413 1743 1093
420 594 1093
458 422 1093
594 378 1093
599 377 1093
608 377 1093
652 1773 1093
732 1698 1093
734 1780 1093
745 1772 1093
774 1751 1093
840 443 1093
849 507 1093
874 1605 1093
886 430 1093
910 1667 1093
923 534 1093
931 1590 1093
948 1651 1093
967 1647 1093
976 544 1093
977 544 1093
978 544 1093
979 544 1093
980 544 1093
984 1633 1093
988 1505 1093
1015 1590 1093
1044 568 1093
1082 630 1093
1137 746 1093
1153 894 1093
1192 1248 1093
1192 1250 1093
1205 857 1093
1234 1158 1093
110 1080 1094
119 1420 1094
130 1453 1094
142 820 1094
151 1088 1094
157 1249 1094
258 673 1094
292 1599 1094
318 636 1094
321 579 1094
328 579 1094
334 579 1094
335 579 1094
336 579 1094
337 579 1094
401 1649 1094
409 485 1094
458 423 1094
490 476 1094
572 1671 1094
599 378 1094
628 1764 1094
640 1695 1094
734 1780 1094
746 1771 1094
827 518 1094
841 443 1094
841 1702 1094
850 507 1094
871 431 1094
902 1597 1094
923 535 1094
931 1590 1094
967 1647 1094
985 1632 1094
987 1506 1094
991 543 1094
1030 1558 1094
1037 1418 1094
1082 631 1094
1139 832 1094
1153 1404 1094
1156 956 1094
1164 628 1094
1165 978 1094
1184 1347 1094
1201 1220 1094
1230 1097 1094
1231 1074 1094
1232 1178 1094
1234 1158 1094
105 1172 1095
105 1173 1095
105 1174 1095
105 1175 1095
105 1177 1095
105 1178 1095
108 1250 1095
110 1079 1095
119 1421 1095
128 1051 1095
129 1450 1095
135 1012 1095
172 1435 1095
195 1563 1095
202 1574 1095
230 1608 1095
291 1598 1095
320 637 1095
321 1626 1095
358 635 1095
373 552 1095
410 486 1095
445 424 1095
455 522 1095
458 424 1095
479 1760 1095
631 1766 1095
734 1780 1095
757 493 1095
802 1652 1095
835 1707 1095
836 1706 1095
856 1693 1095
925 1659 1095
928 442 1095
929 442 1095
930 442 1095
962 545 1095
986 1507 1095
986 1631 1095
987 1630 1095
1000 1620 1095
1042 565 1095
1075 1478 1095
1105 531 1095
1128 568 1095
1137 775 1095
1154 1403 1095
1187 1278 1095
1204 856 1095
1231 1075 1095
109 1164 1096
110 1078 1096
112 1206 1096
113 1340 1096
115 1388 1096
119 1421 1096
136 1460 1096
137 849 1096
158 1250 1096
166 1141 1096
177 1519 1096
180 1455 1096
194 1560 1096
203 1575 1096
219 730 1096
222 1522 1096
303 1689 1096
313 639 1096
319 580 1096
320 580 1096
320 638 1096
321 580 1096
345 637 1096
346 637 1096
347 637 1096
348 637 1096
349 637 1096
350 637 1096
351 637 1096
352 637 1096
384 1710 1096
439 1675 1096
457 425 1096
479 1760 1096
514 1743 1096
570 1670 1096
612 380 1096
632 1766 1096
634 1767 1096
713 1788 1096
734 1780 1096
743 494 1096
748 1768 1096
749 1767 1096
774 1750 1096
828 518 1096
850 508 1096
873 1605 1096
881 432 1096
890 507 1096
936 443 1096
961 546 1096
963 546 1096
964 546 1096
965 546 1096
966 546 1096
985 1508 1096
988 1629 1096
1075 1478 1096
1120 1351 1096
1147 1211 1096
1160 622 1096
1187 1277 1096
1231 1076 1096
110 1077 1097
115 1388 1097
128 1447 1097
153 1356 1097
167 1140 1097
173 1434 1097
194 1558 1097
194 1559 1097
204 1576 1097
219 731 1097
222 1595 1097
238 1543 1097
256 678 1097
291 1597 1097
314 581 1097
317 581 1097
318 581 1097
321 639 1097
349 1712 1097
412 1738 1097
440 1674 1097
456 426 1097
550 408 1097
558 1730 1097
613 381 1097
614 382 1097
675 1787 1097
686 545 1097
687 545 1097
688 545 1097
771 544 1097
778 544 1097
779 544 1097
796 1653 1097
798 1736 1097
851 508 1097
920 536 1097
959 547 1097
960 547 1097
967 547 1097
969 547 1097
971 1528 1097
983 480 1097
984 1509 1097
989 1628 1097
990 479 1097
991 479 1097
999 1620 1097
1142 592 1097
1155 611 1097
1202 808 1097
1212 1199 1097
110 1076 1098
110 1201 1098
110 1245 1098
119 1415 1098
119 1416 1098
119 1420 1098
137 1461 1098
153 1353 1098
153 1354 1098
153 1355 1098
154 1088 1098
159 1251 1098
181 1454 1098
194 1557 1098
201 757 1098
204 1576 1098
221 1521 1098
256 679 1098
303 1688 1098
309 1610 1098
316 582 1098
317 1699 1098
340 638 1098
341 638 1098
342 638 1098
401 1646 1098
441 1674 1098
443 426 1098
455 427 1098
480 1759 1098
554 1670 1098
568 1669 1098
640 1768 1098
674 1786 1098
698 544 1098
732 1697 1098
734 1779 1098
744 495 1098
754 494 1098
760 544 1098
782 543 1098
799 1735 1098
857 1692 1098
919 536 1098
958 548 1098
978 1518 1098
983 1510 1098
991 1626 1098
999 1619 1098
1032 1548 1098
1042 473 1098
1045 473 1098
1073 485 1098
1109 671 1098
1132 1326 1098
1154 609 1098
1164 981 1098
1197 778 1098
1203 1218 1098
110 1242 1099
113 1341 1099
119 1417 1099
127 1445 1099
153 1352 1099
155 1493 1099
165 1179 1099
170 719 1099
176 1520 1099
205 1577 1099
237 1541 1099
255 681 1099
268 601 1099
327 583 1099
348 1711 1099
357 1645 1099
442 1674 1099
443 427 1099
443 1675 1099
454 428 1099
511 1745 1099
567 1669 1099
615 384 1099
616 385 1099
648 430 1099
673 1785 1099
682 475 1099
766 544 1099
775 1748 1099
784 542 1099
787 1660 1099
830 518 1099
849 441 1099
850 440 1099
850 509 1099
851 439 1099
852 438 1099
855 436 1099
871 1682 1099
900 1595 1099
918 536 1099
930 537 1099
966 548 1099
967 548 1099
979 1516 1099
1039 1532 1099
1053 1507 1099
1073 486 1099
1083 637 1099
1088 1453 1099
1110 672 1099
1131 722 1099
1133 1324 1099
1146 1215 1099
1153 607 1099
1162 1176 1099
1163 1175 1099
1164 1174 1099
1165 1173 1099
1197 838 1099
1204 1217 1099
1224 935 1099
110 1198 1100
117 1390 1100
120 1418 1100
153 1350 1100
160 1252 1100
162 784 1100
166 1122 1100
166 1178 1100
192 793 1100
205 1577 1100
252 1632 1100
255 682 1100
265 1572 1100
274 601 1100
302 1686 1100
303 1687 1100
317 1698 1100
323 641 1100
328 584 1100
329 584 1100
330 584 1100
331 584 1100
338 639 1100
388 525 1100
401 1645 1100
444 1675 1100
453 429 1100
559 1669 1100
560 1669 1100
561 1669 1100
562 1669 1100
566 1669 1100
599 1745 1100
620 1683 1100
621 1683 1100
631 1687 1100
638 504 1100
639 505 1100
640 506 1100
646 1770 1100
672 1784 1100
677 471 1100
785 542 1100
788 1659 1100
829 1713 1100
858 435 1100
859 435 1100
872 434 1100
873 434 1100
873 1604 1100
874 434 1100
875 434 1100
900 1595 1100
917 536 1100
967 1646 1100
982 1510 1100
1012 1594 1100
1029 473 1100
1030 473 1100
1031 473 1100
1036 473 1100
1052 1509 1100
1072 486 1100
1083 638 1100
1084 640 1100
1095 1445 1100
1140 1235 1100
1160 1179 1100
1161 1177 1100
1204 1217 1100
1214 1197 1100
111 1239 1101
112 1232 1101
117 1130 1101
127 1441 1101
133 1054 1101
146 908 1101
146 909 1101
153 1347 1101
156 1088 1101
167 1123 1101
167 1177 1101
169 1139 1101
174 1429 1101
175 1431 1101
176 1521 1101
182 1453 1101
190 815 1101
201 1497 1101
237 1540 1101
251 1631 1101
311 1609 1101
325 1625 1101
348 1710 1101
376 565 1101
388 526 1101
388 527 1101
400 510 1101
441 572 1101
442 570 1101
442 571 1101
445 1675 1101
452 430 1101
509 1746 1101
563 1669 1101
565 1669 1101
592 1741 1101
616 490 1101
617 491 1101
619 492 1101
622 1683 1101
623 1683 1101
645 512 1101
726 496 1101
788 474 1101
804 1731 1101
852 1615 1101
856 1692 1101
873 1604 1101
900 1595 1101
998 1618 1101
1012 1594 1101
1022 473 1101
1047 1516 1101
1085 642 1101
1127 805 1101
1130 723 1101
1145 1218 1101
1146 1053 1101
1164 1393 1101
1195 1237 1101
1222 1024 1101
1224 936 1101
1225 1043 1101
111 1195 1102
114 1341 1102
117 1132 1102
117 1133 1102
126 1436 1102
147 906 1102
147 907 1102
153 1344 1102
160 1258 1102
166 1212 1102
167 1209 1102
167 1210 1102
168 1124 1102
168 1176 1102
191 816 1102
206 1578 1102
233 710 1102
234 1611 1102
237 1540 1102
251 1631 1102
273 602 1102
300 1683 1102
324 642 1102
325 1624 1102
356 1644 1102
384 1708 1102
399 1644 1102
414 1738 1102
448 1769 1102
449 1769 1102
450 1769 1102
451 1769 1102
452 1769 1102
454 1768 1102
497 1753 1102
500 1751 1102
505 1748 1102
615 489 1102
622 396 1102
623 397 1102
630 1685 1102
688 479 1102
729 1698 1102
776 1746 1102
784 477 1102
785 476 1102
816 460 1102
828 1714 1102
852 1615 1102
853 1693 1102
872 1604 1102
899 1595 1102
916 536 1102
916 1666 1102
917 1666 1102
960 1647 1102
961 549 1102
963 549 1102
971 1539 1102
1011 1595 1102
1018 1579 1102
1027 1553 1102
1070 1378 1102
1070 1484 1102
1102 1434 1102
1103 1433 1102
1127 805 1102
1130 724 1102
1157 1184 1102
1163 1394 1102
1182 662 1102
1185 1310 1102
1185 1311 1102
1185 1316 1102
1193 753 1102
1215 1195 1102
1216 1193 1102
1224 937 1102
115 1225 1103
117 1135 1103
117 1136 1103
118 1121 1103
118 1123 1103
118 1124 1103
118 1125 1103
126 1433 1103
133 972 1103
148 904 1103
158 1089 1103
159 1274 1103
160 1263 1103
160 1268 1103
160 1269 1103
160 1270 1103
160 1271 1103
160 1272 1103
168 1205 1103
168 1206 1103
171 1136 1103
175 1521 1103
177 1432 1103
235 1612 1103
237 1540 1103
250 1630 1103
277 602 1103
308 1691 1103
326 1624 1103
337 586 1103
421 602 1103
441 575 1103
444 1768 1103
492 1754 1103
509 1682 1103
601 1745 1103
614 488 1103
625 400 1103
664 1779 1103
690 481 1103
733 1777 1103
765 545 1103
783 478 1103
827 1714 1103
872 1604 1103
888 510 1103
927 1590 1103
944 458 1103
952 549 1103
983 1506 1103
1017 1580 1103
1023 474 1103
1026 1554 1103
1031 474 1103
1038 1534 1103
1070 1378 1103
1128 702 1103
1141 1232 1103
1150 603 1103
1185 1312 1103
1185 1313 1103
1185 1314 1103
1185 1315 1103
1185 1317 1103
1185 1320 1103
1200 854 1103
1205 1215 1103
1217 1191 1103
1224 976 1103
1232 1156 1103
112 1192 1104
117 1137 1104
125 1425 1104
126 1431 1104
136 1055 1104
141 1462 1104
150 898 1104
159 771 1104
159 772 1104
159 773 1104
159 1276 1104
169 1201 1104
169 1202 1104
169 1203 1104
170 1127 1104
174 1520 1104
178 1433 1104
202 1495 1104
207 1578 1104
236 1539 1104
236 1613 1104
249 1629 1104
250 1551 1104
253 686 1104
273 603 1104
301 654 1104
313 1608 1104
327 1624 1104
339 587 1104
383 1707 1104
443 1767 1104
626 1684 1104
663 1778 1104
726 550 1104
727 550 1104
727 1699 1104
733 497 1104
735 497 1104
781 480 1104
782 479 1104
854 1692 1104
860 509 1104
872 1604 1104
887 510 1104
920 1665 1104
953 550 1104
983 1505 1104
997 1616 1104
1025 1555 1104
1037 1535 1104
1082 1462 1104
1093 522 1104
1146 600 1104
1149 603 1104
1154 1197 1104
1163 998 1104
1180 661 1104
1191 704 1104
1193 707 1104
1219 903 1104
1242 1131 1104
113 1191 1105
114 1184 1105
118 1139 1105
120 1282 1105
144 918 1105
151 897 1105
154 1493 1105
159 1089 1105
159 1278 1105
170 1200 1105
171 1128 1105
174 1423 1105
174 1520 1105
202 1494 1105
208 1578 1105
236 1539 1105
236 1613 1105
249 1629 1105
299 1680 1105
314 1608 1105
314 1695 1105
438 435 1105
442 577 1105
510 1681 1105
602 1745 1105
610 484 1105
627 403 1105
662 1777 1105
667 464 1105
697 486 1105
707 548 1105
779 482 1105
780 481 1105
790 541 1105
805 1729 1105
859 510 1105
872 1604 1105
923 1664 1105
983 1504 1105
997 1615 1105
1016 1580 1105
1068 1485 1105
1072 1377 1105
1086 504 1105
1129 579 1105
1162 985 1105
1178 659 1105
1216 896 1105
1219 904 1105
1223 940 1105
1232 1155 1105
114 1343 1106
115 1180 1106
115 1181 1106
116 1178 1106
117 1222 1106
119 1163 1106
119 1164 1106
119 1165 1106
119 1166 1106
119 1167 1106
120 1160 1106
121 1148 1106
121 1149 1106
121 1156 1106
138 1056 1106
152 896 1106
154 1493 1106
159 1279 1106
163 1249 1106
170 1213 1106
171 1198 1106
172 1129 1106
173 1134 1106
173 1420 1106
174 1520 1106
184 1451 1106
202 1493 1106
220 735 1106
235 1538 1106
237 1614 1106
248 1628 1106
299 1680 1106
311 1693 1106
315 1608 1106
328 644 1106
349 1708 1106
398 1642 1106
427 1649 1106
429 1650 1106
432 1652 1106
440 1764 1106
442 578 1106
609 483 1106
652 521 1106
653 522 1106
653 1771 1106
659 1696 1106
660 1696 1106
709 549 1106
714 550 1106
791 541 1106
827 1712 1106
855 1691 1106
858 511 1106
872 1604 1106
898 1669 1106
924 1591 1106
924 1664 1106
952 551 1106
983 1503 1106
997 1614 1106
1016 1579 1106
1037 1534 1106
1127 705 1106
1128 579 1106
1136 833 1106
1162 986 1106
1196 1234 1106
1219 906 1106
155 1336 1107
157 760 1107
157 761 1107
157 762 1107
172 1172 1107
173 1130 1107
174 1520 1107
178 828 1107
179 827 1107
227 1599 1107
237 1614 1107
247 1627 1107
316 1608 1107
330 1625 1107
337 644 1107
338 644 1107
391 538 1107
424 1648 1107
434 1653 1107
439 1763 1107
442 579 1107
511 1680 1107
628 405 1107
630 1685 1107
654 523 1107
655 524 1107
655 1772 1107
656 525 1107
657 526 1107
657 1773 1107
658 527 1107
659 1774 1107
680 1788 1107
734 1695 1107
762 1754 1107
791 1655 1107
792 541 1107
853 1614 1107
857 512 1107
872 1604 1107
894 1670 1107
913 535 1107
962 551 1107
969 1539 1107
983 1502 1107
1080 1465 1107
1090 518 1107
1093 526 1107
1097 667 1107
1162 986 1107
1194 829 1107
1214 893 1107
119 1223 1108
125 1418 1108
134 974 1108
154 1493 1108
155 1335 1108
159 1282 1108
171 1214 1108
172 1416 1108
173 1172 1108
173 1519 1108
178 722 1108
181 1433 1108
185 1451 1108
220 736 1108
237 1614 1108
247 1627 1108
281 603 1108
341 645 1108
342 645 1108
343 645 1108
353 585 1108
386 559 1108
398 1641 1108
423 1647 1108
436 1655 1108
445 1665 1108
467 530 1108
568 1668 1108
628 406 1108
630 1685 1108
656 1772 1108
680 1788 1108
723 1702 1108
762 1754 1108
778 546 1108
791 1655 1108
804 1729 1108
828 1710 1108
833 458 1108
853 1614 1108
900 1595 1108
945 1653 1108
951 552 1108
966 1645 1108
983 1501 1108
1008 1596 1108
1022 1558 1108
1028 476 1108
1037 1533 1108
1045 1521 1108
1047 591 1108
1048 592 1108
1054 481 1108
1067 1484 1108
1086 509 1108
1089 517 1108
1126 1414 1108
1128 775 1108
1135 833 1108
1162 986 1108
1171 1080 1108
1211 885 1108
1213 891 1108
1219 910 1108
115 1345 1109
116 1191 1109
121 1277 1109
121 1278 1109
125 1416 1109
134 975 1109
156 758 1109
157 757 1109
158 756 1109
159 755 1109
171 1215 1109
172 1518 1109
174 1172 1109
211 659 1109
444 1663 1109
512 1679 1109
569 1668 1109
628 407 1109
666 536 1109
680 1788 1109
726 498 1109
762 1754 1109
791 1655 1109
845 515 1109
853 1614 1109
856 1689 1109
858 513 1109
900 1595 1109
926 1662 1109
943 1654 1109
961 552 1109
983 1500 1109
1021 1559 1109
1045 1520 1109
1125 581 1109
1126 708 1109
1127 775 1109
1131 1288 1109
1162 986 1109
1222 942 1109
1231 1096 1109
115 1344 1110
117 1192 1110
121 1398 1110
134 976 1110
143 821 1110
157 1326 1110
165 1248 1110
186 1450 1110
210 660 1110
228 1600 1110
252 691 1110
352 1705 1110
367 1704 1110
392 541 1110
436 1759 1110
491 482 1110
512 1679 1110
603 1744 1110
620 1750 1110
666 537 1110
667 538 1110
734 498 1110
737 498 1110
737 1693 1110
762 1754 1110
803 1729 1110
829 1708 1110
830 1707 1110
831 1706 1110
854 514 1110
900 1595 1110
951 553 1110
968 1538 1110
982 1632 1110
984 1629 1110
996 1612 1110
1007 1596 1110
1009 1439 1110
1020 1560 1110
1045 1519 1110
1079 1466 1110
1124 582 1110
1126 776 1110
1131 753 1110
1221 920 1110
1221 921 1110
1221 922 1110
1222 942 1110
118 1192 1111
121 1391 1111
122 1401 1111
134 977 1111
141 823 1111
143 926 1111
170 1515 1111
175 1171 1111
176 1130 1111
197 691 1111
211 660 1111
211 1577 1111
230 639 1111
239 1614 1111
248 1626 1111
271 1568 1111
300 1679 1111
364 585 1111
383 1703 1111
393 541 1111
417 1733 1111
421 610 1111
492 482 1111
512 1679 1111
667 539 1111
681 548 1111
682 549 1111
789 479 1111
792 1654 1111
816 533 1111
851 515 1111
861 513 1111
901 1595 1111
935 456 1111
962 553 1111
968 1644 1111
977 487 1111
983 1499 1111
995 1613 1111
1019 1561 1111
1034 1414 1111
1035 1535 1111
1045 1518 1111
1102 550 1111
1125 776 1111
1133 1411 1111
1185 1305 1111
1192 734 1111
1217 996 1111
1221 923 1111
1222 942 1111
1233 1151 1111
116 1343 1112
119 1192 1112
122 1222 1112
122 1274 1112
123 1403 1112
124 1406 1112
140 824 1112
143 927 1112
155 1491 1112
166 1248 1112
187 1450 1112
201 1487 1112
225 735 1112
229 640 1112
314 1693 1112
333 1625 1112
390 558 1112
396 1639 1112
418 1642 1112
421 611 1112
440 1657 1112
443 582 1112
512 1679 1112
625 1753 1112
680 1787 1112
723 553 1112
739 499 1112
739 1692 1112
792 1654 1112
815 534 1112
818 532 1112
819 531 1112
864 1682 1112
913 447 1112
934 456 1112
951 554 1112
969 554 1112
970 554 1112
971 554 1112
972 554 1112
973 554 1112
974 554 1112
975 554 1112
976 554 1112
977 554 1112
984 554 1112
992 552 1112
1018 478 1112
1032 1416 1112
1033 1415 1112
1041 479 1112
1045 1517 1112
1130 1287 1112
1134 833 1112
1148 617 1112
1185 1304 1112
1191 1261 1112
1222 942 1112
1233 1151 1112
107 1045 1113
123 1105 1113
123 1222 1113
139 827 1113
143 928 1113
145 1057 1113
169 1512 1113
173 1410 1113
175 1196 1113
201 1486 1113
229 1601 1113
252 1549 1113
273 1641 1113
295 661 1113
299 660 1113
299 1677 1113
355 1704 1113
369 585 1113
410 510 1113
421 612 1113
434 1756 1113
444 582 1113
511 1679 1113
727 554 1113
728 1779 1113
792 1654 1113
814 535 1113
902 1595 1113
969 1643 1113
991 553 1113
997 552 1113
1024 478 1113
1031 1418 1113
1039 479 1113
1045 1516 1113
1053 483 1113
1103 553 1113
1121 584 1113
1127 725 1113
1130 1284 1113
1130 1285 1113
1130 1286 1113
1140 1409 1113
1148 618 1113
1162 986 1113
1185 1303 1113
1191 769 1113
1192 1259 1113
1193 824 1113
1229 1171 1113
106 1046 1114
124 1223 1114
143 929 1114
146 1057 1114
156 896 1114
156 1490 1114
159 1316 1114
160 1289 1114
167 1247 1114
178 1129 1114
195 792 1114
201 1485 1114
223 1516 1114
227 735 1114
230 721 1114
251 693 1114
314 1692 1114
357 1704 1114
394 1638 1114
410 511 1114
419 1737 1114
440 1656 1114
444 583 1114
511 1679 1114
580 469 1114
634 415 1114
635 1688 1114
681 1787 1114
720 554 1114
728 554 1114
729 554 1114
730 554 1114
731 554 1114
732 554 1114
733 554 1114
734 554 1114
740 1692 1114
787 481 1114
792 1654 1114
871 1605 1114
886 1673 1114
914 448 1114
931 455 1114
965 555 1114
967 555 1114
970 1642 1114
990 554 1114
1002 1468 1114
1003 1466 1114
1005 1597 1114
1007 482 1114
1011 481 1114
1054 1501 1114
1067 1480 1114
1127 725 1114
1130 1283 1114
1156 1008 1114
1162 986 1114
1193 823 1114
1210 1209 1114
1229 1171 1114
1233 1150 1114
105 1047 1115
112 981 1115
112 982 1115
112 983 1115
122 1388 1115
125 1224 1115
127 843 1115
128 842 1115
129 841 1115
130 840 1115
137 832 1115
143 930 1115
160 1290 1115
160 1291 1115
160 1292 1115
160 1293 1115
160 1294 1115
169 1511 1115
174 1216 1115
178 1170 1115
184 1435 1115
212 1576 1115
223 1515 1115
225 737 1115
230 641 1115
275 1642 1115
276 606 1115
358 1703 1115
415 1641 1115
422 613 1115
424 1745 1115
425 1746 1115
509 1680 1115
512 1679 1115
572 1667 1115
585 1738 1115
629 1756 1115
677 478 1115
739 554 1115
814 536 1115
883 1674 1115
912 1593 1115
913 448 1115
930 455 1115
939 1655 1115
967 1534 1115
971 1641 1115
1003 1465 1115
1004 1598 1115
1012 481 1115
1051 484 1115
1127 725 1115
1130 1281 1115
1130 1282 1115
1162 986 1115
1184 1355 1115
1192 731 1115
1193 822 1115
1221 945 1115
1233 1149 1115
104 1048 1116
117 1339 1116
118 1096 1116
120 1329 1116
123 859 1116
123 860 1116
124 1191 1116
126 844 1116
126 845 1116
126 1225 1116
143 931 1116
160 1298 1116
160 1299 1116
166 750 1116
174 1402 1116
177 1196 1116
179 1170 1116
212 662 1116
223 1514 1116
231 1602 1116
277 1644 1116
278 606 1116
294 1668 1116
297 1674 1116
360 1639 1116
361 1701 1116
392 1637 1116
422 614 1116
427 1748 1116
428 1749 1116
429 1750 1116
445 584 1116
512 1679 1116
573 1667 1116
585 1738 1116
625 496 1116
718 555 1116
726 1780 1116
745 554 1116
784 484 1116
804 540 1116
812 538 1116
867 1680 1116
911 1593 1116
912 448 1116
929 455 1116
939 1655 1116
989 556 1116
1003 1599 1116
1011 482 1116
1032 1536 1116
1036 481 1116
1051 603 1116
1082 1455 1116
1127 725 1116
1130 1280 1116
1170 652 1116
1184 1357 1116
1185 700 1116
1191 816 1116
1192 731 1116
1229 1171 1116
1233 1148 1116
104 1050 1117
113 976 1117
120 1359 1117
122 861 1117
122 862 1117
122 863 1117
135 981 1117
143 932 1117
148 1057 1117
160 1304 1117
160 1305 1117
174 1401 1117
178 1195 1117
196 794 1117
223 1513 1117
230 642 1117
246 1620 1117
430 1751 1117
431 1752 1117
445 585 1117
513 1679 1117
538 414 1117
539 413 1117
540 413 1117
542 473 1117
547 471 1117
574 1667 1117
595 1742 1117
721 498 1117
774 489 1117
814 1718 1117
855 1611 1117
908 449 1117
909 449 1117
928 455 1117
939 1655 1117
953 1564 1117
983 557 1117
993 1611 1117
1031 579 1117
1035 482 1117
1050 485 1117
1052 604 1117
1083 1453 1117
1095 1437 1117
1098 676 1117
1124 714 1117
1127 725 1117
1130 1278 1117
1130 1279 1117
1159 914 1117
1171 1393 1117
1177 1385 1117
1178 1383 1117
1179 1381 1117
1180 1379 1117
1184 1358 1117
1184 1359 1117
1185 701 1117
1192 730 1117
1216 997 1117
118 1337 1118
119 1333 1118
120 1359 1118
123 1387 1118
128 1229 1118
143 933 1118
166 751 1118
174 1400 1118
180 1171 1118
196 795 1118
212 663 1118
223 1512 1118
258 621 1118
276 1566 1118
293 1665 1118
297 1586 1118
385 1698 1118
428 458 1118
434 1755 1118
445 586 1118
504 1682 1118
514 1679 1118
531 478 1118
539 475 1118
574 1667 1118
583 1737 1118
681 482 1118
682 1786 1118
695 553 1118
704 555 1118
705 555 1118
715 555 1118
724 1781 1118
744 1689 1118
779 1741 1118
814 1718 1118
867 445 1118
868 445 1118
869 445 1118
870 445 1118
871 445 1118
872 445 1118
885 444 1118
886 444 1118
926 455 1118
939 1655 1118
950 1569 1118
951 1567 1118
954 1562 1118
993 1610 1118
998 557 1118
999 557 1118
1001 1600 1118
1013 483 1118
1077 656 1118
1084 1451 1118
1097 676 1118
1097 1435 1118
1098 1434 1118
1099 1433 1118
1124 715 1118
1131 1276 1118
1157 938 1118
1184 1360 1118
1184 1364 1118
1185 1348 1118
1204 1221 1118
1216 996 1118
1222 1080 1118
116 1092 1119
121 1297 1119
125 882 1119
135 1016 1119
143 935 1119
160 1310 1119
164 1381 1119
167 1089 1119
174 1399 1119
181 1126 1119
204 760 1119
212 664 1119
231 724 1119
233 1604 1119
253 694 1119
254 1547 1119
258 621 1119
293 1664 1119
297 1585 1119
325 1603 1119
338 1624 1119
390 1636 1119
410 515 1119
430 457 1119
432 456 1119
435 1756 1119
479 1756 1119
515 1679 1119
530 479 1119
532 419 1119
633 1759 1119
648 1764 1119
740 1766 1119
746 1687 1119
751 554 1119
794 1652 1119
809 540 1119
826 1626 1119
870 1678 1119
966 1532 1119
984 1489 1119
985 558 1119
992 558 1119
996 558 1119
997 558 1119
1000 558 1119
1052 1501 1119
1072 1470 1119
1075 656 1119
1081 521 1119
1098 677 1119
1100 1432 1119
1124 716 1119
1126 756 1119
1155 905 1119
1176 1122 1119
1183 1370 1119
1189 809 1119
121 1298 1120
124 884 1120
124 885 1120
125 1268 1120
129 1185 1120
129 1186 1120
136 982 1120
148 1463 1120
150 1057 1120
166 752 1120
168 1089 1120
174 1398 1120
181 1171 1120
186 1433 1120
204 761 1120
246 1619 1120
283 1648 1120
290 1659 1120
322 654 1120
390 1636 1120
419 1638 1120
436 1757 1120
480 1756 1120
481 1756 1120
516 1679 1120
529 480 1120
531 420 1120
604 1743 1120
722 1782 1120
741 1765 1120
746 555 1120
747 1686 1120
783 548 1120
896 1596 1120
924 456 1120
966 1530 1120
973 1638 1120
989 559 1120
990 559 1120
1015 484 1120
1074 656 1120
1123 801 1120
1125 757 1120
1162 987 1120
1174 1391 1120
1189 769 1120
1197 1248 1120
1218 969 1120
1231 1146 1120
121 1298 1121
123 887 1121
124 1388 1121
136 983 1121
165 1379 1121
169 1089 1121
196 797 1121
200 1476 1121
255 1547 1121
290 1658 1121
327 1602 1121
330 654 1121
353 649 1121
363 1637 1121
390 1636 1121
421 618 1121
437 1758 1121
440 1651 1121
482 1756 1121
483 1756 1121
484 1756 1121
486 1755 1121
519 1743 1121
527 481 1121
528 481 1121
530 421 1121
701 491 1121
720 1783 1121
725 499 1121
742 1764 1121
746 555 1121
750 1684 1121
776 1743 1121
784 548 1121
813 467 1121
815 466 1121
824 464 1121
825 1626 1121
827 463 1121
855 1610 1121
948 558 1121
998 1601 1121
1007 1582 1121
1016 485 1121
1021 484 1121
1023 484 1121
1024 484 1121
1048 487 1121
1109 566 1121
1109 567 1121
1125 718 1121
1154 903 1121
1162 987 1121
1185 704 1121
1185 1330 1121
1185 1331 1121
1185 1332 1121
1185 1333 1121
1185 1334 1121
1185 1335 1121
1218 968 1121
1222 1028 1121
119 1336 1122
120 868 1122
121 1299 1122
142 940 1122
151 1057 1122
165 754 1122
169 1508 1122
170 1089 1122
181 1121 1122
182 1124 1122
193 1450 1122
213 664 1122
232 644 1122
234 1603 1122
290 1657 1122
300 1583 1122
314 1688 1122
328 1602 1122
350 650 1122
351 650 1122
360 649 1122
362 648 1122
389 1636 1122
409 626 1122
411 518 1122
428 485 1122
431 475 1122
525 482 1122
526 482 1122
637 431 1122
674 548 1122
685 1786 1122
751 1683 1122
785 548 1122
811 468 1122
825 1625 1122
855 1610 1122
874 1676 1122
917 557 1122
918 557 1122
919 557 1122
920 557 1122
921 557 1122
922 557 1122
923 557 1122
924 557 1122
957 558 1122
973 1637 1122
1026 485 1122
1027 485 1122
1030 486 1122
1036 487 1122
1124 759 1122
1134 1269 1122
1145 1410 1122
1162 987 1122
1174 1392 1122
1184 1319 1122
1185 705 1122
1185 1326 1122
1185 1327 1122
1185 1328 1122
1185 1329 1122
1198 1247 1122
1220 1064 1122
1230 1115 1122
121 1300 1123
121 1358 1123
125 1388 1123
152 1058 1123
165 755 1123
171 1089 1123
174 1247 1123
179 1117 1123
187 1433 1123
196 798 1123
201 1474 1123
223 1508 1123
284 674 1123
419 1637 1123
420 620 1123
440 1760 1123
521 1742 1123
522 483 1123
523 483 1123
524 483 1123
531 1736 1123
583 1735 1123
637 432 1123
699 490 1123
825 1625 1123
861 516 1123
893 1597 1123
926 557 1123
927 557 1123
928 557 1123
929 557 1123
930 557 1123
951 559 1123
996 1602 1123
1027 1537 1123
1047 488 1123
1124 759 1123
1162 987 1123
1172 656 1123
1174 1392 1123
1184 1309 1123
1184 1311 1123
1184 1320 1123
1221 1077 1123
1231 1125 1123
101 996 1124
106 945 1124
121 1301 1124
126 1267 1124
132 1233 1124
149 1464 1124
165 756 1124
166 1376 1124
171 1088 1124
182 1194 1124
187 1432 1124
194 1449 1124
219 746 1124
248 1619 1124
262 691 1124
263 690 1124
307 665 1124
348 651 1124
358 650 1124
365 648 1124
367 647 1124
442 1761 1124
520 484 1124
521 484 1124
530 1737 1124
584 1735 1124
699 490 1124
715 1786 1124
753 1682 1124
755 1681 1124
842 458 1124
944 558 1124
973 560 1124
1120 791 1124
1120 792 1124
1174 1392 1124
1184 1308 1124
1184 1310 1124
1215 992 1124
1216 910 1124
1219 916 1124
165 757 1125
166 1375 1125
175 1247 1125
183 1193 1125
194 700 1125
214 1574 1125
233 729 1125
290 1654 1125
292 607 1125
420 1636 1125
519 485 1125
529 1738 1125
581 1665 1125
623 1678 1125
689 1786 1125
713 1786 1125
714 1786 1125
742 1764 1125
752 556 1125
756 1681 1125
814 539 1125
852 457 1125
860 517 1125
930 468 1125
941 1655 1125
965 1525 1125
974 1635 1125
1013 1565 1125
1023 1545 1125
1041 1409 1125
1156 637 1125
1184 708 1125
1184 1307 1125
1187 769 1125
1214 904 1125
1218 922 1125
1218 953 1125
1230 1119 1125
1230 1120 1125
122 1358 1126
137 985 1126
150 1464 1126
154 1058 1126
166 1374 1126
177 1397 1126
195 1448 1126
203 1472 1126
205 1547 1126
214 1573 1126
225 1507 1126
249 1619 1126
291 1654 1126
293 607 1126
303 1580 1126
315 1687 1126
347 652 1126
389 1692 1126
414 523 1126
444 1762 1126
453 445 1126
470 546 1126
599 399 1126
608 1744 1126
669 1773 1126
693 1787 1126
694 1787 1126
695 1787 1126
696 489 1126
696 1787 1126
697 1787 1126
698 1787 1126
699 1787 1126
700 1787 1126
741 1765 1126
750 556 1126
760 1679 1126
787 549 1126
824 1625 1126
885 521 1126
941 1655 1126
947 478 1126
957 1550 1126
990 1609 1126
1048 1502 1126
1061 501 1126
1092 537 1126
1146 1410 1126
1152 899 1126
1158 639 1126
1175 1391 1126
1187 770 1126
1200 870 1126
1211 894 1126
1217 926 1126
1229 1116 1126
137 986 1127
176 1247 1127
184 1192 1127
186 1126 1127
215 665 1127
251 627 1127
252 626 1127
253 625 1127
420 1635 1127
445 1762 1127
450 591 1127
455 443 1127
468 548 1127
549 475 1127
575 399 1127
583 1664 1127
584 1664 1127
622 496 1127
624 1678 1127
674 550 1127
740 1766 1127
761 1679 1127
770 561 1127
773 1670 1127
788 549 1127
801 479 1127
859 518 1127
873 1676 1127
886 522 1127
957 1549 1127
976 562 1127
1060 500 1127
1069 650 1127
1092 539 1127
1105 1427 1127
1127 1419 1127
1133 1267 1127
1138 611 1127
1165 1171 1127
1171 1137 1127
1183 711 1127
1187 771 1127
1218 956 1127
1221 1057 1127
127 1266 1128
151 1464 1128
155 1058 1128
163 762 1128
206 769 1128
235 729 1128
250 628 1128
250 1619 1128
294 607 1128
343 1620 1128
354 652 1128
446 1762 1128
451 590 1128
464 440 1128
515 487 1128
576 398 1128
586 1664 1128
602 399 1128
642 452 1128
643 454 1128
673 1775 1128
676 550 1128
752 501 1128
775 1745 1128
789 549 1128
823 1625 1128
843 1693 1128
873 1676 1128
943 1654 1128
975 1633 1128
1064 506 1128
1067 644 1128
1067 646 1128
1067 647 1128
1068 649 1128
1070 651 1128
1126 831 1128
1148 1409 1128
1164 1172 1128
1184 1304 1128
1189 793 1128
1214 1214 1128
1228 1114 1128
1230 1134 1128
117 1085 1129
129 1252 1129
151 1463 1129
163 763 1129
166 1371 1129
168 1502 1129
176 1087 1129
178 1397 1129
185 1192 1129
204 1470 1129
206 770 1129
230 649 1129
295 607 1129
389 1690 1129
445 598 1129
446 1762 1129
487 502 1129
507 430 1129
513 429 1129
521 427 1129
577 398 1129
593 400 1129
603 399 1129
675 1776 1129
739 1767 1129
757 557 1129
842 1694 1129
856 1608 1129
869 1603 1129
945 1653 1129
1012 1567 1129
1039 1408 1129
1056 615 1129
1057 497 1129
1066 642 1129
1066 643 1129
1094 549 1129
1098 1357 1129
1150 1407 1129
1157 642 1129
1170 1138 1129
1172 1111 1129
1172 1112 1129
1176 1389 1129
1200 1241 1129
1223 1090 1129
98 1021 1130
121 1337 1130
122 1304 1130
127 1267 1130
128 1388 1130
147 800 1130
163 765 1130
164 1309 1130
168 1501 1130
178 1397 1130
206 1549 1130
229 650 1130
251 1619 1130
296 607 1130
444 600 1130
470 438 1130
486 432 1130
490 431 1130
497 430 1130
498 430 1130
499 430 1130
594 400 1130
625 1678 1130
756 557 1130
773 1746 1130
879 1600 1130
882 453 1130
883 1599 1130
963 1526 1130
975 1632 1130
988 1610 1130
994 565 1130
1054 496 1130
1093 1358 1130
1133 1416 1130
1163 1006 1130
1184 1302 1130
1187 780 1130
1187 781 1130
1192 1276 1130
1203 877 1130
1204 879 1130
1216 1012 1130
1222 1053 1130
1222 1054 1130
1223 1090 1130
122 1305 1131
148 800 1131
178 1397 1131
180 1087 1131
184 1216 1131
196 806 1131
205 1469 1131
206 1549 1131
228 1506 1131
247 634 1131
298 607 1131
299 607 1131
345 654 1131
416 529 1131
421 1633 1131
481 433 1131
485 432 1131
512 489 1131
579 399 1131
590 1663 1131
677 1777 1131
746 502 1131
748 502 1131
777 1664 1131
791 1651 1131
820 538 1131
821 1625 1131
909 1666 1131
962 1527 1131
983 1476 1131
985 1471 1131
988 565 1131
996 566 1131
1011 1569 1131
1045 1504 1131
1053 496 1131
1090 1360 1131
1107 584 1131
1169 1140 1131
1177 1387 1131
1181 701 1131
1182 749 1131
1184 1300 1131
1186 777 1131
1202 876 1131
1217 959 1131
1222 1052 1131
114 895 1132
116 1082 1132
152 1463 1132
179 1247 1132
252 1619 1132
289 1564 1132
310 665 1132
330 656 1132
345 1616 1132
478 434 1132
516 489 1132
591 1663 1132
592 1663 1132
606 401 1132
609 1745 1132
634 1755 1132
639 1758 1132
657 471 1132
673 551 1132
683 551 1132
755 557 1132
790 1651 1132
797 547 1132
826 537 1132
872 1602 1132
876 1601 1132
876 1675 1132
902 1667 1132
903 1667 1132
904 1667 1132
905 1667 1132
906 1667 1132
976 1630 1132
983 1475 1132
989 566 1132
1021 1546 1132
1032 1523 1132
1052 496 1132
1104 1354 1132
1114 828 1132
1116 829 1132
1153 1405 1132
1164 1030 1132
1170 1107 1132
1177 1386 1132
1180 696 1132
1181 703 1132
1183 729 1132
1184 1299 1132
1228 1164 1132
1228 1165 1132
113 895 1133
115 1080 1133
130 1255 1133
142 1020 1133
149 793 1133
215 1573 1133
317 1683 1133
444 604 1133
445 1645 1133
511 490 1133
593 1663 1133
594 1663 1133
595 1663 1133
607 402 1133
640 1758 1133
659 473 1133
672 551 1133
758 501 1133
770 1748 1133
778 1662 1133
789 1651 1133
820 1625 1133
858 1607 1133
868 1603 1133
884 454 1133
900 536 1133
901 537 1133
915 1664 1133
987 1610 1133
990 567 1133
1058 627 1133
1088 1361 1133
1104 1428 1133
1111 592 1133
1164 1030 1133
1170 1106 1133
1177 1384 1133
1179 693 1133
1184 1298 1133
1201 1238 1133
1225 1108 1133
1227 1166 1133
95 1034 1134
115 1079 1134
122 1339 1134
128 1266 1134
129 1386 1134
136 1234 1134
142 1158 1134
149 813 1134
153 1462 1134
165 1308 1134
167 1366 1134
188 1168 1134
199 1444 1134
253 1619 1134
309 666 1134
318 1683 1134
346 1614 1134
443 607 1134
452 1762 1134
453 1763 1134
454 1763 1134
576 401 1134
596 1663 1134
597 1663 1134
608 403 1134
610 1745 1134
731 501 1134
754 557 1134
788 1651 1134
805 545 1134
886 455 1134
887 1598 1134
950 1651 1134
977 1628 1134
991 568 1134
1009 1572 1134
1024 1424 1134
1050 497 1134
1130 1226 1134
1131 1299 1134
1155 1404 1134
1164 1029 1134
1175 681 1134
1176 683 1134
1177 685 1134
1177 1383 1134
1178 688 1134
1181 1331 1134
1201 1237 1134
1220 1077 1134
114 1076 1135
115 1078 1135
143 1155 1135
149 815 1135
165 1308 1135
167 1364 1135
191 1124 1135
199 1443 1135
207 1467 1135
230 1505 1135
239 728 1135
239 1598 1135
254 1619 1135
309 666 1135
309 1573 1135
315 607 1135
319 1683 1135
321 607 1135
347 1614 1135
398 560 1135
457 1762 1135
528 1674 1135
551 407 1135
626 422 1135
732 501 1135
753 557 1135
819 1625 1135
975 568 1135
976 1629 1135
978 1626 1135
986 1611 1135
1008 1573 1135
1023 1425 1135
1037 498 1135
1038 498 1135
1039 498 1135
1112 595 1135
1121 769 1135
1129 1227 1135
1140 1411 1135
1155 1404 1135
1164 1028 1135
1171 1103 1135
1177 1382 1135
1181 1333 1135
1181 1341 1135
1181 1345 1135
1181 1346 1135
1184 1294 1135
1220 1077 1135
1224 1106 1135
1225 1169 1135
1229 1130 1135
106 923 1136
108 1065 1136
124 1307 1136
129 1383 1136
142 1200 1136
145 1151 1136
146 1147 1136
178 1511 1136
189 1191 1136
190 1420 1136
192 1124 1136
215 1572 1136
231 1505 1136
239 1597 1136
259 703 1136
273 618 1136
320 1683 1136
347 1613 1136
382 654 1136
383 654 1136
384 654 1136
385 654 1136
388 654 1136
402 653 1136
403 653 1136
405 652 1136
459 1761 1136
468 557 1136
524 490 1136
531 1673 1136
548 409 1136
553 406 1136
573 403 1136
758 557 1136
781 1658 1136
786 1652 1136
818 1625 1136
880 1673 1136
888 1598 1136
918 1663 1136
1009 498 1136
1022 1426 1136
1036 499 1136
1089 686 1136
1114 598 1136
1148 893 1136
1155 1404 1136
1164 1027 1136
1180 707 1136
1181 1335 1136
1181 1336 1136
1181 1337 1136
1181 1338 1136
1181 1339 1136
1181 1348 1136
1197 868 1136
1224 1170 1136
100 1042 1137
104 1053 1137
107 1063 1137
111 1069 1137
113 1072 1137
129 1382 1137
131 1258 1137
158 785 1137
159 784 1137
160 783 1137
161 782 1137
162 781 1137
168 1495 1137
189 1192 1137
198 811 1137
239 1596 1137
241 727 1137
254 1618 1137
258 704 1137
321 1683 1137
401 653 1137
428 634 1137
429 633 1137
533 1672 1137
547 410 1137
568 405 1137
603 1742 1137
735 1768 1137
766 1751 1137
818 1625 1137
825 1708 1137
842 1694 1137
953 1649 1137
979 1622 1137
991 499 1137
995 570 1137
996 1454 1137
998 498 1137
1010 499 1137
1035 500 1137
1046 499 1137
1089 687 1137
1102 1430 1137
1142 1207 1137
1181 1349 1137
1181 1350 1137
1185 1288 1137
1186 1285 1137
1213 985 1137
1220 1077 1137
1223 1105 1137
1223 1171 1137
103 1050 1138
106 1059 1138
130 1262 1138
131 1259 1138
146 957 1138
166 1361 1138
178 1510 1138
191 1166 1138
203 791 1138
219 1492 1138
222 748 1138
239 1595 1138
268 619 1138
310 607 1138
311 1569 1138
348 1612 1138
439 613 1138
524 1674 1138
527 490 1138
544 414 1138
614 1746 1138
616 1666 1138
666 483 1138
671 551 1138
708 498 1138
766 1751 1138
818 1625 1138
823 1710 1138
824 1709 1138
920 559 1138
955 1648 1138
957 1534 1138
975 570 1138
982 1615 1138
985 1611 1138
991 571 1138
994 499 1138
1011 500 1138
1034 501 1138
1046 500 1138
1090 1442 1138
1091 1441 1138
1092 1440 1138
1093 1439 1138
1094 1438 1138
1095 1437 1138
1100 1432 1138
1101 1431 1138
1102 1430 1138
1145 1408 1138
1156 1176 1138
1162 983 1138
1177 1380 1138
1181 1351 1138
1181 1352 1138
1213 985 1138
1222 1172 1138
1227 1156 1138
102 1046 1139
103 1049 1139
114 897 1139
129 1380 1139
131 1260 1139
133 848 1139
138 1236 1139
140 987 1139
144 832 1139
145 1108 1139
155 1461 1139
162 1058 1139
188 819 1139
192 1165 1139
194 1125 1139
198 812 1139
219 1491 1139
232 1504 1139
239 1594 1139
255 1537 1139
277 619 1139
288 1644 1139
307 607 1139
308 607 1139
309 607 1139
311 607 1139
312 1568 1139
316 608 1139
326 608 1139
356 657 1139
357 657 1139
358 657 1139
448 1637 1139
469 560 1139
498 1755 1139
499 1755 1139
500 1755 1139
501 1755 1139
530 490 1139
535 1671 1139
614 1746 1139
615 412 1139
646 465 1139
681 1779 1139
708 499 1139
722 503 1139
785 1653 1139
822 1711 1139
894 458 1139
896 459 1139
956 1647 1139
971 570 1139
1033 502 1139
1040 1511 1139
1045 501 1139
1065 513 1139
1066 514 1139
1067 515 1139
1080 1364 1139
1087 537 1139
1089 1443 1139
1096 1436 1139
1097 566 1139
1097 1435 1139
1098 1434 1139
1099 1433 1139
1103 1429 1139
1146 891 1139
1181 1353 1139
1203 1229 1139
1213 985 1139
1215 932 1139
1221 1173 1139
1227 1155 1139
114 898 1140
125 1307 1140
129 1380 1140
141 1193 1140
142 1416 1140
148 1429 1140
156 913 1140
156 1461 1140
158 908 1140
200 1441 1140
210 1466 1140
240 1594 1140
305 668 1140
324 1682 1140
337 1592 1140
351 658 1140
359 657 1140
400 563 1140
469 562 1140
497 1755 1140
503 1754 1140
534 490 1140
537 489 1140
537 1670 1140
609 1666 1140
682 1779 1140
785 1653 1140
845 1693 1140
862 527 1140
959 1645 1140
970 1633 1140
972 571 1140
1001 1445 1140
1017 1549 1140
1019 1428 1140
1033 503 1140
1044 502 1140
1094 562 1140
1130 1259 1140
1130 1260 1140
1130 1261 1140
1130 1262 1140
1141 1203 1140
1177 1379 1140
1203 1228 1140
1204 1226 1140
1205 1223 1140
1213 985 1140
1215 933 1140
1219 1176 1140
114 899 1141
129 1379 1141
141 986 1141
141 1191 1141
142 1415 1141
163 898 1141
164 895 1141
165 1059 1141
169 1493 1141
188 1216 1141
277 1634 1141
278 1635 1141
288 1643 1141
302 1557 1141
314 1567 1141
360 657 1141
400 564 1141
469 563 1141
481 515 1141
496 1755 1141
535 1738 1141
615 1746 1141
648 1760 1141
671 552 1141
683 1779 1141
764 1752 1141
785 1653 1141
816 1626 1141
818 1714 1141
846 1692 1141
863 528 1141
960 1644 1141
961 1643 1141
962 1642 1141
963 1641 1141
964 1640 1141
968 1636 1141
976 572 1141
1030 1405 1141
1071 520 1141
1093 561 1141
1123 611 1141
1124 612 1141
1125 613 1141
1126 614 1141
1127 615 1141
1130 1257 1141
1178 1375 1141
1179 710 1141
1179 1367 1141
1180 1357 1141
1180 1358 1141
1180 1359 1141
1180 1360 1141
1212 1206 1141
1221 1086 1141
114 900 1142
124 1344 1142
129 1378 1142
141 1186 1142
141 1187 1142
141 1188 1142
141 1189 1142
165 893 1142
167 1304 1142
169 1492 1142
178 1508 1142
192 1411 1142
201 1441 1142
204 798 1142
212 671 1142
255 1535 1142
279 1636 1142
280 1637 1142
287 1642 1142
303 1556 1142
333 609 1142
337 1588 1142
338 1589 1142
361 657 1142
362 657 1142
400 565 1142
435 1741 1142
469 564 1142
475 1759 1142
476 1759 1142
481 516 1142
495 1755 1142
537 421 1142
616 1746 1142
684 1779 1142
709 1779 1142
734 1768 1142
764 1752 1142
785 1653 1142
794 1730 1142
817 1715 1142
827 539 1142
844 1613 1142
852 530 1142
864 529 1142
874 1675 1142
898 541 1142
965 1639 1142
966 1638 1142
967 1637 1142
992 1457 1142
1002 1578 1142
1012 503 1142
1071 521 1142
1071 1467 1142
1072 1466 1142
1073 1465 1142
1158 1051 1142
1161 983 1142
1165 1026 1142
1176 1382 1142
1179 711 1142
1179 1371 1142
1221 1063 1142
1221 1086 1142
115 901 1143
124 1344 1143
129 1377 1143
149 1040 1143
169 1491 1143
192 1410 1143
195 1164 1143
210 672 1143
218 1571 1143
255 1613 1143
281 1638 1143
283 684 1143
286 1641 1143
304 1555 1143
339 608 1143
340 659 1143
347 605 1143
363 657 1143
400 566 1143
422 1629 1143
434 1737 1143
436 1742 1143
478 1758 1143
494 1755 1143
536 422 1143
624 1672 1143
627 513 1143
651 1762 1143
734 1768 1143
804 1726 1143
807 1724 1143
814 1627 1143
816 1716 1143
828 539 1143
853 531 1143
945 1550 1143
992 1456 1143
1016 1430 1143
1028 1406 1143
1029 1405 1143
1038 1512 1143
1041 1403 1143
1070 1468 1143
1076 1365 1143
1112 1422 1143
1114 1421 1143
1125 1293 1143
1198 837 1143
1212 1205 1143
1214 990 1143
1215 994 1143
1221 1062 1143
1221 1086 1143
1227 1151 1143
116 901 1144
157 923 1144
167 890 1144
168 1060 1144
192 1409 1144
204 802 1144
205 1546 1144
255 1612 1144
277 1543 1144
283 1639 1144
285 1640 1144
304 1554 1144
330 1681 1144
364 657 1144
400 567 1144
421 537 1144
433 1734 1144
438 1744 1144
493 1755 1144
535 423 1144
542 1668 1144
625 512 1144
626 513 1144
653 1763 1144
792 488 1144
793 487 1144
796 486 1144
801 1728 1144
809 1723 1144
813 1628 1144
813 1719 1144
814 1718 1144
815 1717 1144
854 532 1144
865 531 1144
869 1678 1144
874 533 1144
927 1658 1144
947 1547 1144
971 574 1144
979 502 1144
985 1606 1144
1015 1547 1144
1016 1545 1144
1055 639 1144
1056 640 1144
1069 1469 1144
1085 1448 1144
1089 694 1144
1110 598 1144
1110 829 1144
1124 1283 1144
1124 1284 1144
1124 1285 1144
1124 1286 1144
1124 1287 1144
1124 1288 1144
1124 1289 1144
1124 1290 1144
1125 1279 1144
1142 890 1144
1212 1205 1144
1214 963 1144
108 927 1145
127 1090 1145
128 1091 1145
130 1271 1145
141 1410 1145
149 961 1145
149 1430 1145
150 1040 1145
159 1458 1145
168 889 1145
192 1408 1145
197 713 1145
204 803 1145
284 1639 1145
304 1553 1145
317 1565 1145
338 660 1145
341 1590 1145
356 603 1145
361 602 1145
401 567 1145
421 538 1145
432 1729 1145
432 1730 1145
439 1745 1145
469 442 1145
470 566 1145
493 1755 1145
534 424 1145
536 1738 1145
586 487 1145
604 1739 1145
685 1778 1145
790 490 1145
791 489 1145
797 486 1145
810 1722 1145
811 1721 1145
812 1720 1145
813 1628 1145
844 1612 1145
854 533 1145
874 534 1145
896 542 1145
929 1657 1145
948 1545 1145
1023 506 1145
1068 1470 1145
1086 1447 1145
1108 596 1145
1124 1282 1145
1141 889 1145
1175 1385 1145
1179 1353 1145
1212 1205 1145
1214 906 1145
1214 964 1145
1216 997 1145
1220 1086 1145
1226 1149 1145
1228 1130 1145
130 1091 1146
140 1174 1146
158 925 1146
170 1490 1146
183 1246 1146
202 1438 1146
219 774 1146
280 1541 1146
281 687 1146
304 1552 1146
318 1565 1146
342 1590 1146
352 1612 1146
365 1690 1146
401 568 1146
421 539 1146
424 1627 1146
432 1725 1146
455 1643 1146
494 1755 1146
499 436 1146
511 1750 1146
533 425 1146
584 486 1146
619 1745 1146
657 1764 1146
706 1778 1146
786 1651 1146
813 1628 1146
849 464 1146
850 464 1146
854 534 1146
873 535 1146
927 482 1146
970 575 1146
982 576 1146
1013 1432 1146
1020 506 1146
1067 1471 1146
1124 1296 1146
1157 932 1146
1157 933 1146
1157 934 1146
1157 935 1146
1157 936 1146
1157 937 1146
1164 1030 1146
1214 964 1146
1216 998 1146
1216 999 1146
1220 1062 1146
1225 1031 1146
106 931 1147
107 930 1147
126 1307 1147
144 838 1147
151 1040 1147
170 1489 1147
171 882 1147
171 1061 1147
177 867 1147
183 1247 1147
197 1161 1147
202 1437 1147
204 1545 1147
261 705 1147
280 688 1147
281 1540 1147
282 1540 1147
304 1551 1147
319 1565 1147
335 1579 1147
343 1590 1147
363 1690 1147
364 1690 1147
401 569 1147
427 1705 1147
440 1746 1147
456 1644 1147
457 1645 1147
465 1660 1147
495 1755 1147
545 1667 1147
605 1739 1147
705 1778 1147
733 1767 1147
764 1750 1147
777 1738 1147
786 1651 1147
853 464 1147
854 535 1147
855 1606 1147
865 1679 1147
866 464 1147
872 536 1147
899 1593 1147
906 467 1147
913 561 1147
931 1656 1147
942 1554 1147
973 504 1147
979 503 1147
980 1468 1147
989 576 1147
999 1582 1147
1066 1472 1147
1085 545 1147
1124 1297 1147
1124 1298 1147
1133 1182 1147
1157 939 1147
1157 940 1147
1163 1063 1147
1174 1387 1147
1191 1249 1147
1211 1204 1147
1215 1184 1147
1216 1000 1147
1216 1001 1147
1216 1002 1147
126 1308 1148
140 1241 1148
150 963 1148
170 1488 1148
172 1062 1148
178 871 1148
179 1507 1148
182 858 1148
188 1090 1148
194 1193 1148
202 1436 1148
204 1544 1148
212 1466 1148
226 752 1148
234 1501 1148
279 689 1148
285 1540 1148
286 1636 1148
319 1564 1148
335 1577 1148
344 1590 1148
361 1690 1148
362 1690 1148
401 570 1148
432 1722 1148
441 1746 1148
458 1646 1148
459 1648 1148
462 1654 1148
495 1755 1148
502 436 1148
547 1666 1148
554 1730 1148
661 1765 1148
671 555 1148
703 1705 1148
704 1705 1148
705 1705 1148
812 1629 1148
847 465 1148
853 1606 1148
854 536 1148
854 1606 1148
855 1606 1148
856 464 1148
892 1669 1148
914 1661 1148
925 481 1148
932 1655 1148
944 570 1148
968 1506 1148
969 576 1148
969 1503 1148
981 1467 1148
1008 1438 1148
1065 1473 1148
1071 1367 1148
1089 1443 1148
1090 1442 1148
1091 698 1148
1124 1299 1148
1157 942 1148
1163 1064 1148
1173 1388 1148
1190 1251 1148
1215 1184 1148
1216 1003 1148
104 983 1149
105 934 1149
105 935 1149
126 1309 1149
150 1431 1149
154 1117 1149
159 927 1149
173 1063 1149
178 732 1149
179 870 1149
179 1506 1149
182 861 1149
184 1247 1149
202 1435 1149
204 1543 1149
288 1540 1149
290 1541 1149
344 1589 1149
360 1690 1149
372 598 1149
402 570 1149
424 1625 1149
432 1721 1149
462 1653 1149
496 1755 1149
503 436 1149
557 1664 1149
662 1765 1149
670 555 1149
689 1777 1149
811 1630 1149
856 1606 1149
890 1670 1149
901 1592 1149
910 1590 1149
967 1507 1149
970 577 1149
972 1495 1149
977 504 1149
977 577 1149
979 577 1149
997 576 1149
1000 576 1149
1024 1528 1149
1028 1525 1149
1029 1524 1149
1030 1523 1149
1042 1399 1149
1062 1477 1149
1063 1476 1149
1070 1368 1149
1091 1441 1149
1124 1300 1149
1124 1301 1149
1124 1302 1149
1133 1413 1149
1156 1403 1149
1171 1390 1149
1172 1389 1149
1182 738 1149
1182 746 1149
1213 983 1149
1214 966 1149
1219 1107 1149
1225 1143 1149
104 982 1150
119 1071 1150
126 1309 1150
149 1428 1150
171 1486 1150
174 1064 1150
179 732 1150
179 1505 1150
189 1090 1150
192 1216 1150
200 814 1150
202 1434 1150
204 1542 1150
263 705 1150
336 1575 1150
359 1690 1150
374 597 1150
376 1626 1150
402 571 1150
433 492 1150
497 1755 1150
549 1665 1150
555 1664 1150
560 1663 1150
607 1739 1150
693 1777 1150
766 1748 1150
774 1740 1150
810 1631 1150
843 1612 1150
867 537 1150
872 464 1150
881 464 1150
890 543 1150
901 1592 1150
916 1660 1150
941 571 1150
973 1488 1150
985 503 1150
1031 1522 1150
1032 1521 1150
1050 1492 1150
1057 511 1150
1089 698 1150
1092 1440 1150
1113 606 1150
1124 1303 1150
1124 1304 1150
1154 1404 1150
1170 1391 1150
1180 1299 1150
1181 772 1150
1182 753 1150
1209 1205 1150
1213 982 1150
1219 1108 1150
99 990 1151
99 1005 1151
99 1008 1151
99 1009 1151
100 1011 1151
103 1020 1151
119 1070 1151
125 1343 1151
126 1310 1151
140 1243 1151
144 1002 1151
175 1065 1151
185 1246 1151
193 1404 1151
199 1159 1151
202 1433 1151
204 1541 1151
208 1123 1151
221 1572 1151
228 753 1151
243 1589 1151
260 1609 1151
332 663 1151
345 1589 1151
356 1689 1151
376 596 1151
432 1718 1151
443 1745 1151
455 451 1151
498 1755 1151
505 437 1151
516 435 1151
564 1662 1151
565 1662 1151
608 1739 1151
668 554 1151
673 555 1151
686 559 1151
696 1777 1151
697 1777 1151
748 505 1151
749 505 1151
774 1740 1151
819 480 1151
874 464 1151
882 465 1151
888 543 1151
915 1587 1151
931 570 1151
973 1487 1151
982 504 1151
988 503 1151
996 503 1151
1000 503 1151
1045 511 1151
1051 1491 1151
1059 1481 1151
1089 699 1151
1124 1305 1151
1134 1413 1151
1165 1396 1151
1166 1395 1151
1167 1394 1151
1168 1393 1151
1169 1392 1151
1181 732 1151
1181 733 1151
1183 1280 1151
1198 1230 1151
1208 890 1151
1213 981 1151
1219 1109 1151
100 1003 1152
105 1025 1152
125 1342 1152
126 1311 1152
140 1244 1152
163 1457 1152
172 1485 1152
176 1066 1152
190 1089 1152
204 1540 1152
221 1479 1152
241 737 1152
261 1608 1152
267 634 1152
377 1625 1152
379 595 1152
432 1714 1152
436 490 1152
470 573 1152
498 1755 1152
515 436 1152
517 1748 1152
538 1738 1152
554 1731 1152
566 1662 1152
567 1662 1152
568 1662 1152
569 1662 1152
627 423 1152
629 424 1152
666 1766 1152
668 554 1152
685 1774 1152
687 560 1152
699 1777 1152
700 1777 1152
742 506 1152
873 465 1152
883 466 1152
919 1659 1152
921 479 1152
938 1556 1152
962 577 1152
973 1486 1152
995 504 1152
1001 504 1152
1041 1397 1152
1043 1500 1152
1052 1490 1152
1056 511 1152
1071 527 1152
1089 700 1152
1093 1438 1152
1113 607 1152
1116 718 1152
1134 1413 1152
1141 893 1152
1153 919 1152
1164 1397 1152
1178 719 1152
1179 1325 1152
1179 1326 1152
1179 1327 1152
1180 729 1152
1183 1279 1152
1184 1276 1152
1185 1270 1152
1185 1271 1152
1185 1272 1152
1213 969 1152
1225 1139 1152
106 1026 1153
120 1069 1153
125 1342 1153
126 1312 1153
140 1245 1153
146 840 1153
147 1213 1153
152 966 1153
153 1111 1153
177 1067 1153
186 1245 1153
194 1403 1153
199 1191 1153
204 1539 1153
221 1478 1153
243 1588 1153
329 664 1153
369 659 1153
424 507 1153
444 1744 1153
536 1739 1153
554 1731 1153
570 1662 1153
571 1662 1153
608 416 1153
611 417 1153
622 422 1153
626 423 1153
667 1766 1153
668 1686 1153
670 1687 1153
671 1688 1153
690 561 1153
691 561 1153
821 479 1153
873 466 1153
914 474 1153
919 477 1153
921 1658 1153
928 1655 1153
937 1557 1153
949 577 1153
950 577 1153
954 577 1153
974 1483 1153
980 1467 1153
1002 505 1153
1041 512 1153
1042 1501 1153
1053 1489 1153
1054 1488 1153
1055 1487 1153
1056 512 1153
1057 1484 1153
1090 701 1153
1123 1314 1153
1139 630 1153
1149 1405 1153
1161 988 1153
1170 690 1153
1178 720 1153
1179 1328 1153
1181 757 1153
1185 1267 1153
1213 919 1153
1217 1082 1153
1224 1135 1153
1224 1136 1153
120 1068 1154
125 1342 1154
126 1313 1154
146 1004 1154
148 1423 1154
150 982 1154
152 1158 1154
153 1435 1154
178 1068 1154
193 1216 1154
194 1402 1154
201 1156 1154
221 1477 1154
223 1572 1154
230 754 1154
262 1606 1154
337 1569 1154
357 604 1154
357 1690 1154
370 659 1154
378 1624 1154
380 595 1154
424 1622 1154
444 1743 1154
453 474 1154
491 438 1154
499 1755 1154
519 1747 1154
534 1740 1154
554 1731 1154
572 1662 1154
573 1662 1154
585 406 1154
586 406 1154
634 1672 1154
666 1685 1154
674 1690 1154
675 1691 1154
692 561 1154
778 557 1154
786 1650 1154
789 1732 1154
840 470 1154
842 1612 1154
873 467 1154
916 1659 1154
923 1657 1154
925 1656 1154
927 1655 1154
936 1558 1154
937 1651 1154
956 578 1154
1003 506 1154
1010 578 1154
1055 1486 1154
1123 1315 1154
1123 1316 1154
1123 1317 1154
1146 904 1154
1153 1123 1154
1154 1122 1154
1155 953 1154
1155 954 1154
1155 1121 1154
1161 989 1154
1161 990 1154
1178 721 1154
1180 1317 1154
1182 777 1154
1199 876 1154
1213 1185 1154
1223 1132 1154
120 1067 1155
125 1342 1155
133 1086 1155
134 1280 1155
141 1247 1155
146 841 1155
148 1422 1155
151 982 1155
151 1161 1155
153 1156 1155
157 945 1155
157 1041 1155
168 1325 1155
168 1326 1155
168 1327 1155
171 1354 1155
176 1285 1155
213 1465 1155
221 1476 1155
231 754 1155
266 704 1155
270 632 1155
289 1627 1155
301 673 1155
337 1568 1155
357 1690 1155
361 659 1155
370 659 1155
419 554 1155
497 439 1155
498 439 1155
500 439 1155
501 439 1155
521 1746 1155
571 406 1155
574 1662 1155
576 405 1155
587 406 1155
638 1672 1155
693 561 1155
694 561 1155
729 1766 1155
750 505 1155
833 1697 1155
840 470 1155
850 470 1155
874 468 1155
879 1673 1155
902 1592 1155
915 1659 1155
935 1559 1155
988 1596 1155
989 506 1155
992 579 1155
1003 1562 1155
1004 507 1155
1098 573 1155
1123 1319 1155
1123 1320 1155
1147 906 1155
1161 991 1155
1177 1342 1155
1178 1333 1155
1178 1334 1155
1178 1335 1155
1178 1336 1155
1178 1337 1155
1178 1338 1155
1179 1307 1155
1179 1308 1155
1180 759 1155
1185 1264 1155
1199 1226 1155
1202 883 1155
1206 1207 1155
1212 1186 1155
104 943 1156
105 942 1156
110 1033 1156
120 1066 1156
133 1085 1156
134 1281 1156
147 1006 1156
152 982 1156
173 892 1156
177 1284 1156
221 1475 1156
275 624 1156
293 1634 1156
306 1647 1156
337 1567 1156
348 1590 1156
363 659 1156
369 659 1156
389 656 1156
404 574 1156
424 1621 1156
441 1627 1156
488 439 1156
543 1736 1156
574 405 1156
575 405 1156
587 406 1156
640 1672 1156
671 1767 1156
695 561 1156
749 505 1156
765 1747 1156
775 1739 1156
834 1696 1156
839 471 1156
934 1560 1156
940 501 1156
940 1649 1156
974 507 1156
975 507 1156
976 507 1156
977 507 1156
978 507 1156
979 507 1156
998 580 1156
1013 1427 1156
1040 1502 1156
1116 615 1156
1117 789 1156
1161 992 1156
1170 692 1156
1179 764 1156
1179 1307 1156
1185 1259 1156
1198 873 1156
1212 906 1156
1218 1062 1156
103 945 1157
104 944 1157
112 1035 1157
133 1084 1157
146 842 1157
153 982 1157
159 953 1157
159 954 1157
159 955 1157
172 1352 1157
174 1480 1157
181 1502 1157
186 762 1157
186 763 1157
186 764 1157
201 1190 1157
221 1474 1157
225 1572 1157
237 1496 1157
295 1636 1157
296 1637 1157
298 1638 1157
303 1540 1157
309 1650 1157
332 1668 1157
357 605 1157
372 659 1157
439 620 1157
440 1626 1157
475 575 1157
517 500 1157
523 1745 1157
531 1741 1157
575 405 1157
586 406 1157
643 1673 1157
646 1674 1157
648 1675 1157
672 1767 1157
696 561 1157
749 505 1157
778 1737 1157
804 1636 1157
828 1701 1157
832 476 1157
836 1694 1157
839 472 1157
889 470 1157
933 1561 1157
941 1648 1157
965 1627 1157
972 1620 1157
983 580 1157
985 507 1157
992 580 1157
1054 514 1157
1117 790 1157
1161 993 1157
1170 693 1157
1195 866 1157
1196 869 1157
1205 1209 1157
1212 905 1157
103 946 1158
103 947 1158
147 1418 1158
148 1007 1158
154 982 1158
154 1433 1158
160 957 1158
172 1351 1158
173 893 1158
182 1070 1158
194 1399 1158
196 1213 1158
204 1155 1158
221 1473 1158
237 1495 1158
261 1602 1158
304 1539 1158
312 1652 1158
325 1662 1158
328 1664 1158
358 605 1158
374 659 1158
375 659 1158
383 658 1158
430 1701 1158
486 440 1158
545 1735 1158
584 406 1158
585 406 1158
621 517 1158
626 1744 1158
635 445 1158
697 561 1158
748 505 1158
763 1748 1158
785 1733 1158
826 1702 1158
831 477 1158
837 1693 1158
839 473 1158
848 472 1158
876 1674 1158
890 471 1158
924 572 1158
931 1564 1158
942 1647 1158
958 1635 1158
962 1630 1158
966 508 1158
967 508 1158
968 508 1158
969 508 1158
976 1471 1158
978 508 1158
989 509 1158
998 581 1158
1003 581 1158
1003 1561 1158
1006 511 1158
1013 1426 1158
1054 515 1158
1055 654 1158
1148 1132 1158
1161 994 1158
1200 1219 1158
1204 1210 1158
1210 1186 1158
1211 904 1158
1211 947 1158
1221 1129 1158
127 1319 1159
127 1320 1159
152 1174 1159
155 981 1159
159 1145 1159
161 1042 1159
169 1331 1159
178 1282 1159
194 1398 1159
197 1212 1159
238 1495 1159
243 1585 1159
257 1519 1159
261 1601 1159
272 700 1159
284 1615 1159
305 1538 1159
314 1653 1159
315 1654 1159
320 1658 1159
357 1689 1159
380 1622 1159
424 1620 1159
443 1737 1159
477 574 1159
521 499 1159
547 1734 1159
620 517 1159
726 1767 1159
744 1759 1159
746 1758 1159
748 505 1159
838 544 1159
838 1692 1159
841 1612 1159
848 473 1159
880 471 1159
930 1565 1159
943 1646 1159
955 1638 1159
972 1619 1159
984 581 1159
1013 513 1159
1020 515 1159
1066 1370 1159
1117 791 1159
1146 1129 1159
1146 1130 1159
1161 995 1159
1198 1225 1159
1203 1212 1159
1210 903 1159
104 951 1160
121 1062 1160
127 1321 1160
146 1415 1160
153 1173 1160
156 981 1160
160 1143 1160
162 1042 1160
181 1500 1160
187 861 1160
193 1511 1160
203 1186 1160
205 1425 1160
227 1572 1160
238 1494 1160
326 1553 1160
340 1565 1160
358 1689 1160
382 658 1160
405 577 1160
548 1665 1160
574 407 1160
633 439 1160
652 545 1160
655 549 1160
656 550 1160
658 551 1160
752 1755 1160
782 558 1160
819 1708 1160
841 1612 1160
852 473 1160
861 472 1160
862 472 1160
894 556 1160
928 1568 1160
941 586 1160
944 1645 1160
947 1531 1160
967 509 1160
978 509 1160
1013 1425 1160
1036 1503 1160
1066 1370 1160
1067 672 1160
1070 677 1160
1161 996 1160
1197 1226 1160
1214 1161 1160
1216 1083 1160
130 906 1161
148 1215 1161
154 1172 1161
161 1137 1161
161 1138 1161
163 1042 1161
171 1320 1161
174 1475 1161
185 733 1161
185 1071 1161
198 1211 1161
243 1584 1161
258 1598 1161
285 1614 1161
354 607 1161
358 1688 1161
382 658 1161
423 1619 1161
536 496 1161
548 1665 1161
573 408 1161
615 1738 1161
724 1768 1161
755 1753 1161
801 1638 1161
841 1612 1161
857 1605 1161
881 473 1161
914 478 1161
918 479 1161
922 574 1161
948 584 1161
951 1640 1161
961 510 1161
968 510 1161
1066 1370 1161
1089 703 1161
1135 1411 1161
1142 1408 1161
1161 997 1161
1168 690 1161
1216 1084 1161
122 927 1162
127 1341 1162
132 1288 1162
135 1083 1162
144 1408 1162
144 1409 1162
148 1215 1162
155 1171 1162
164 1042 1162
167 1457 1162
172 1471 1162
198 1211 1162
207 1152 1162
258 1597 1162
259 1516 1162
307 1534 1162
325 669 1162
330 667 1162
382 658 1162
382 1621 1162
405 649 1162
440 1731 1162
454 1745 1162
478 577 1162
537 496 1162
598 1734 1162
634 1745 1162
644 539 1162
723 1768 1162
746 506 1162
759 1750 1162
793 494 1162
815 1711 1162
849 549 1162
854 474 1162
854 1684 1162
868 1677 1162
870 1676 1162
882 474 1162
892 557 1162
909 477 1162
910 477 1162
922 575 1162
946 1643 1162
950 1640 1162
969 511 1162
1031 1509 1162
1033 1505 1162
1039 602 1162
1045 637 1162
1045 638 1162
1047 643 1162
1066 1370 1162
1111 827 1162
1121 856 1162
1125 1415 1162
1132 888 1162
1166 688 1162
1167 689 1162
1179 1312 1162
1214 921 1162
1216 1085 1162
132 1289 1163
162 1126 1163
169 1465 1163
170 1467 1163
182 1498 1163
191 1241 1163
198 1211 1163
206 1422 1163
243 1583 1163
260 1515 1163
324 670 1163
331 667 1163
406 578 1163
423 1618 1163
428 1693 1163
495 535 1163
549 1664 1163
551 487 1163
573 409 1163
616 1738 1163
638 1746 1163
643 540 1163
718 513 1163
722 1768 1163
736 507 1163
787 1648 1163
804 1720 1163
807 1718 1163
808 1717 1163
830 481 1163
922 576 1163
949 1640 1163
979 583 1163
1003 1558 1163
1043 629 1163
1044 633 1163
1068 1369 1163
1076 689 1163
1086 700 1163
1123 1416 1163
1131 889 1163
1140 1409 1163
1177 751 1163
1179 1312 1163
1207 1187 1163
1212 1160 1163
123 927 1164
128 1326 1164
159 980 1164
173 1317 1164
182 1497 1164
201 827 1164
206 1180 1164
206 1420 1164
207 1534 1164
243 1582 1164
309 1531 1164
328 1549 1164
344 1563 1164
354 1586 1164
360 1686 1164
383 658 1164
439 1728 1164
441 623 1164
497 536 1164
549 1664 1164
597 1733 1164
641 1746 1164
642 540 1164
658 1755 1164
678 1766 1164
721 1768 1164
735 508 1164
778 496 1164
786 1732 1164
891 558 1164
900 477 1164
972 583 1164
985 583 1164
1066 1370 1164
1079 693 1164
1080 694 1164
1081 695 1164
1082 696 1164
1083 697 1164
1089 559 1164
1116 1249 1164
1131 890 1164
1179 1311 1164
105 955 1165
124 927 1165
131 1294 1165
131 1295 1165
131 1296 1165
137 1083 1165
153 1012 1165
160 979 1165
180 1279 1165
189 1073 1165
194 1508 1165
206 1419 1165
243 1581 1165
252 1505 1165
310 1530 1165
344 1562 1165
384 658 1165
439 1727 1165
465 1752 1165
497 538 1165
507 1753 1165
549 1664 1165
554 486 1165
617 1738 1165
625 523 1165
626 524 1165
627 525 1165
628 526 1165
642 540 1165
690 558 1165
700 1693 1165
701 1693 1165
720 1768 1165
722 513 1165
779 496 1165
786 1732 1165
856 1604 1165
891 559 1165
895 1665 1165
897 1664 1165
898 477 1165
921 577 1165
930 497 1165
972 1615 1165
980 513 1165
1042 625 1165
1042 626 1165
1057 1475 1165
1063 1373 1165
1064 1372 1165
1065 1371 1165
1093 711 1165
1136 646 1165
1140 1409 1165
1145 663 1165
1147 666 1165
1162 997 1165
1179 1310 1165
1206 1187 1165
1216 1027 1165
1217 1059 1165
1218 1125 1165
103 979 1166
123 1060 1166
128 1342 1166
131 1297 1166
147 843 1166
154 1013 1166
158 1430 1166
163 970 1166
166 1451 1166
171 1045 1166
193 1389 1166
197 717 1166
198 716 1166
203 828 1166
242 758 1166
243 1580 1166
310 1529 1166
329 1546 1166
355 1584 1166
385 658 1166
440 1620 1166
442 494 1166
455 1744 1166
466 1752 1166
507 1753 1166
642 540 1166
734 565 1166
735 1761 1166
758 1750 1166
786 1732 1166
801 1722 1166
863 1679 1166
889 1668 1166
891 560 1166
893 1666 1166
899 1663 1166
904 1659 1166
920 577 1166
971 1616 1166
973 1611 1166
985 584 1166
1066 1465 1166
1067 1464 1166
1069 1461 1166
1073 1366 1166
1074 1366 1166
1098 591 1166
1114 1250 1166
1136 647 1166
1142 1121 1166
1148 668 1166
1150 671 1166
1163 686 1166
1179 1309 1166
1184 1246 1166
1192 834 1166
1211 1157 1166
1217 1059 1166
129 1328 1167
131 1299 1167
147 844 1167
149 1217 1167
155 1014 1167
161 979 1167
164 971 1167
173 1046 1167
175 1314 1167
181 1279 1167
208 1532 1167
220 1465 1167
232 1570 1167
243 759 1167
243 1579 1167
310 1528 1167
329 1545 1167
361 1684 1167
386 658 1167
442 624 1167
507 1753 1167
592 413 1167
618 1738 1167
642 540 1167
662 1758 1167
664 1759 1167
719 1768 1167
722 564 1167
733 566 1167
786 495 1167
786 1732 1167
789 495 1167
794 495 1167
795 559 1167
796 559 1167
856 477 1167
861 1680 1167
862 476 1167
863 476 1167
864 476 1167
865 476 1167
872 476 1167
873 476 1167
874 476 1167
875 476 1167
876 476 1167
968 1620 1167
976 585 1167
1041 622 1167
1065 1466 1167
1074 534 1167
1103 602 1167
1105 605 1167
1111 841 1167
1112 1252 1167
1136 648 1167
1179 1308 1167
1186 1242 1167
1192 833 1167
1205 1188 1167
1208 1165 1167
1217 1059 1167
1217 1124 1167
124 1060 1168
129 1343 1168
143 1399 1168
149 1218 1168
156 1015 1168
156 1102 1168
162 978 1168
165 1448 1168
174 1047 1168
192 1075 1168
199 1084 1168
207 1417 1168
208 1176 1168
220 1464 1168
233 1571 1168
254 1501 1168
288 1611 1168
311 1527 1168
329 1544 1168
357 1583 1168
362 1683 1168
387 658 1168
440 1619 1168
466 1751 1168
468 589 1168
507 1753 1168
558 485 1168
672 486 1168
718 1768 1168
723 565 1168
732 567 1168
769 569 1168
783 496 1168
786 1732 1168
797 495 1168
801 558 1168
852 551 1168
867 477 1168
871 477 1168
895 478 1168
919 578 1168
928 497 1168
967 1621 1168
976 1603 1168
1064 1467 1168
1092 714 1168
1110 1254 1168
1135 1168 1168
1136 649 1168
1140 655 1168
1142 659 1168
1142 1408 1168
1152 674 1168
1153 675 1168
1157 680 1168
1158 681 1168
1179 1307 1168
1186 1241 1168
1191 832 1168
1191 1230 1168
1207 1166 1168
1210 1155 1168
1211 974 1168
1217 1059 1168
130 1344 1169
137 1081 1169
143 1398 1169
148 844 1169
150 1212 1169
157 1016 1169
164 1117 1169
165 973 1169
174 1343 1169
194 1385 1169
207 1416 1169
234 1571 1169
254 1499 1169
269 714 1169
312 1526 1169
330 1544 1169
347 1560 1169
358 1583 1169
363 1600 1169
363 1682 1169
365 605 1169
388 658 1169
457 478 1169
467 1751 1169
472 587 1169
548 1665 1169
619 1738 1169
667 1760 1169
679 554 1169
718 1767 1169
724 566 1169
786 1732 1169
803 558 1169
861 551 1169
868 478 1169
870 478 1169
894 479 1169
918 578 1169
952 1634 1169
965 1623 1169
966 1622 1169
975 586 1169
977 1599 1169
983 586 1169
987 1443 1169
1059 1472 1169
1124 1187 1169
1137 652 1169
1158 1069 1169
1177 1294 1169
1179 1306 1169
1181 1250 1169
1188 803 1169
1206 1167 1169
1211 975 1169
1213 1140 1169
1214 1003 1169
1216 1124 1169
1217 1058 1169
143 1397 1170
149 1220 1170
151 1211 1170
177 1311 1170
193 736 1170
194 1384 1170
203 1204 1170
221 1463 1170
235 1571 1170
254 1497 1170
270 713 1170
292 623 1170
330 1543 1170
358 1582 1170
364 1600 1170
364 1681 1170
439 1618 1170
441 1718 1170
460 473 1170
659 551 1170
660 551 1170
661 551 1170
670 552 1170
670 1761 1170
676 553 1170
718 1766 1170
727 567 1170
730 568 1170
732 1762 1170
782 497 1170
786 1732 1170
787 1731 1170
799 1722 1170
857 479 1170
869 479 1170
917 578 1170
953 1633 1170
963 1625 1170
1013 1527 1170
1031 1386 1170
1062 682 1170
1062 1468 1170
1131 1170 1170
1177 1295 1170
1179 1305 1170
1180 1251 1170
1187 1237 1170
1213 1139 1170
131 1343 1171
137 1080 1171
149 1220 1171
152 1210 1171
165 1444 1171
177 1049 1171
178 1309 1171
193 1240 1171
204 1203 1171
207 1414 1171
235 664 1171
248 767 1171
271 712 1171
293 623 1171
312 678 1171
316 676 1171
318 675 1171
330 1542 1171
335 668 1171
410 579 1171
423 1613 1171
440 1710 1171
441 1714 1171
470 1752 1171
472 1753 1171
475 586 1171
573 415 1171
595 1731 1171
604 1653 1171
671 1761 1171
674 1762 1171
718 1765 1171
788 1730 1171
857 480 1171
859 552 1171
859 1680 1171
869 480 1171
896 481 1171
956 1631 1171
961 1627 1171
968 586 1171
991 518 1171
1012 1529 1171
1028 1392 1171
1059 680 1171
1060 681 1171
1060 1470 1171
1089 561 1171
1143 1407 1171
1175 721 1171
1177 1296 1171
1179 1302 1171
1179 1303 1171
1179 1304 1171
1202 1189 1171
1213 1138 1171
1215 1125 1171
1215 1126 1171
127 1061 1172
130 1333 1172
130 1334 1172
130 1335 1172
131 1309 1172
131 1341 1172
149 1221 1172
165 1443 1172
171 925 1172
179 1307 1172
190 884 1172
194 736 1172
194 1239 1172
205 1202 1172
207 1413 1172
210 1174 1172
216 686 1172
236 664 1172
250 768 1172
258 741 1172
294 623 1172
305 1623 1172
336 668 1172
341 613 1172
364 1680 1172
367 605 1172
440 1707 1172
473 1753 1172
475 1754 1172
476 585 1172
476 1754 1172
477 1754 1172
478 1754 1172
479 1754 1172
504 1754 1172
550 423 1172
619 1737 1172
626 426 1172
676 1762 1172
729 568 1172
784 1733 1172
797 1723 1172
800 496 1172
883 1670 1172
947 1524 1172
972 587 1172
980 587 1172
987 518 1172
1045 519 1172
1140 1114 1172
1146 1406 1172
1147 1405 1172
1175 721 1172
1188 852 1172
1201 1190 1172
1203 1165 1172
1213 1136 1172
1214 1127 1172
1214 1128 1172
131 1339 1173
132 1074 1173
160 1428 1173
162 1162 1173
165 1114 1173
172 925 1173
180 1304 1173
185 1489 1173
194 1380 1173
196 1075 1173
210 1531 1173
212 834 1173
218 1152 1173
238 1572 1173
252 770 1173
275 1502 1173
303 622 1173
309 1627 1173
310 1628 1173
331 1541 1173
349 1558 1173
359 1581 1173
368 605 1173
411 580 1173
421 648 1173
422 648 1173
423 648 1173
423 1612 1173
478 583 1173
483 1753 1173
503 1754 1173
635 537 1173
728 1685 1173
758 1748 1173
779 1647 1173
782 1646 1173
791 497 1173
857 1602 1173
859 482 1173
860 482 1173
860 1679 1173
916 578 1173
948 1522 1173
993 1574 1173
1010 1532 1173
1044 519 1173
1101 729 1173
1134 903 1173
1139 1113 1173
1148 1404 1173
1149 1403 1173
1189 859 1173
1200 1191 1173
1214 1087 1173
111 1009 1174
131 1331 1174
132 1314 1174
132 1315 1174
154 1208 1174
160 1021 1174
163 1161 1174
166 1442 1174
180 1051 1174
184 1275 1174
194 1379 1174
209 1115 1174
210 1530 1174
254 774 1174
255 770 1174
256 1488 1174
259 746 1174
277 1499 1174
290 1608 1174
299 1616 1174
304 622 1174
332 1541 1174
347 667 1174
350 667 1174
351 667 1174
369 605 1174
402 1617 1174
412 580 1174
424 1612 1174
499 1754 1174
500 1754 1174
501 1754 1174
502 1754 1174
503 1754 1174
546 1666 1174
620 1736 1174
634 536 1174
678 1761 1174
697 1683 1174
734 1684 1174
759 1747 1174
777 568 1174
781 1735 1174
858 483 1174
861 483 1174
861 1678 1174
894 568 1174
948 1521 1174
960 517 1174
983 588 1174
991 1438 1174
1021 523 1174
1053 674 1174
1054 675 1174
1100 730 1174
1141 1407 1174
1150 1402 1174
1163 998 1174
1187 1235 1174
1189 860 1174
1199 1192 1174
1214 1087 1174
1215 1002 1174
155 1207 1175
161 1427 1175
181 1301 1175
194 1378 1175
195 860 1175
196 735 1175
216 835 1175
255 776 1175
257 1485 1175
305 622 1175
332 1540 1175
350 1558 1175
363 1679 1175
402 1616 1175
412 581 1175
437 1617 1175
453 1739 1175
504 1754 1175
527 441 1175
585 415 1175
633 535 1175
679 1760 1175
729 1760 1175
760 1746 1175
778 568 1175
779 1736 1175
815 560 1175
857 484 1175
862 484 1175
862 1677 1175
882 1670 1175
894 569 1175
895 570 1175
896 571 1175
948 1520 1175
975 520 1175
981 520 1175
982 520 1175
989 588 1175
1009 1533 1175
1052 673 1175
1092 1259 1175
1111 620 1175
1112 621 1175
1120 1185 1175
1139 1110 1175
1155 1398 1175
1161 692 1175
1163 998 1175
1186 1235 1175
1201 1162 1175
1214 1086 1175
1215 1001 1175
133 1319 1176
134 1074 1176
141 1387 1176
194 1377 1176
197 722 1176
197 735 1176
197 1504 1176
201 759 1176
218 836 1176
255 654 1176
257 778 1176
258 1483 1176
260 768 1176
306 622 1176
316 1521 1176
357 666 1176
402 1615 1176
425 1612 1176
441 508 1176
454 1739 1176
480 1651 1176
505 1754 1176
524 442 1176
614 424 1176
620 1735 1176
679 1759 1176
738 1682 1176
754 1749 1176
779 568 1176
857 554 1176
863 1676 1176
881 1670 1176
957 518 1176
982 589 1176
1033 521 1176
1085 1258 1176
1119 1185 1176
1160 1355 1176
1163 998 1176
1163 1028 1176
1208 1140 1176
1209 938 1176
112 1012 1177
135 1075 1177
141 1386 1177
162 1427 1177
177 927 1177
194 1376 1177
196 1237 1177
197 723 1177
211 1529 1177
217 690 1177
219 837 1177
241 1571 1177
248 1472 1177
253 655 1177
259 780 1177
262 766 1177
263 752 1177
263 760 1177
272 737 1177
298 1613 1177
347 615 1177
359 666 1177
361 1580 1177
370 606 1177
413 582 1177
442 507 1177
506 1754 1177
507 1754 1177
552 1665 1177
584 416 1177
680 1758 1177
683 1675 1177
713 1683 1177
729 1759 1177
740 1681 1177
753 1749 1177
777 1737 1177
822 561 1177
822 1623 1177
823 1622 1177
856 1600 1177
972 590 1177
989 589 1177
1008 1533 1177
1015 525 1177
1118 1185 1177
1205 916 1177
1207 1141 1177
1215 1000 1177
132 1061 1178
135 873 1178
136 1075 1178
168 979 1178
182 1297 1178
183 1294 1178
184 1484 1178
194 1375 1178
197 724 1178
220 838 1178
259 1480 1178
260 781 1178
280 1494 1178
285 699 1178
290 1605 1178
360 666 1178
361 666 1178
361 1579 1178
371 606 1178
454 1738 1178
476 587 1178
499 445 1178
553 1665 1178
583 417 1178
620 1734 1178
679 1673 1178
681 1757 1178
682 1674 1178
742 1680 1178
764 513 1178
786 1646 1178
807 1712 1178
823 562 1178
824 562 1178
824 1621 1178
902 573 1178
983 590 1178
1042 521 1178
1059 528 1178
1075 542 1178
1117 1185 1178
1159 691 1178
1160 1354 1178
1193 871 1178
1196 1195 1178
1206 1142 1178
1215 999 1178
140 1383 1179
153 1402 1179
165 1163 1179
166 809 1179
168 1154 1179
183 1290 1179
183 1291 1179
183 1292 1179
183 1293 1179
183 1481 1179
187 1269 1179
187 1270 1179
196 779 1179
196 1502 1179
198 725 1179
199 732 1179
199 1075 1179
212 1528 1179
213 1173 1179
221 838 1179
242 1570 1179
261 782 1179
281 1493 1179
290 1604 1179
299 1611 1179
352 1556 1179
362 666 1179
363 666 1179
364 666 1179
365 666 1179
376 606 1179
401 1613 1179
423 1611 1179
444 504 1179
492 573 1179
500 445 1179
553 1665 1179
582 418 1179
597 494 1179
598 422 1179
676 1672 1179
677 1672 1179
715 1680 1179
730 1758 1179
744 1679 1179
773 1738 1179
790 500 1179
809 1710 1179
810 1709 1179
811 1708 1179
812 1707 1179
813 1706 1179
825 1620 1179
855 1599 1179
865 1673 1179
959 1494 1179
972 591 1179
988 590 1179
1075 542 1179
1096 582 1179
1116 1185 1179
1141 931 1179
1194 874 1179
1195 1196 1179
1205 1143 1179
1213 1086 1179
1215 999 1179
114 1014 1180
134 1323 1180
140 1382 1180
157 1207 1180
167 1110 1180
169 979 1180
181 931 1180
183 1480 1180
185 1054 1180
195 1374 1180
199 726 1180
212 1527 1180
267 1587 1180
282 1492 1180
316 1518 1180
352 1555 1180
360 1677 1180
366 666 1180
445 503 1180
494 572 1180
503 446 1180
519 445 1180
541 1669 1180
554 1665 1180
581 419 1180
586 418 1180
587 418 1180
593 493 1180
596 422 1180
622 1733 1180
628 1658 1180
629 1658 1180
630 1658 1180
631 1658 1180
675 1671 1180
789 501 1180
794 500 1180
827 1618 1180
859 488 1180
862 488 1180
866 1672 1180
891 572 1180
919 493 1180
946 1520 1180
951 589 1180
952 589 1180
959 1492 1180
960 1490 1180
969 592 1180
1033 522 1180
1036 522 1180
1037 522 1180
1057 1467 1180
1075 543 1180
1132 656 1180
1153 686 1180
1154 687 1180
1155 688 1180
1156 689 1180
1157 690 1180
1172 721 1180
1183 1233 1180
1194 875 1180
1194 876 1180
1213 1087 1180
1221 1037 1180
140 1381 1181
149 857 1181
177 1337 1181
183 1479 1181
200 727 1181
214 1171 1181
244 1569 1181
254 1467 1181
265 785 1181
291 1603 1181
345 1671 1181
367 666 1181
389 661 1181
421 1610 1181
436 529 1181
436 530 1181
452 619 1181
454 1736 1181
480 1646 1181
512 1751 1181
517 446 1181
553 1665 1181
579 420 1181
588 419 1181
590 420 1181
591 1728 1181
607 1731 1181
634 1658 1181
640 1659 1181
772 1738 1181
788 502 1181
827 564 1181
828 1617 1181
829 1616 1181
846 490 1181
854 1599 1181
856 489 1181
918 1648 1181
939 589 1181
1042 522 1181
1045 658 1181
1075 544 1181
1087 720 1181
1137 1104 1181
1171 721 1181
1174 755 1181
1174 1279 1181
1174 1280 1181
1200 1154 1181
1201 1152 1181
1202 1149 1181
1203 1146 1181
1220 1038 1181
115 1015 1182
165 1427 1182
170 980 1182
170 1151 1182
183 1478 1182
184 934 1182
196 1501 1182
213 1525 1182
244 1568 1182
262 1476 1182
312 621 1182
341 1670 1182
346 1671 1182
368 666 1182
369 666 1182
390 661 1182
436 524 1182
437 522 1182
453 619 1182
454 1735 1182
539 1670 1182
553 1665 1182
576 421 1182
577 421 1182
578 421 1182
590 492 1182
623 1732 1182
645 1660 1182
648 1661 1182
672 1669 1182
708 1759 1182
730 1756 1182
750 1675 1182
758 516 1182
818 496 1182
830 1615 1182
846 491 1182
879 1668 1182
898 488 1182
961 1487 1182
983 591 1182
1006 1533 1182
1032 523 1182
1044 657 1182
1047 522 1182
1109 780 1182
1172 1272 1182
1176 785 1182
1182 1232 1182
1212 1088 1182
116 1015 1183
152 1227 1183
154 841 1183
159 1206 1183
162 1184 1183
169 810 1183
171 1136 1183
171 1137 1183
171 1147 1183
184 936 1183
184 1478 1183
186 1054 1183
255 1464 1183
267 1586 1183
313 621 1183
325 1518 1183
340 1669 1183
370 666 1183
371 666 1183
373 607 1183
439 520 1183
454 619 1183
475 457 1183
476 457 1183
477 457 1183
478 457 1183
506 448 1183
510 448 1183
552 1665 1183
561 423 1183
562 423 1183
568 423 1183
575 422 1183
659 1664 1183
671 1668 1183
759 516 1183
787 504 1183
809 571 1183
810 571 1183
831 1614 1183
833 1613 1183
837 495 1183
845 492 1183
855 491 1183
861 490 1183
885 488 1183
922 1646 1183
962 1484 1183
972 524 1183
1043 656 1183
1047 523 1183
1085 719 1183
1101 748 1183
1108 782 1183
1135 1103 1183
117 1015 1184
139 1376 1184
152 1227 1184
155 840 1184
184 1477 1184
196 1238 1184
203 726 1184
203 1075 1184
214 1523 1184
227 839 1184
255 1463 1184
265 1475 1184
268 1586 1184
269 789 1184
282 715 1184
287 1489 1184
292 1600 1184
302 1606 1184
314 621 1184
339 1668 1184
381 664 1184
397 660 1184
400 659 1184
472 459 1184
479 1643 1184
491 455 1184
503 525 1184
506 449 1184
519 1749 1184
535 1744 1184
536 1743 1184
550 424 1184
551 424 1184
551 1665 1184
554 424 1184
555 424 1184
556 424 1184
560 424 1184
623 1731 1184
669 1667 1184
786 505 1184
805 500 1184
829 567 1184
832 497 1184
838 1610 1184
844 493 1184
854 492 1184
936 1639 1184
937 1638 1184
947 590 1184
969 524 1184
1125 1124 1184
1149 1063 1184
1150 1061 1184
1159 1349 1184
1173 1299 1184
1174 1310 1184
1201 1147 1184
1202 908 1184
1212 986 1184
1216 1020 1184
118 1015 1185
141 901 1185
141 1280 1185
152 1227 1185
156 839 1185
163 1185 1185
167 1166 1185
184 1476 1185
204 726 1185
208 1399 1185
208 1400 1185
247 1566 1185
256 1462 1185
268 1585 1185
270 790 1185
271 790 1185
283 716 1185
293 1599 1185
337 1666 1185
338 1534 1185
338 1667 1185
377 665 1185
401 659 1185
456 618 1185
470 461 1185
471 460 1185
498 454 1185
505 450 1185
532 1745 1185
540 1740 1185
549 425 1185
552 425 1185
553 425 1185
604 1730 1185
715 1672 1185
785 506 1185
785 1646 1185
796 1722 1185
818 1624 1185
820 569 1185
829 568 1185
842 494 1185
842 1683 1185
843 494 1185
873 490 1185
885 489 1185
889 573 1185
897 489 1185
932 1641 1185
940 1635 1185
941 1634 1185
942 1633 1185
961 1611 1185
966 524 1185
975 1461 1185
1018 1513 1185
1020 1510 1185
1075 547 1185
1108 1185 1185
1108 1229 1185
1109 1324 1185
1110 1319 1185
1148 1064 1185
1150 1060 1185
1151 1058 1185
1152 1056 1185
1173 1300 1185
1184 843 1185
1212 985 1185
1213 993 1185
1216 1019 1185
119 1015 1186
168 1025 1186
173 1446 1186
179 1335 1186
205 726 1186
218 1148 1186
256 1461 1186
259 655 1186
265 647 1186
269 1584 1186
272 791 1186
273 791 1186
274 791 1186
275 791 1186
284 717 1186
323 1636 1186
339 620 1186
372 609 1186
372 666 1186
403 658 1186
408 1672 1186
417 1607 1186
468 1624 1186
473 1634 1186
528 1746 1186
620 1655 1186
652 1741 1186
784 507 1186
785 1646 1186
795 1723 1186
806 501 1186
819 570 1186
829 569 1186
888 573 1186
897 490 1186
931 1641 1186
945 1518 1186
945 1630 1186
960 1612 1186
961 524 1186
965 1469 1186
977 1458 1186
978 592 1186
979 592 1186
981 1452 1186
1000 1419 1186
1031 525 1186
1097 752 1186
1109 1321 1186
1133 1102 1186
1135 664 1186
1147 1065 1186
1151 949 1186
1188 863 1186
1191 1195 1186
1194 884 1186
1201 906 1186
1212 984 1186
1216 1019 1186
136 1323 1187
162 1198 1187
168 1429 1187
172 1131 1187
185 1475 1187
189 1264 1187
198 1366 1187
206 726 1187
214 698 1187
215 697 1187
217 1199 1187
218 1148 1187
234 1549 1187
257 1460 1187
265 647 1187
270 1583 1187
276 792 1187
282 1590 1187
292 1488 1187
376 665 1187
408 1672 1187
475 1636 1187
478 1640 1187
557 494 1187
622 1729 1187
705 1757 1187
714 1669 1187
748 573 1187
795 1723 1187
829 570 1187
859 493 1187
870 492 1187
898 491 1187
1103 1230 1187
1133 1099 1187
1146 681 1187
1146 1066 1187
1169 1274 1187
1194 885 1187
1212 983 1187
140 1367 1188
142 901 1188
144 1269 1188
153 1228 1188
169 812 1188
185 1474 1188
198 1365 1188
198 1497 1188
207 726 1188
209 1396 1188
213 700 1188
217 1200 1188
218 1148 1188
234 1548 1188
245 670 1188
250 1565 1188
258 1459 1188
272 1471 1188
277 793 1188
283 1589 1188
319 622 1188
324 1637 1188
328 621 1188
329 621 1188
341 1532 1188
415 1606 1188
452 493 1188
601 1728 1188
618 1654 1188
619 1654 1188
653 1741 1188
770 1738 1188
840 1684 1188
869 493 1188
888 574 1188
896 1655 1188
898 492 1188
932 592 1188
953 1624 1188
967 1601 1188
1016 1516 1188
1033 637 1188
1081 1442 1188
1082 1441 1188
1129 1110 1188
1130 1107 1188
1133 1097 1188
1146 682 1188
1151 951 1188
1157 1350 1188
1171 747 1188
1194 886 1188
1211 1088 1188
1212 982 1188
1216 1018 1188
140 1066 1189
140 1367 1189
159 1406 1189
198 1364 1189
206 1077 1189
208 726 1189
209 1394 1189
210 862 1189
216 1202 1189
217 1201 1189
218 1148 1189
219 1107 1189
259 1458 1189
273 1470 1189
278 794 1189
281 760 1189
284 1588 1189
296 1488 1189
297 1489 1189
298 1490 1189
299 1491 1189
325 1638 1189
345 620 1189
407 657 1189
453 492 1189
459 476 1189
460 1735 1189
461 1736 1189
552 1734 1189
554 496 1189
654 1741 1189
713 1666 1189
751 574 1189
784 1646 1189
794 1724 1189
868 494 1189
873 493 1189
883 1665 1189
887 574 1189
888 492 1189
899 493 1189
929 1640 1189
945 1516 1189
965 593 1189
985 1564 1189
1030 627 1189
1031 632 1189
1041 526 1189
1078 1445 1189
1079 1444 1189
1080 1443 1189
1083 1440 1189
1093 755 1189
1129 1409 1189
1133 1095 1189
1136 668 1189
1138 902 1189
1143 1069 1189
1151 952 1189
1194 887 1189
1199 903 1189
1212 982 1189
1216 1016 1189
1216 1017 1189
122 1019 1190
140 1065 1190
140 1366 1190
145 1265 1190
198 1363 1190
199 1496 1190
209 726 1190
212 862 1190
214 1204 1190
215 1203 1190
218 1170 1190
232 1449 1190
235 1547 1190
264 649 1190
272 1580 1190
274 1469 1190
279 795 1190
285 1587 1190
289 723 1190
292 1592 1190
315 1614 1190
326 1639 1190
327 1642 1190
328 1645 1190
336 1661 1190
346 620 1190
357 1547 1190
360 1674 1190
370 613 1190
371 1575 1190
410 656 1190
414 654 1190
414 1605 1190
437 544 1190
462 1619 1190
539 502 1190
546 499 1190
655 1741 1190
712 1664 1190
742 575 1190
836 571 1190
867 495 1190
899 1653 1190
914 497 1190
931 593 1190
942 593 1190
968 1598 1190
972 593 1190
982 593 1190
982 1575 1190
1004 1418 1190
1022 1505 1190
1084 1439 1190
1092 756 1190
1097 1285 1190
1130 1409 1190
1151 953 1190
1156 1350 1190
1188 1197 1190
1197 1148 1190
1212 982 1190
1216 1022 1190
123 1019 1191
141 1066 1191
141 1365 1191
146 1262 1191
155 1089 1191
156 1090 1191
160 1406 1191
172 1027 1191
177 1449 1191
186 955 1191
189 947 1191
195 909 1191
196 901 1191
196 902 1191
198 1362 1191
200 1496 1191
210 1392 1191
211 706 1191
211 707 1191
218 1170 1191
233 1448 1191
235 1546 1191
244 672 1191
244 840 1191
245 841 1191
253 1564 1191
275 1468 1191
286 764 1191
286 1586 1191
291 724 1191
296 1485 1191
315 1613 1191
326 1513 1191
329 1646 1191
336 1660 1191
343 1530 1191
347 620 1191
372 1575 1191
415 654 1191
454 1727 1191
456 487 1191
460 1617 1191
467 1742 1191
468 1743 1191
523 1748 1191
553 1734 1191
555 497 1191
591 1725 1191
615 1653 1191
667 1662 1191
704 1756 1191
775 512 1191
783 510 1191
783 1646 1191
822 502 1191
826 502 1191
864 1596 1191
900 1652 1191
912 1568 1191
915 498 1191
945 1515 1191
1000 1541 1191
1008 1415 1191
1009 1414 1191
1010 1413 1191
1038 1485 1191
1075 552 1191
1091 757 1191
1097 1286 1191
1097 1287 1191
1097 1288 1191
1098 616 1191
1132 1093 1191
1140 1072 1191
1175 796 1191
1187 1197 1191
1190 1169 1191
1196 1148 1191
1198 1140 1191
1210 1087 1191
1212 981 1191
1216 1025 1191
124 1020 1192
125 964 1192
137 1324 1192
142 1365 1192
153 1231 1192
154 1088 1192
171 1431 1192
173 1028 1192
174 1129 1192
178 1450 1192
198 1361 1192
200 1495 1192
218 1170 1192
236 844 1192
243 673 1192
276 1467 1192
288 1586 1192
289 1587 1192
290 1588 1192
300 624 1192
308 1492 1192
327 1513 1192
331 1649 1192
336 1659 1192
344 1530 1192
348 620 1192
358 1545 1192
369 615 1192
373 1574 1192
405 1671 1192
413 1604 1192
459 1616 1192
469 1743 1192
476 600 1192
523 1748 1192
556 497 1192
666 1661 1192
842 1683 1192
847 1597 1192
901 1651 1192
910 1568 1192
931 1638 1192
945 1515 1192
985 1427 1192
1000 1541 1192
1014 1519 1192
1023 1387 1192
1023 1503 1192
1029 1495 1192
1085 1437 1192
1090 758 1192
1097 604 1192
1097 1289 1192
1097 1290 1192
1097 1291 1192
1097 1292 1192
1137 671 1192
1138 1074 1192
1155 1351 1192
1183 843 1192
1186 1197 1192
1190 1168 1192
1210 1086 1192
1215 1030 1192
137 1325 1193
143 1364 1193
147 1259 1193
153 1232 1193
163 1207 1193
167 1186 1193
169 814 1193
171 1157 1193
185 959 1193
199 1361 1193
200 1236 1193
201 1494 1193
210 1389 1193
236 845 1193
276 624 1193
276 1466 1193
287 1583 1193
332 1650 1193
349 620 1193
361 1674 1193
374 1574 1193
405 1671 1193
458 1615 1193
476 601 1193
522 1748 1193
552 499 1193
705 1755 1193
782 1646 1193
793 1724 1193
807 1708 1193
883 1664 1193
902 1650 1193
908 1569 1193
932 1637 1193
945 1515 1193
951 525 1193
981 1574 1193
1030 1494 1193
1037 1486 1193
1061 709 1193
1085 1436 1193
1097 1293 1193
1097 1294 1193
1108 647 1193
1130 1408 1193
1131 1091 1193
1137 1075 1193
1155 697 1193
1164 1319 1193
1167 1314 1193
1168 1310 1193
1168 1311 1193
1168 1312 1193
1172 750 1193
1189 1167 1193
1197 898 1193
1197 1140 1193
1214 1034 1193
123 1035 1194
137 1326 1194
144 1364 1194
153 1233 1194
172 1110 1194
178 984 1194
199 1360 1194
210 1388 1194
235 1445 1194
257 1563 1194
260 1452 1194
274 1576 1194
294 727 1194
295 772 1194
300 771 1194
305 770 1194
306 770 1194
312 1493 1194
333 1651 1194
337 1657 1194
345 1528 1194
359 1543 1194
362 1674 1194
375 1574 1194
401 596 1194
453 1724 1194
476 602 1194
521 1748 1194
553 499 1194
711 1659 1194
767 1738 1194
808 1707 1194
811 1705 1194
822 1695 1194
823 1694 1194
834 1686 1194
902 499 1194
903 1649 1194
906 1571 1194
933 1636 1194
945 1515 1194
972 594 1194
1031 1493 1194
1087 759 1194
1097 1295 1194
1137 672 1194
1150 692 1194
1151 693 1194
1151 1039 1194
1152 694 1194
1152 1368 1194
1157 700 1194
1161 1323 1194
1172 751 1194
1183 845 1194
1188 1166 1194
1209 1085 1194
1213 1056 1194
124 1035 1195
130 947 1195
132 944 1195
133 943 1195
137 1327 1195
143 1288 1195
144 1067 1195
145 1364 1195
153 1233 1195
172 1429 1195
180 1452 1195
199 1359 1195
201 1235 1195
222 1531 1195
260 1451 1195
329 1513 1195
334 1652 1195
336 1655 1195
362 619 1195
363 1674 1195
364 1674 1195
367 618 1195
402 596 1195
454 1725 1195
457 1613 1195
476 603 1195
480 1636 1195
610 1652 1195
707 1657 1195
812 1704 1195
820 1697 1195
821 1696 1195
843 1682 1195
862 499 1195
884 1663 1195
886 577 1195
902 500 1195
904 1648 1195
938 595 1195
947 526 1195
980 1573 1195
1012 1519 1195
1036 528 1195
1036 1487 1195
1097 1296 1195
1097 1297 1195
1130 1088 1195
1130 1089 1195
1132 1407 1195
1137 673 1195
1152 1367 1195
1157 701 1195
1172 752 1195
1175 1230 1195
1196 1140 1195
1213 1057 1195
143 899 1196
145 1068 1196
146 1365 1196
153 1233 1196
163 835 1196
172 1428 1196
179 984 1196
181 1453 1196
199 1358 1196
203 1491 1196
208 777 1196
217 720 1196
223 1531 1196
236 1443 1196
261 1450 1196
274 1573 1196
300 1481 1196
319 624 1196
347 1527 1196
361 1542 1196
665 1659 1196
706 1753 1196
728 1749 1196
757 576 1196
763 576 1196
813 1703 1196
819 1698 1196
843 1682 1196
861 500 1196
902 501 1196
905 1647 1196
914 503 1196
934 1634 1196
970 1592 1196
1035 1488 1196
1064 1456 1196
1132 1081 1196
1132 1407 1196
1157 702 1196
1172 753 1196
1176 807 1196
1195 1140 1196
1203 936 1196
1208 1080 1196
1208 1081 1196
1208 1082 1196
1208 1083 1196
1213 1057 1196
138 938 1197
143 1288 1197
153 1234 1197
163 1406 1197
170 816 1197
209 1077 1197
224 1531 1197
235 850 1197
261 1562 1197
292 785 1197
307 711 1197
309 626 1197
311 625 1197
315 1492 1197
316 624 1197
317 624 1197
347 1526 1197
362 1542 1197
377 1571 1197
454 1610 1197
471 1741 1197
474 606 1197
553 1735 1197
696 1657 1197
704 1654 1197
765 576 1197
791 1723 1197
818 1699 1197
884 1662 1197
906 1646 1197
911 503 1197
912 503 1197
913 503 1197
934 1633 1197
983 595 1197
1000 1540 1197
1032 1490 1197
1041 1383 1197
1072 807 1197
1073 807 1197
1074 807 1197
1075 800 1197
1075 807 1197
1076 801 1197
1076 806 1197
1097 1298 1197
1130 1083 1197
1131 1082 1197
1133 1406 1197
1148 692 1197
1199 1109 1197
1205 941 1197
1213 1057 1197
1214 1005 1197
139 1328 1198
143 1289 1198
148 1366 1198
153 1234 1198
170 817 1198
173 1110 1198
178 1028 1198
185 1333 1198
187 1467 1198
194 1052 1198
218 1193 1198
221 1141 1198
238 1544 1198
274 1570 1198
281 1462 1198
362 1541 1198
481 1634 1198
585 1724 1198
706 1752 1198
718 1654 1198
719 1654 1198
778 513 1198
795 511 1198
816 1700 1198
844 1681 1198
848 505 1198
907 1645 1198
908 1644 1198
927 594 1198
934 1632 1198
971 1590 1198
1020 1503 1198
1077 761 1198
1111 653 1198
1129 1085 1198
1133 1406 1198
1147 692 1198
1152 960 1198
1158 1327 1198
1171 755 1198
1173 1229 1198
1183 850 1198
1204 939 1198
143 1289 1199
144 900 1199
148 1070 1199
150 1254 1199
164 1405 1199
171 817 1199
179 1028 1199
180 985 1199
196 921 1199
203 1235 1199
237 1439 1199
262 1446 1199
264 1562 1199
282 1461 1199
302 1479 1199
308 713 1199
349 1525 1199
363 1541 1199
371 1673 1199
451 1607 1199
472 609 1199
553 1735 1199
703 1651 1199
705 1751 1199
721 1652 1199
788 513 1199
830 583 1199
831 583 1199
840 584 1199
844 1681 1199
846 506 1199
846 583 1199
885 1660 1199
898 1575 1199
926 594 1199
978 1572 1199
981 1564 1199
1007 529 1199
1008 529 1199
1019 1504 1199
1033 529 1199
1049 694 1199
1050 695 1199
1068 737 1199
1074 761 1199
1146 692 1199
1152 961 1199
1157 985 1199
1171 1220 1199
1171 1221 1199
1172 1230 1199
132 1042 1200
150 1367 1200
166 831 1200
170 1185 1200
171 818 1200
173 1424 1200
180 1028 1200
188 1338 1200
211 1078 1200
212 1383 1200
216 729 1200
222 1140 1200
263 1445 1200
266 1563 1200
267 1564 1200
268 1565 1200
283 1460 1200
288 805 1200
289 805 1200
293 803 1200
296 802 1200
297 801 1200
347 672 1200
363 1540 1200
371 1673 1200
419 657 1200
420 657 1200
457 1727 1200
472 1740 1200
482 1633 1200
510 1748 1200
604 1651 1200
642 1733 1200
643 1733 1200
644 1733 1200
645 1733 1200
664 1657 1200
664 1738 1200
705 1750 1200
722 1651 1200
768 577 1200
800 510 1200
832 584 1200
833 584 1200
834 507 1200
834 584 1200
835 584 1200
836 584 1200
837 584 1200
838 584 1200
839 584 1200
841 584 1200
842 584 1200
843 584 1200
844 584 1200
845 584 1200
855 1592 1200
973 596 1200
974 596 1200
999 1542 1200
1005 530 1200
1009 529 1200
1020 529 1200
1021 529 1200
1022 529 1200
1025 529 1200
1031 529 1200
1062 1457 1200
1079 565 1200
1092 1185 1200
1094 1232 1200
1126 662 1200
1127 1088 1200
1139 685 1200
1145 692 1200
1170 1235 1200
1171 1232 1200
133 1043 1201
141 1329 1201
145 900 1201
151 1071 1201
151 1368 1201
167 830 1201
173 1157 1201
179 1009 1201
193 1263 1201
217 730 1201
231 700 1201
235 856 1201
236 855 1201
263 1444 1201
277 1568 1201
311 712 1201
319 1490 1201
350 671 1201
364 1540 1201
446 1687 1201
450 1693 1201
458 1728 1201
482 1632 1201
508 1748 1201
509 1748 1201
640 1732 1201
665 1738 1201
702 1648 1201
704 1749 1201
749 577 1201
766 1735 1201
787 1723 1201
788 514 1201
801 510 1201
810 508 1201
884 498 1201
920 593 1201
923 594 1201
973 596 1201
1027 529 1201
1028 529 1201
1029 529 1201
1133 1404 1201
1138 1383 1201
1139 686 1201
1144 692 1201
1156 1329 1201
1173 778 1201
1181 1193 1201
1197 1108 1201
1210 976 1201
146 900 1202
152 1071 1202
152 1369 1202
153 1235 1202
168 829 1202
171 1185 1202
174 1423 1202
185 806 1202
190 968 1202
197 1050 1202
198 924 1202
226 863 1202
238 1434 1202
241 1541 1202
263 1443 1202
288 808 1202
313 710 1202
372 1672 1202
451 1694 1202
453 641 1202
454 640 1202
482 1631 1202
600 1650 1202
601 1650 1202
666 1738 1202
672 1740 1202
704 1748 1202
725 1650 1202
735 1748 1202
785 1724 1202
874 500 1202
887 1657 1202
917 592 1202
925 1543 1202
1012 530 1202
1063 536 1202
1092 1233 1202
1100 1161 1202
1100 1162 1202
1100 1163 1202
1101 1158 1202
1102 1153 1202
1103 1144 1202
1103 1145 1202
1103 1146 1202
1103 1147 1202
1103 1148 1202
1103 1149 1202
1139 687 1202
1155 1329 1202
1161 1282 1202
1211 958 1202
1212 1057 1202
1216 995 1202
147 900 1203
169 828 1203
174 1156 1203
184 1454 1203
190 1468 1203
194 1263 1203
218 733 1203
223 1138 1203
227 1530 1203
241 1540 1203
264 1442 1203
289 809 1203
305 735 1203
321 1489 1203
380 1568 1203
448 1604 1203
459 1728 1203
482 1630 1203
662 1655 1203
704 1747 1203
709 516 1203
714 573 1203
725 517 1203
726 1649 1203
734 516 1203
735 516 1203
736 516 1203
736 1747 1203
737 1747 1203
738 1747 1203
744 1743 1203
773 578 1203
889 1655 1203
893 1574 1203
912 590 1203
914 509 1203
914 591 1203
924 1543 1203
1043 1380 1203
1108 1124 1203
1132 1404 1203
1178 1193 1203
1185 1152 1203
135 1045 1204
148 899 1204
154 1370 1204
170 827 1204
172 1183 1204
175 1422 1204
192 969 1204
204 1235 1204
214 1379 1204
218 1102 1204
219 733 1204
223 1136 1204
227 1529 1204
233 702 1204
240 1431 1204
242 1539 1204
265 1441 1204
281 1566 1204
287 1458 1204
307 737 1204
320 1611 1204
351 1523 1204
373 1671 1204
380 1567 1204
400 1670 1204
434 649 1204
447 643 1204
447 1603 1204
450 642 1204
517 530 1204
518 1747 1204
574 1725 1204
598 1649 1204
670 1739 1204
697 569 1204
701 1644 1204
702 571 1204
705 1746 1204
710 573 1204
712 516 1204
722 575 1204
724 517 1204
737 516 1204
739 1746 1204
740 1746 1204
741 1745 1204
742 1744 1204
777 579 1204
780 517 1204
805 512 1204
874 501 1204
888 584 1204
892 1574 1204
893 1652 1204
924 1543 1204
940 598 1204
943 1619 1204
973 596 1204
997 1542 1204
1049 1463 1204
1080 568 1204
1082 583 1204
1082 584 1204
1095 1307 1204
1107 1127 1204
1108 1123 1204
1109 1119 1204
1160 1283 1204
1179 835 1204
1184 1152 1204
1200 919 1204
1200 920 1204
149 899 1205
171 826 1205
173 1181 1205
184 1027 1205
193 970 1205
195 1264 1205
200 1049 1205
207 793 1205
213 1079 1205
220 734 1205
234 703 1205
238 686 1205
242 1538 1205
265 1440 1205
266 838 1205
282 1565 1205
289 812 1205
309 738 1205
317 707 1205
323 1488 1205
351 626 1205
399 1670 1205
446 1602 1205
452 528 1205
476 1740 1205
518 1747 1205
636 1729 1205
652 470 1205
668 1737 1205
690 567 1205
692 568 1205
700 1643 1205
706 1745 1205
723 517 1205
738 516 1205
793 579 1205
802 578 1205
802 1710 1205
853 509 1205
887 585 1205
888 585 1205
889 585 1205
945 598 1205
953 1611 1205
972 596 1205
973 1580 1205
975 1439 1205
993 535 1205
996 1542 1205
1043 1379 1205
1050 1462 1205
1080 568 1205
150 899 1206
150 1259 1206
174 1178 1206
185 1453 1206
191 1467 1206
193 971 1206
201 1049 1206
221 735 1206
228 1529 1206
235 703 1206
241 1537 1206
244 1537 1206
266 1439 1206
268 840 1206
284 1565 1206
290 813 1206
310 739 1206
321 1610 1206
324 1488 1206
340 1645 1206
374 1670 1206
381 1566 1206
490 1748 1206
500 1749 1206
519 1747 1206
567 1727 1206
635 1728 1206
660 556 1206
699 1642 1206
707 1744 1206
720 517 1206
722 517 1206
728 1647 1206
733 579 1206
734 579 1206
735 579 1206
741 517 1206
779 580 1206
794 580 1206
799 579 1206
848 1678 1206
874 502 1206
882 585 1206
883 585 1206
884 502 1206
897 1648 1206
946 1616 1206
1022 629 1206
1051 1461 1206
1058 1457 1206
1061 537 1206
1080 568 1206
1095 1310 1206
1111 1112 1206
1112 1111 1206
1119 1100 1206
1159 1285 1206
1162 727 1206
1164 730 1206
1164 731 1206
1164 732 1206
1174 772 1206
1176 813 1206
1176 814 1206
1195 1106 1206
1211 1055 1206
130 993 1207
130 998 1207
144 1291 1207
150 1260 1207
151 898 1207
194 971 1207
205 1234 1207
214 1079 1207
215 1376 1207
219 1102 1207
222 735 1207
224 1133 1207
236 704 1207
239 689 1207
240 1536 1207
245 1536 1207
267 841 1207
267 1438 1207
290 1456 1207
310 1586 1207
311 740 1207
320 706 1207
322 1610 1207
330 1621 1207
341 1646 1207
367 1537 1207
381 1565 1207
443 645 1207
478 1741 1207
488 1747 1207
491 1748 1207
494 1749 1207
499 1749 1207
538 1742 1207
540 1741 1207
642 460 1207
643 461 1207
655 555 1207
669 1736 1207
699 1641 1207
707 1743 1207
708 1743 1207
709 1743 1207
710 1743 1207
724 578 1207
727 579 1207
728 579 1207
729 579 1207
738 579 1207
770 1729 1207
797 580 1207
849 1677 1207
873 503 1207
888 1574 1207
921 1545 1207
944 1510 1207
958 1606 1207
1028 654 1207
1043 1378 1207
1052 1460 1207
1057 1457 1207
1060 537 1207
1079 568 1207
1088 1236 1207
1095 1311 1207
1113 1108 1207
1127 1406 1207
1159 722 1207
1176 815 1207
1176 816 1207
1177 1183 1207
1177 1184 1207
1177 1185 1207
1177 1186 1207
1180 842 1207
1183 1149 1207
1184 861 1207
1199 927 1207
130 992 1208
130 999 1208
141 1299 1208
142 1296 1208
150 1262 1208
152 897 1208
167 1208 1208
174 823 1208
186 1025 1208
186 1451 1208
192 1467 1208
223 735 1208
224 1132 1208
237 705 1208
239 692 1208
247 1535 1208
286 1564 1208
291 815 1208
291 1455 1208
308 1473 1208
311 1586 1208
326 1487 1208
342 1647 1208
367 1536 1208
381 1564 1208
389 1671 1208
390 1671 1208
396 608 1208
443 645 1208
444 1600 1208
461 1726 1208
480 1742 1208
481 1743 1208
482 1744 1208
483 1745 1208
495 1749 1208
496 1749 1208
497 1749 1208
498 1749 1208
635 1727 1208
652 555 1208
680 502 1208
698 1640 1208
726 579 1208
766 1731 1208
790 1639 1208
791 581 1208
792 581 1208
793 581 1208
809 514 1208
810 514 1208
824 1694 1208
850 1676 1208
872 504 1208
883 503 1208
887 1574 1208
920 1546 1208
944 1509 1208
949 1613 1208
959 1605 1208
960 1604 1208
1029 658 1208
1030 660 1208
1035 677 1208
1059 537 1208
1079 569 1208
1087 1237 1208
1095 1312 1208
1126 1406 1208
1151 1310 1208
1164 737 1208
1183 1147 1208
1184 862 1208
1189 883 1208
1190 886 1208
141 1300 1209
150 1263 1209
153 897 1209
176 1154 1209
176 1176 1209
187 1025 1209
192 1466 1209
195 806 1209
195 972 1209
196 1265 1209
202 1049 1209
215 1079 1209
223 766 1209
224 736 1209
237 1533 1209
238 705 1209
240 693 1209
268 1436 1209
276 647 1209
291 816 1209
311 1585 1209
322 707 1209
323 1609 1209
327 1487 1209
343 1648 1209
381 1563 1209
387 1671 1209
388 1671 1209
398 606 1209
443 1599 1209
530 1743 1209
648 467 1209
651 555 1209
697 1639 1209
723 578 1209
730 1646 1209
743 519 1209
830 514 1209
834 513 1209
851 1675 1209
882 504 1209
886 1574 1209
914 519 1209
918 1548 1209
919 1547 1209
944 600 1209
979 1558 1209
1024 532 1209
1032 668 1209
1042 1378 1209
1083 1433 1209
1084 1432 1209
1095 637 1209
1125 1406 1209
1164 738 1209
1183 1143 1209
1183 1144 1209
1184 863 1209
1200 935 1209
1209 973 1209
1210 1055 1209
131 991 1210
140 1305 1210
140 1306 1210
146 945 1210
150 1265 1210
166 1399 1210
184 1004 1210
196 806 1210
202 930 1210
203 1349 1210
213 888 1210
225 736 1210
225 1124 1210
225 1127 1210
234 1529 1210
239 706 1210
277 647 1210
324 1608 1210
328 1487 1210
332 1618 1210
345 1650 1210
408 661 1210
503 561 1210
506 552 1210
658 480 1210
696 1638 1210
803 1708 1210
820 1696 1210
839 513 1210
852 1674 1210
882 505 1210
917 1549 1210
944 1508 1210
961 1603 1210
994 1540 1210
1039 688 1210
1164 739 1210
1184 864 1210
1192 894 1210
1194 1104 1210
1209 973 1210
140 1307 1211
150 1266 1211
151 867 1211
188 1025 1211
193 1466 1211
197 806 1211
214 890 1211
224 767 1211
226 737 1211
231 1524 1211
265 844 1211
292 1453 1211
324 708 1211
329 1487 1211
381 1561 1211
385 1670 1211
442 1598 1211
480 1608 1211
560 1731 1211
634 1725 1211
691 1742 1211
695 1637 1211
845 513 1211
853 1673 1211
905 1639 1211
945 601 1211
961 1602 1211
1037 1475 1211
1039 690 1211
1156 1288 1211
1184 865 1211
1188 880 1211
1192 895 1211
139 1042 1212
144 1292 1212
150 1267 1212
150 1268 1212
167 1087 1212
167 1399 1212
177 821 1212
188 1024 1212
196 975 1212
204 1346 1212
214 891 1212
217 1372 1212
225 1119 1212
227 738 1212
309 1469 1212
313 1583 1212
325 709 1212
330 1487 1212
345 1509 1212
407 596 1212
407 662 1212
408 595 1212
481 1607 1212
634 1724 1212
692 1741 1212
693 1741 1212
694 1636 1212
854 1672 1212
856 1671 1212
860 1668 1212
932 535 1212
944 1507 1212
961 1601 1212
992 1432 1212
1056 538 1212
1113 663 1212
1114 1100 1212
1163 1215 1212
1177 822 1212
1184 866 1212
1192 896 1212
1201 940 1212
1209 1054 1212
136 978 1213
138 964 1213
138 965 1213
140 957 1213
140 1310 1213
143 952 1213
150 1269 1213
156 1238 1213
177 1153 1213
178 821 1213
186 1292 1213
197 1266 1213
198 807 1213
204 1345 1213
216 1079 1213
218 1372 1213
222 1103 1213
228 739 1213
238 867 1213
285 648 1213
294 1452 1213
295 1563 1213
312 634 1213
314 1583 1213
326 709 1213
331 1487 1213
370 1533 1213
382 1668 1213
440 1597 1213
461 1723 1213
525 1744 1213
558 1732 1213
597 1720 1213
629 440 1213
630 440 1213
634 1723 1213
688 1739 1213
693 1635 1213
694 1740 1213
762 1729 1213
856 1587 1213
865 1664 1213
873 508 1213
882 1575 1213
944 1506 1213
961 1600 1213
1037 1474 1213
1055 538 1213
1093 1314 1213
1113 664 1213
1129 1403 1213
1155 1289 1213
1162 1216 1213
1177 822 1213
1187 878 1213
1201 941 1213
1202 944 1213
135 982 1214
150 1270 1214
179 821 1214
194 1465 1214
197 1266 1214
199 807 1214
204 1344 1214
205 934 1214
205 1050 1214
205 1236 1214
229 740 1214
232 1521 1214
252 1530 1214
294 1451 1214
310 1467 1214
332 1487 1214
334 1614 1214
350 1653 1214
397 664 1214
456 515 1214
461 1722 1214
492 616 1214
493 616 1214
558 1732 1214
598 1720 1214
692 1634 1214
695 509 1214
697 1738 1214
904 1639 1214
944 1505 1214
961 1599 1214
971 1454 1214
1009 1511 1214
1021 1497 1214
1022 533 1214
1028 533 1214
1052 538 1214
1114 666 1214
1141 706 1214
1163 743 1214
1177 822 1214
1193 905 1214
146 949 1215
150 1271 1215
156 1239 1215
178 1152 1215
180 821 1215
187 1292 1215
197 1266 1215
219 1370 1215
231 1517 1215
231 1518 1215
240 868 1215
244 703 1215
251 1415 1215
252 1529 1215
261 662 1215
295 1451 1215
328 712 1215
333 1487 1215
349 1506 1215
372 1532 1215
395 1668 1215
405 664 1215
438 1596 1215
499 616 1215
500 616 1215
501 616 1215
502 616 1215
598 1720 1215
608 533 1215
611 534 1215
612 534 1215
614 534 1215
656 1644 1215
659 1728 1215
687 1737 1215
691 1633 1215
694 508 1215
704 576 1215
706 576 1215
755 522 1215
756 522 1215
757 522 1215
796 1633 1215
802 1709 1215
868 1661 1215
900 512 1215
961 1598 1215
1008 1512 1215
1037 693 1215
1038 1472 1215
1145 711 1215
1146 712 1215
1150 717 1215
1151 718 1215
1154 1290 1215
1183 1127 1215
1184 871 1215
1185 875 1215
1208 1054 1215
135 985 1216
141 1314 1216
150 1272 1216
156 1240 1216
157 887 1216
169 1399 1216
194 1464 1216
197 1266 1216
206 1050 1216
217 1079 1216
227 1112 1216
227 1113 1216
245 704 1216
251 1413 1216
252 1528 1216
260 663 1216
290 823 1216
311 1465 1216
351 1506 1216
379 1547 1216
379 1548 1216
379 1549 1216
438 1596 1216
480 1606 1216
588 1642 1216
599 1720 1216
649 470 1216
650 471 1216
651 1725 1216
656 1643 1216
660 1728 1216
686 1736 1216
694 575 1216
767 522 1216
803 1708 1216
870 1659 1216
880 1575 1216
881 510 1216
882 510 1216
937 602 1216
944 1504 1216
988 536 1216
989 536 1216
993 536 1216
1020 1499 1216
1037 694 1216
1038 1471 1216
1093 1315 1216
1116 673 1216
1117 674 1216
1152 720 1216
1153 1291 1216
1175 1146 1216
1187 1111 1216
147 950 1217
168 1086 1217
179 1151 1217
190 1024 1217
197 1267 1217
202 808 1217
207 804 1217
207 938 1217
216 895 1217
222 1191 1217
224 776 1217
225 775 1217
227 1111 1217
232 1515 1217
246 705 1217
252 1412 1217
252 1527 1217
259 664 1217
330 715 1217
350 1504 1217
352 1506 1217
353 1507 1217
359 1516 1217
379 1545 1217
379 1546 1217
379 1550 1217
379 1665 1217
394 1667 1217
481 1606 1217
486 1608 1217
518 1746 1217
556 1732 1217
606 433 1217
655 1642 1217
661 1728 1217
686 1735 1217
687 1633 1217
695 508 1217
695 576 1217
725 1738 1217
804 1707 1217
854 1585 1217
871 511 1217
874 511 1217
876 511 1217
967 1460 1217
972 536 1217
973 536 1217
987 536 1217
994 536 1217
1019 1500 1217
1071 1194 1217
1090 635 1217
1097 646 1217
1113 1094 1217
1139 1049 1217
1152 722 1217
1152 1291 1217
1153 724 1217
1192 1100 1217
1207 1057 1217
135 1006 1218
150 1273 1218
156 1241 1218
168 1210 1218
170 1399 1218
185 820 1218
190 1023 1218
195 1463 1218
206 1341 1218
247 706 1218
251 1526 1218
268 850 1218
312 1464 1218
331 717 1218
335 1488 1218
349 1502 1218
350 1503 1218
354 1507 1218
373 1530 1218
518 1746 1218
590 512 1218
608 435 1218
662 1728 1218
695 508 1218
725 1737 1218
805 1706 1218
876 1654 1218
893 512 1218
944 1503 1218
966 1461 1218
968 537 1218
995 536 1218
1018 1501 1218
1049 540 1218
1050 540 1218
1053 540 1218
1056 1453 1218
1059 1451 1218
1063 553 1218
1063 1448 1218
1070 1194 1218
1098 648 1218
1155 1245 1218
1175 1143 1218
1182 1126 1218
1192 1099 1218
144 1295 1219
156 1242 1219
168 1210 1219
180 1151 1219
189 1290 1219
208 940 1219
250 1525 1219
253 1410 1219
268 851 1219
282 653 1219
283 652 1219
293 825 1219
319 1583 1219
323 753 1219
324 751 1219
344 1497 1219
355 1507 1219
436 1595 1219
479 1605 1219
503 584 1219
517 1746 1219
697 577 1219
698 577 1219
700 577 1219
726 1736 1219
759 1727 1219
806 1705 1219
877 1653 1219
905 1557 1219
939 603 1219
996 536 1219
1009 1510 1219
1017 534 1219
1037 698 1219
1041 1376 1219
1055 1453 1219
1060 1450 1219
1061 1449 1219
1062 552 1219
1069 1194 1219
1154 732 1219
1155 1244 1219
1157 1237 1219
1159 1215 1219
1169 789 1219
1202 1068 1219
1207 969 1219
1207 1052 1219
150 1274 1220
156 1242 1220
160 882 1220
168 1210 1220
188 820 1220
197 1268 1220
208 941 1220
223 1188 1220
223 1367 1220
250 1524 1220
253 1408 1220
267 852 1220
297 1446 1220
325 751 1220
337 1489 1220
343 1495 1220
345 1628 1220
354 1649 1220
361 1514 1220
403 666 1220
435 1595 1220
504 584 1220
516 1746 1220
579 436 1220
580 436 1220
651 552 1220
653 1722 1220
726 1735 1220
736 522 1220
737 522 1220
807 1704 1220
823 519 1220
858 513 1220
859 513 1220
867 513 1220
878 1652 1220
944 1502 1220
967 538 1220
997 536 1220
1011 1508 1220
1017 1501 1220
1037 700 1220
1038 701 1220
1039 702 1220
1040 703 1220
1054 1453 1220
1055 541 1220
1061 551 1220
1068 1193 1220
1098 652 1220
1112 1091 1220
1125 863 1220
1137 1046 1220
1154 735 1220
1161 1209 1220
1169 790 1220
1175 820 1220
1191 1097 1220
1200 1073 1220
1213 1003 1220
150 1275 1221
161 882 1221
169 1085 1221
189 1444 1221
191 1022 1221
197 1269 1221
207 1338 1221
208 942 1221
208 1048 1221
218 1079 1221
221 1486 1221
238 729 1221
239 746 1221
249 1523 1221
266 853 1221
276 1428 1221
314 1463 1221
321 1584 1221
322 757 1221
326 751 1221
341 1493 1221
346 1629 1221
355 1649 1221
373 1526 1221
374 670 1221
434 1595 1221
472 492 1221
515 1746 1221
570 1725 1221
649 551 1221
695 508 1221
725 1734 1221
800 1628 1221
808 1703 1221
809 1702 1221
810 1701 1221
811 1700 1221
814 1697 1221
835 519 1221
850 1588 1221
856 514 1221
944 1612 1221
951 604 1221
964 1464 1221
976 537 1221
998 536 1221
1041 1375 1221
1056 542 1221
1099 655 1221
1117 681 1221
1118 682 1221
1119 683 1221
1120 684 1221
1121 685 1221
1132 697 1221
1132 698 1221
1161 1198 1221
1161 1199 1221
1161 1200 1221
1161 1201 1221
1161 1202 1221
1161 1203 1221
1161 1204 1221
1161 1205 1221
1161 1206 1221
1165 1158 1221
1169 791 1221
1174 818 1221
1191 1095 1221
1200 1072 1221
143 1323 1222
162 881 1222
197 1269 1222
208 943 1222
220 1484 1222
235 1512 1222
239 873 1222
240 746 1222
277 1427 1222
322 1584 1222
327 750 1222
347 1630 1222
356 1649 1222
363 672 1222
403 667 1222
433 1595 1222
470 496 1222
473 491 1222
474 489 1222
489 473 1222
513 1745 1222
556 443 1222
559 442 1222
564 1660 1222
566 1659 1222
569 1725 1222
573 437 1222
574 437 1222
575 437 1222
576 437 1222
653 1638 1222
666 1725 1222
698 578 1222
724 1733 1222
757 1726 1222
796 1711 1222
801 1627 1222
837 1678 1222
853 516 1222
855 515 1222
861 514 1222
862 514 1222
863 514 1222
892 513 1222
936 604 1222
937 604 1222
939 604 1222
940 604 1222
942 1614 1222
943 1613 1222
944 1501 1222
951 604 1222
964 1464 1222
999 536 1222
1013 1505 1222
1014 1504 1222
1015 1502 1222
1057 543 1222
1067 1192 1222
1083 616 1222
1111 1090 1222
1131 700 1222
1136 1044 1222
1151 735 1222
1169 792 1222
1206 1051 1222
138 987 1223
163 880 1223
169 1208 1223
197 1269 1223
208 944 1223
235 1511 1223
255 1404 1223
296 1441 1223
315 1462 1223
323 1584 1223
328 750 1223
348 1630 1223
357 1649 1223
378 1662 1223
422 581 1223
433 1595 1223
450 546 1223
459 1698 1223
464 1714 1223
476 487 1223
513 1744 1223
550 445 1223
570 438 1223
635 456 1223
652 1637 1223
686 1730 1223
721 1732 1223
722 1732 1223
723 1732 1223
724 523 1223
741 523 1223
744 1728 1223
746 524 1223
764 523 1223
785 1716 1223
882 1649 1223
892 514 1223
901 1638 1223
912 604 1223
913 604 1223
914 604 1223
915 604 1223
916 604 1223
917 604 1223
918 604 1223
919 604 1223
920 604 1223
921 604 1223
922 604 1223
923 604 1223
924 604 1223
925 604 1223
926 604 1223
927 604 1223
928 604 1223
929 604 1223
930 604 1223
931 604 1223
932 604 1223
933 604 1223
934 604 1223
935 604 1223
939 1617 1223
940 1616 1223
941 604 1223
944 1501 1223
951 604 1223
964 1465 1223
1000 536 1223
1013 535 1223
1065 1241 1223
1110 1090 1223
1130 703 1223
1135 1044 1223
1160 757 1223
1191 1091 1223
1199 1071 1223
144 1326 1224
164 879 1224
170 1206 1224
190 1443 1224
197 1269 1224
198 1461 1224
201 815 1224
209 1335 1224
214 912 1224
240 874 1224
243 747 1224
253 688 1224
263 668 1224
278 1425 1224
297 1440 1224
324 1584 1224
329 750 1224
374 1523 1224
403 668 1224
432 1595 1224
447 550 1224
453 543 1224
457 1693 1224
460 1700 1224
477 486 1224
478 485 1224
495 1633 1224
534 541 1224
541 447 1224
580 1650 1224
598 1720 1224
634 455 1224
652 1636 1224
687 1729 1224
719 1731 1224
744 524 1224
745 1727 1224
775 523 1224
792 589 1224
831 521 1224
937 1618 1224
938 1617 1224
942 604 1224
945 542 1224
946 542 1224
947 542 1224
948 542 1224
949 542 1224
951 604 1224
957 1596 1224
963 540 1224
1000 536 1224
1001 536 1224
1042 1374 1224
1051 792 1224
1056 545 1224
1081 1261 1224
1082 1429 1224
1084 621 1224
1087 1426 1224
1088 1425 1224
1109 1091 1224
1159 757 1224
1165 1154 1224
1168 793 1224
1168 1148 1224
1172 813 1224
1182 1113 1224
1205 1051 1224
136 1006 1225
166 862 1225
170 1083 1225
190 1442 1225
194 820 1225
197 1269 1225
201 816 1225
210 1334 1225
227 1363 1225
241 874 1225
255 1401 1225
256 686 1225
264 669 1225
295 831 1225
322 762 1225
325 1584 1225
330 750 1225
359 1650 1225
377 1660 1225
395 1661 1225
404 668 1225
431 1595 1225
456 1691 1225
535 448 1225
536 448 1225
537 448 1225
538 448 1225
539 448 1225
542 528 1225
570 1655 1225
618 1717 1225
633 454 1225
687 1728 1225
698 579 1225
714 1613 1225
740 1728 1225
742 588 1225
746 1726 1225
754 1724 1225
774 523 1225
802 590 1225
803 1624 1225
845 1673 1225
935 1619 1225
936 1618 1225
943 604 1225
951 604 1225
999 536 1225
1002 536 1225
1064 1202 1225
1084 622 1225
1084 623 1225
1084 624 1225
1084 625 1225
1089 1424 1225
1113 683 1225
1158 757 1225
1166 1151 1225
1181 1114 1225
1191 1087 1225
1211 1029 1225
1212 1021 1225
1212 1022 1225
1212 1023 1225
144 1045 1226
157 1244 1226
167 861 1226
172 1113 1226
172 1203 1226
174 1395 1226
209 946 1226
211 1333 1226
216 913 1226
226 1185 1226
228 1362 1226
235 792 1226
238 1507 1226
241 875 1226
245 1392 1226
259 686 1226
265 670 1226
267 857 1226
279 1423 1226
296 832 1226
317 1461 1226
326 1584 1226
331 750 1226
360 1651 1226
381 673 1226
393 671 1226
397 670 1226
401 1662 1226
402 1662 1226
403 1662 1226
404 1662 1226
405 668 1226
405 1662 1226
406 1662 1226
410 1661 1226
430 1595 1226
463 1704 1226
496 1631 1226
538 545 1226
545 527 1226
571 1654 1226
620 1716 1226
632 453 1226
650 1635 1226
669 1722 1226
672 495 1226
673 496 1226
674 497 1226
675 579 1226
676 579 1226
687 1727 1226
738 1728 1226
739 588 1226
747 1725 1226
753 591 1226
754 591 1226
763 590 1226
764 590 1226
764 1631 1226
772 591 1226
776 591 1226
791 1713 1226
803 591 1226
804 591 1226
805 591 1226
842 1675 1226
896 1641 1226
906 1634 1226
934 1619 1226
944 604 1226
945 1499 1226
950 604 1226
956 1597 1226
961 1585 1226
962 1583 1226
963 1581 1226
997 536 1226
998 536 1226
1003 536 1226
1021 1484 1226
1104 1097 1226
1107 1093 1226
1133 973 1226
1133 1042 1226
1142 728 1226
1143 729 1226
1144 730 1226
1145 731 1226
1157 758 1226
1197 1070 1226
1204 1051 1226
1212 1019 1226
1212 1020 1226
137 1007 1227
146 1299 1227
157 1243 1227
168 861 1227
173 1201 1227
199 1460 1227
217 914 1227
222 895 1227
223 1199 1227
229 1362 1227
231 1096 1227
233 796 1227
247 749 1227
248 1391 1227
252 1516 1227
256 1398 1227
266 671 1227
280 1422 1227
296 833 1227
298 1435 1227
318 1461 1227
322 763 1227
332 750 1227
361 1652 1227
363 1509 1227
392 672 1227
411 1660 1227
429 1595 1227
456 1685 1227
504 1644 1227
539 546 1227
595 1721 1227
670 493 1227
671 494 1227
680 580 1227
688 1726 1227
705 580 1227
706 580 1227
707 580 1227
708 580 1227
709 580 1227
711 1728 1227
748 1724 1227
752 1723 1227
765 1629 1227
789 1714 1227
804 592 1227
805 592 1227
806 592 1227
895 1641 1227
910 1631 1227
912 1630 1227
914 1629 1227
916 1628 1227
930 1621 1227
945 1499 1227
946 604 1227
947 604 1227
948 604 1227
951 604 1227
955 1598 1227
995 536 1227
996 536 1227
1004 536 1227
1020 1485 1227
1042 1373 1227
1078 1259 1227
1083 627 1227
1096 826 1227
1101 1101 1227
1118 932 1227
1118 933 1227
1118 934 1227
1118 935 1227
1118 936 1227
1118 937 1227
1119 928 1227
1136 980 1227
1187 900 1227
1190 1085 1227
1193 915 1227
1196 1070 1227
1212 1014 1227
1212 1015 1227
1212 1016 1227
1212 1017 1227
1213 990 1227
145 1044 1228
146 1331 1228
162 913 1228
169 861 1228
190 1439 1228
199 1459 1228
210 947 1228
218 915 1228
223 1200 1228
251 1391 1228
252 1515 1228
267 672 1228
284 661 1228
312 812 1228
318 1460 1228
333 750 1228
363 1653 1228
364 1509 1228
364 1654 1228
412 1659 1228
442 560 1228
445 556 1228
517 465 1228
540 547 1228
595 1721 1228
630 452 1228
649 1634 1228
669 492 1228
689 1725 1228
736 588 1228
784 524 1228
785 524 1228
796 525 1228
797 525 1228
801 525 1228
802 525 1228
803 525 1228
804 525 1228
805 593 1228
806 593 1228
807 593 1228
918 1627 1228
1005 536 1228
1040 723 1228
1042 545 1228
1043 729 1228
1077 1258 1228
1110 684 1228
1113 947 1228
1116 962 1228
1117 965 1228
1118 966 1228
1168 802 1228
1169 805 1228
1205 968 1228
1213 989 1228
145 1043 1229
162 914 1229
170 861 1229
170 1080 1229
175 1195 1229
184 1149 1229
189 1437 1229
194 987 1229
200 820 1229
211 1048 1229
213 1330 1229
218 806 1229
227 1183 1229
239 1503 1229
250 750 1229
252 1514 1229
254 1393 1229
256 1395 1229
284 662 1229
293 836 1229
298 1432 1229
313 813 1229
334 750 1229
365 1509 1229
366 1655 1229
390 673 1229
409 667 1229
431 573 1229
441 562 1229
442 1664 1229
595 1721 1229
623 1714 1229
649 1633 1229
668 491 1229
672 1720 1229
680 1721 1229
686 580 1229
690 1724 1229
693 511 1229
709 1727 1229
723 1615 1229
735 1726 1229
786 1715 1229
792 525 1229
804 594 1229
805 594 1229
806 594 1229
807 594 1229
808 594 1229
972 540 1229
1006 536 1229
1043 733 1229
1046 545 1229
1047 545 1229
1048 545 1229
1153 758 1229
1167 801 1229
1189 1084 1229
1200 952 1229
1203 1050 1229
147 1334 1230
162 916 1230
162 917 1230
162 918 1230
170 1079 1230
189 1436 1230
200 1458 1230
211 948 1230
213 1329 1230
253 1513 1230
314 814 1230
335 751 1230
369 1655 1230
440 1662 1230
466 1598 1230
594 1721 1230
667 490 1230
673 1719 1230
680 1720 1230
691 1723 1230
708 1726 1230
724 1614 1230
768 1625 1230
782 525 1230
790 525 1230
803 595 1230
804 595 1230
805 595 1230
806 595 1230
807 595 1230
808 595 1230
809 595 1230
817 595 1230
837 1678 1230
882 1563 1230
923 1625 1230
1006 536 1230
1044 737 1230
1045 738 1230
1077 582 1230
1096 1104 1230
1113 924 1230
1156 1182 1230
1180 846 1230
1184 895 1230
1188 1084 1230
1196 921 1230
141 990 1231
146 1302 1231
148 1335 1231
148 1336 1231
159 1240 1231
169 872 1231
174 1389 1231
189 1434 1231
197 1269 1231
200 1457 1231
229 1175 1231
234 1357 1231
253 752 1231
253 1512 1231
271 861 1231
282 1418 1231
299 1430 1231
315 814 1231
336 751 1231
373 1655 1231
437 569 1231
562 523 1231
573 1654 1231
594 1721 1231
627 451 1231
648 1632 1231
666 489 1231
674 1718 1231
681 1719 1231
691 1722 1231
724 1613 1231
769 1624 1231
774 527 1231
780 526 1231
784 1714 1231
802 596 1231
803 596 1231
804 596 1231
805 596 1231
806 596 1231
807 596 1231
808 596 1231
808 1620 1231
810 596 1231
819 595 1231
874 1568 1231
885 1560 1231
887 1559 1231
922 1625 1231
998 1523 1231
1006 536 1231
1024 670 1231
1075 1257 1231
1095 1104 1231
1152 1204 1231
1187 1084 1231
1212 987 1231
1212 1012 1231
139 1009 1232
146 1041 1232
150 1339 1232
189 1433 1232
197 1269 1232
200 1456 1232
203 821 1232
204 1032 1232
212 1047 1232
223 1202 1232
235 1356 1232
253 721 1232
253 1511 1232
254 720 1232
255 719 1232
329 1582 1232
337 751 1232
396 673 1232
459 643 1232
465 1596 1232
594 1721 1232
624 451 1232
664 487 1232
665 488 1232
674 1717 1232
692 1721 1232
705 1723 1232
727 586 1232
733 1724 1232
768 528 1232
769 528 1232
790 526 1232
801 597 1232
802 597 1232
803 597 1232
804 597 1232
805 597 1232
806 597 1232
807 597 1232
811 597 1232
929 1529 1232
1032 713 1232
1073 1146 1232
1073 1147 1232
1074 1145 1232
1074 1256 1232
1075 1144 1232
1076 1143 1232
1109 688 1232
1146 1237 1232
1168 807 1232
1178 1105 1232
1199 948 1232
1205 970 1232
1212 1012 1232
146 1303 1233
173 1385 1233
189 1432 1233
197 1269 1233
204 1030 1233
213 949 1233
229 806 1233
236 1355 1233
239 1498 1233
258 761 1233
258 1390 1233
272 863 1233
283 1416 1233
288 1530 1233
321 1459 1233
338 751 1233
374 1654 1233
380 1511 1233
414 666 1233
417 665 1233
419 664 1233
466 641 1233
511 468 1233
594 1721 1233
662 485 1233
663 486 1233
682 1717 1233
693 1720 1233
702 1722 1233
703 1722 1233
726 1722 1233
727 1722 1233
732 1723 1233
742 526 1233
793 598 1233
800 598 1233
801 598 1233
802 598 1233
803 598 1233
804 598 1233
805 598 1233
806 598 1233
953 1597 1233
1000 1518 1233
1005 537 1233
1031 712 1233
1032 1469 1233
1072 1148 1233
1078 621 1233
1089 830 1233
1095 833 1233
1155 1181 1233
1177 1105 1233
140 1010 1234
142 991 1234
161 1237 1234
171 898 1234
175 859 1234
189 1431 1234
197 1269 1234
199 1020 1234
214 949 1234
231 806 1234
237 1354 1234
239 1495 1234
245 878 1234
259 1389 1234
271 692 1234
283 1415 1234
286 1528 1234
287 1529 1234
298 840 1234
299 1427 1234
339 751 1234
373 1653 1234
423 662 1234
465 1595 1234
466 512 1234
495 473 1234
499 1623 1234
515 1636 1234
647 1630 1234
651 1712 1234
659 482 1234
660 483 1234
661 484 1234
694 1719 1234
701 1721 1234
718 585 1234
726 1611 1234
772 1622 1234
773 1622 1234
777 1622 1234
794 599 1234
799 599 1234
800 599 1234
801 599 1234
802 599 1234
803 599 1234
804 599 1234
805 599 1234
878 519 1234
884 519 1234
886 519 1234
891 1641 1234
952 1597 1234
954 1484 1234
971 541 1234
975 541 1234
1030 1385 1234
1033 1468 1234
1042 1371 1234
1071 1149 1234
1087 830 1234
1092 969 1234
1093 970 1234
1094 971 1234
1095 972 1234
1096 922 1234
1096 973 1234
1097 974 1234
1098 974 1234
1111 694 1234
1146 755 1234
1150 1212 1234
1175 829 1234
1193 1066 1234
1204 970 1234
169 1073 1235
172 1381 1235
177 857 1235
178 856 1235
179 855 1235
189 1430 1235
200 1020 1235
203 1025 1235
213 1046 1235
232 1170 1235
238 1353 1235
245 879 1235
260 1388 1235
261 766 1235
272 693 1235
278 864 1235
282 1523 1235
285 1526 1235
286 1527 1235
299 1426 1235
317 817 1235
322 1458 1235
330 1581 1235
340 751 1235
411 604 1235
412 603 1235
469 511 1235
471 510 1235
499 1622 1235
529 1743 1235
542 563 1235
555 549 1235
556 544 1235
556 545 1235
556 546 1235
556 547 1235
556 548 1235
612 1714 1235
656 480 1235
683 1715 1235
697 1718 1235
778 1621 1235
779 1621 1235
794 600 1235
795 600 1235
798 600 1235
799 600 1235
800 600 1235
801 600 1235
802 600 1235
803 600 1235
804 600 1235
815 528 1235
827 596 1235
890 1554 1235
907 602 1235
908 533 1235
910 604 1235
922 1623 1235
931 1523 1235
952 1596 1235
953 1485 1235
966 542 1235
969 1571 1235
1011 654 1235
1051 1206 1235
1070 1150 1235
1088 921 1235
1089 921 1235
1090 968 1235
1091 922 1235
1093 666 1235
1105 982 1235
1106 983 1235
1107 984 1235
1108 986 1235
1109 988 1235
1131 1014 1235
1145 755 1235
1149 1214 1235
1151 1194 1235
1193 1065 1235
1201 965 1235
1204 971 1235
141 1011 1236
143 991 1236
148 1041 1236
154 1347 1236
172 869 1236
172 899 1236
172 1380 1236
178 1188 1236
189 1427 1236
189 1428 1236
203 1024 1236
217 1325 1236
219 1234 1236
219 1470 1236
223 1081 1236
223 1203 1236
226 1086 1236
232 1169 1236
239 1352 1236
255 740 1236
261 1387 1236
262 769 1236
262 770 1236
318 817 1236
341 751 1236
372 1651 1236
409 606 1236
456 550 1236
465 1594 1236
499 1621 1236
530 1743 1236
537 567 1236
555 565 1236
650 1711 1236
684 1714 1236
730 527 1236
740 527 1236
781 1712 1236
793 601 1236
794 601 1236
795 601 1236
796 601 1236
797 601 1236
799 601 1236
800 601 1236
801 601 1236
802 601 1236
803 601 1236
810 1616 1236
834 1680 1236
867 519 1236
868 519 1236
869 519 1236
870 519 1236
871 519 1236
872 519 1236
873 519 1236
907 533 1236
911 605 1236
913 606 1236
914 606 1236
915 606 1236
916 606 1236
931 1522 1236
952 1486 1236
952 1595 1236
953 1594 1236
968 1572 1236
1005 538 1236
1010 655 1236
1028 1386 1236
1037 763 1236
1037 764 1236
1037 765 1236
1037 766 1236
1037 767 1236
1069 1151 1236
1080 915 1236
1081 640 1236
1081 916 1236
1082 917 1236
1083 918 1236
1084 919 1236
1087 967 1236
1112 994 1236
1113 995 1236
1143 754 1236
1153 1181 1236
1169 816 1236
1192 1065 1236
142 1012 1237
143 992 1237
156 1350 1237
173 869 1237
179 1185 1237
182 853 1237
189 1424 1237
209 957 1237
219 1469 1237
224 1082 1237
234 808 1237
240 1352 1237
255 1501 1237
258 738 1237
298 843 1237
319 817 1237
323 1457 1237
342 750 1237
345 700 1237
372 1650 1237
485 507 1237
499 1620 1237
531 1743 1237
556 566 1237
597 1637 1237
645 1628 1237
696 1715 1237
727 1608 1237
792 602 1237
793 602 1237
794 602 1237
795 602 1237
796 602 1237
800 602 1237
801 602 1237
802 602 1237
811 601 1237
811 1615 1237
816 529 1237
830 597 1237
876 520 1237
906 533 1237
927 607 1237
928 607 1237
951 1487 1237
953 1593 1237
956 544 1237
960 543 1237
965 1575 1237
993 1533 1237
1000 641 1237
1009 656 1237
1034 759 1237
1035 773 1237
1043 1369 1237
1074 610 1237
1077 625 1237
1077 912 1237
1081 641 1237
1084 966 1237
1096 673 1237
1105 1087 1237
1115 998 1237
1144 1243 1237
1144 1244 1237
1168 814 1237
1209 986 1237
1209 1009 1237
143 993 1238
150 1042 1238
174 869 1238
177 1192 1238
178 1107 1238
181 1181 1238
183 853 1238
208 823 1238
209 958 1238
214 1045 1238
223 1204 1238
232 1168 1238
235 809 1238
241 1351 1238
269 702 1238
285 1411 1238
300 1423 1238
320 817 1238
343 750 1238
372 1649 1238
408 608 1238
489 1729 1238
532 1743 1238
537 571 1238
603 442 1238
616 1712 1238
696 1713 1238
713 586 1238
746 1714 1238
747 1714 1238
760 1712 1238
766 1711 1238
767 1711 1238
768 1711 1238
769 1711 1238
770 1711 1238
791 603 1238
793 603 1238
794 603 1238
795 603 1238
821 1691 1238
822 1690 1238
832 597 1238
865 520 1238
892 1550 1238
932 1518 1238
949 1489 1238
950 1488 1238
954 1591 1238
962 1579 1238
1031 753 1238
1034 777 1238
1081 642 1238
1081 965 1238
1096 674 1238
1112 702 1238
1139 752 1238
1145 1266 1238
143 1010 1239
147 1305 1239
175 869 1239
177 1192 1239
202 1449 1239
209 823 1239
209 959 1239
214 1044 1239
225 1082 1239
229 1186 1239
240 1487 1239
242 1351 1239
263 1383 1239
270 703 1239
344 750 1239
347 701 1239
347 1609 1239
372 1648 1239
410 669 1239
488 1728 1239
498 1617 1239
533 1743 1239
608 1714 1239
625 1709 1239
644 1627 1239
647 471 1239
696 1711 1239
728 1606 1239
740 1711 1239
748 1713 1239
749 1713 1239
750 1713 1239
751 1713 1239
755 1712 1239
777 1711 1239
790 604 1239
801 603 1239
823 1689 1239
827 529 1239
833 597 1239
846 1570 1239
887 521 1239
889 1639 1239
934 607 1239
944 545 1239
992 1534 1239
1023 748 1239
1024 749 1239
1034 783 1239
1056 832 1239
1057 832 1239
1063 1439 1239
1078 965 1239
1096 676 1239
1096 867 1239
1107 882 1239
1107 883 1239
1134 746 1239
1135 748 1239
1138 1353 1239
1144 1252 1239
1170 1116 1239
1172 1131 1239
1196 947 1239
1208 987 1239
144 994 1240
152 1279 1240
161 1357 1240
162 1359 1240
163 1361 1240
165 1364 1240
176 869 1240
177 1101 1240
202 1448 1240
225 1081 1240
229 1187 1240
239 810 1240
243 1350 1240
264 1382 1240
265 776 1240
301 1422 1240
334 1581 1240
464 1591 1240
486 1726 1240
487 1727 1240
498 1616 1240
600 1635 1240
607 1714 1240
646 470 1240
684 508 1240
784 1711 1240
814 602 1240
816 1695 1240
817 1694 1240
824 1688 1240
825 1687 1240
826 1686 1240
834 597 1240
844 1571 1240
855 1564 1240
873 588 1240
941 545 1240
943 545 1240
999 643 1240
1021 747 1240
1033 790 1240
1033 791 1240
1034 1464 1240
1053 832 1240
1072 909 1240
1095 677 1240
1124 722 1240
1124 727 1240
1135 1337 1240
1138 1353 1240
1143 1254 1240
1150 1178 1240
1150 1179 1240
1203 1034 1240
1208 1009 1240
144 996 1241
144 997 1241
144 1008 1241
152 1279 1241
164 1229 1241
169 1369 1241
177 869 1241
185 1401 1241
187 851 1241
202 1447 1241
229 1188 1241
244 1349 1241
265 1381 1241
266 777 1241
298 846 1241
301 1420 1241
327 1456 1241
348 1609 1241
401 1582 1241
465 1687 1241
498 1615 1241
529 578 1241
536 1742 1241
575 552 1241
576 1724 1241
643 1626 1241
645 469 1241
695 1708 1241
728 1605 1241
774 532 1241
774 1707 1241
783 604 1241
785 605 1241
785 1710 1241
815 1695 1241
827 530 1241
835 597 1241
843 1570 1241
854 1563 1241
866 1650 1241
900 1542 1241
933 1514 1241
942 545 1241
1018 740 1241
1019 745 1241
1050 987 1241
1051 987 1241
1052 987 1241
1068 944 1241
1069 944 1241
1070 944 1241
1071 945 1241
1071 966 1241
1072 945 1241
1073 945 1241
1074 945 1241
1075 945 1241
1078 1108 1241
1081 646 1241
1122 719 1241
1135 1337 1241
1142 1233 1241
1143 1227 1241
1143 1228 1241
1164 1146 1241
1194 1055 1241
165 1226 1242
170 1370 1242
178 869 1242
184 1177 1242
189 850 1242
202 1446 1242
229 1188 1242
239 1482 1242
245 1349 1242
288 1408 1242
325 1569 1242
327 1455 1242
346 752 1242
410 670 1242
466 1690 1242
497 1613 1242
539 1741 1242
543 1739 1242
544 1738 1242
545 1737 1242
577 1724 1242
592 1642 1242
601 1634 1242
643 1625 1242
694 1707 1242
706 1607 1242
722 589 1242
732 1707 1242
786 1709 1242
788 533 1242
794 604 1242
813 1695 1242
837 597 1242
870 589 1242
900 1541 1242
933 1513 1242
943 545 1242
977 783 1242
978 783 1242
979 783 1242
980 783 1242
981 783 1242
984 783 1242
985 783 1242
986 783 1242
1017 743 1242
1019 725 1242
1036 805 1242
1056 986 1242
1063 908 1242
1064 907 1242
1067 943 1242
1068 966 1242
1076 634 1242
1077 1301 1242
1081 647 1242
1114 710 1242
1121 718 1242
1202 1034 1242
152 1278 1243
155 948 1243
162 1354 1243
166 1224 1243
167 1222 1243
171 1371 1243
175 900 1243
179 869 1243
183 1116 1243
191 849 1243
194 1420 1243
195 846 1243
202 1445 1243
213 822 1243
229 1189 1243
233 1167 1243
239 1480 1243
246 1349 1243
273 708 1243
288 668 1243
288 1521 1243
289 1522 1243
290 1523 1243
328 1455 1243
338 1583 1243
347 752 1243
350 705 1243
396 674 1243
464 1589 1243
467 1691 1243
483 1722 1243
573 558 1243
601 1634 1243
605 1714 1243
643 1624 1243
669 1707 1243
693 1706 1243
711 589 1243
730 1604 1243
730 1706 1243
744 529 1243
773 1704 1243
787 1708 1243
799 1703 1243
802 604 1243
838 597 1243
846 1566 1243
851 1660 1243
854 1559 1243
902 1539 1243
919 1620 1243
923 543 1243
925 1616 1243
931 545 1243
952 545 1243
992 783 1243
1036 807 1243
1043 1367 1243
1059 1156 1243
1064 990 1243
1065 967 1243
1065 990 1243
1076 1301 1243
1077 993 1243
1078 993 1243
1079 993 1243
1081 648 1243
1116 713 1243
1120 718 1243
1141 1260 1243
1146 1189 1243
1149 1169 1243
1167 1116 1243
1206 990 1243
1207 1008 1243
152 1278 1244
163 1237 1244
163 1354 1244
171 1071 1244
180 869 1244
184 1117 1244
187 1403 1244
206 1020 1244
211 962 1244
214 822 1244
219 1464 1244
225 921 1244
233 1166 1244
247 1349 1244
248 886 1244
274 709 1244
275 869 1244
301 1416 1244
316 642 1244
324 1567 1244
329 1455 1244
333 626 1244
337 626 1244
338 626 1244
339 626 1244
339 1583 1244
340 626 1244
341 626 1244
403 1582 1244
409 671 1244
469 1695 1244
481 1719 1244
482 1720 1244
580 440 1244
581 440 1244
590 439 1244
591 440 1244
616 1633 1244
625 458 1244
628 459 1244
643 468 1244
645 1707 1244
646 1707 1244
721 590 1244
728 1704 1244
735 529 1244
742 529 1244
743 529 1244
776 605 1244
780 533 1244
781 533 1244
788 1707 1244
798 1703 1244
830 1681 1244
839 597 1244
853 1558 1244
862 522 1244
894 1543 1244
904 1537 1244
926 1615 1244
952 545 1244
989 1539 1244
1011 738 1244
1057 1157 1244
1070 593 1244
1072 1106 1244
1073 1105 1244
1075 1302 1244
1083 656 1244
1128 1366 1244
1172 1096 1244
147 1001 1245
147 1002 1245
147 1003 1245
149 1305 1245
172 1073 1245
176 900 1245
177 1195 1245
178 1099 1245
181 869 1245
185 1118 1245
201 987 1245
203 1443 1245
215 822 1245
215 1041 1245
224 1321 1245
229 1190 1245
248 1349 1245
297 1530 1245
298 1531 1245
299 1532 1245
300 1533 1245
301 1415 1245
301 1534 1245
330 1455 1245
335 626 1245
336 626 1245
340 1583 1245
348 753 1245
397 616 1245
437 661 1245
463 1588 1245
470 1697 1245
473 1702 1245
496 1610 1245
502 486 1245
571 563 1245
579 440 1245
579 1722 1245
602 1634 1245
624 458 1245
629 460 1245
683 1611 1245
705 1604 1245
711 590 1245
733 529 1245
770 605 1245
771 605 1245
772 605 1245
773 605 1245
774 605 1245
777 534 1245
797 1703 1245
814 534 1245
815 534 1245
816 534 1245
840 597 1245
850 597 1245
874 591 1245
886 1637 1245
889 526 1245
898 1630 1245
904 1536 1245
928 1613 1245
934 1510 1245
954 608 1245
1008 540 1245
1021 1386 1245
1031 1465 1245
1035 811 1245
1036 812 1245
1043 1366 1245
1044 999 1245
1045 999 1245
1046 999 1245
1047 999 1245
1048 999 1245
1049 999 1245
1050 999 1245
1051 999 1245
1052 999 1245
1053 999 1245
1054 999 1245
1055 999 1245
1056 999 1245
1057 999 1245
1060 970 1245
1073 1103 1245
1074 1303 1245
1078 880 1245
1079 880 1245
1082 655 1245
1084 872 1245
1084 880 1245
1084 1329 1245
1118 723 1245
1119 724 1245
1119 726 1245
1119 727 1245
1119 728 1245
1119 731 1245
1128 1366 1245
1140 1264 1245
1157 799 1245
1162 806 1245
1205 992 1245
148 1001 1246
152 1277 1246
156 1045 1246
158 1049 1246
173 1075 1246
178 1098 1246
186 1119 1246
216 822 1246
224 1208 1246
225 1321 1246
249 1349 1246
291 1406 1246
301 1414 1246
336 626 1246
341 1583 1246
349 753 1246
407 672 1246
477 1712 1246
478 1713 1246
503 487 1246
577 441 1246
601 1635 1246
630 461 1246
679 503 1246
682 1610 1246
721 591 1246
725 1701 1246
775 535 1246
796 1703 1246
830 1680 1246
852 1555 1246
885 1637 1246
889 527 1246
988 1540 1246
998 652 1246
1009 540 1246
1009 791 1246
1010 791 1246
1011 792 1246
1013 1490 1246
1018 1483 1246
1042 999 1246
1049 1451 1246
1050 1450 1246
1053 975 1246
1059 1442 1246
1069 1004 1246
1070 1005 1246
1072 1102 1246
1073 1303 1246
1076 1012 1246
1077 1013 1246
1078 1014 1246
1079 1015 1246
1081 654 1246
1083 1328 1246
1128 1365 1246
1135 1351 1246
1139 1265 1246
1148 1166 1246
1149 791 1246
1150 792 1246
1151 793 1246
1152 794 1246
1153 795 1246
1158 801 1246
1161 805 1246
1204 993 1246
1206 1009 1246
150 1306 1247
152 1276 1247
156 1044 1247
160 1052 1247
161 1053 1247
165 1353 1247
174 1371 1247
177 902 1247
178 1097 1247
186 1174 1247
187 1120 1247
204 1441 1247
217 822 1247
222 1463 1247
227 923 1247
250 1349 1247
276 870 1247
301 1413 1247
303 1535 1247
326 1564 1247
337 626 1247
463 1587 1247
476 1707 1247
477 1711 1247
496 1609 1247
504 487 1247
570 568 1247
573 443 1247
574 442 1247
575 442 1247
640 467 1247
671 1705 1247
680 577 1247
682 1609 1247
708 590 1247
723 1699 1247
729 593 1247
764 604 1247
767 605 1247
792 1610 1247
804 605 1247
814 605 1247
820 1597 1247
859 524 1247
907 1533 1247
930 1610 1247
931 1609 1247
943 547 1247
943 610 1247
989 699 1247
990 699 1247
991 699 1247
992 699 1247
993 699 1247
994 699 1247
995 699 1247
1003 790 1247
1005 727 1247
1012 541 1247
1029 1466 1247
1041 999 1247
1051 1449 1247
1052 1100 1247
1053 1099 1247
1054 1099 1247
1055 1098 1247
1056 1098 1247
1057 1099 1247
1058 1099 1247
1058 1443 1247
1064 1253 1247
1071 878 1247
1071 1101 1247
1072 875 1247
1080 654 1247
1081 864 1247
1082 1018 1247
1082 1328 1247
1140 1210 1247
1159 803 1247
1160 804 1247
1203 994 1247
152 1276 1248
156 1043 1248
157 955 1248
162 1241 1248
166 1353 1248
174 1077 1248
175 1371 1248
178 1096 1248
186 868 1248
188 1121 1248
189 1405 1248
198 1418 1248
202 988 1248
205 1440 1248
216 1040 1248
218 822 1248
223 1463 1248
227 1077 1248
227 1320 1248
252 1351 1248
255 889 1248
262 1488 1248
268 1372 1248
301 1412 1248
327 1563 1248
340 1460 1248
341 1461 1248
346 626 1248
463 1587 1248
495 1607 1248
505 487 1248
507 474 1248
508 473 1248
566 574 1248
633 464 1248
729 529 1248
732 1600 1248
794 1703 1248
829 1680 1248
848 1662 1248
851 1552 1248
858 525 1248
869 1647 1248
908 1532 1248
936 611 1248
937 611 1248
987 1541 1248
1002 723 1248
1002 733 1248
1004 541 1248
1011 541 1248
1019 1384 1248
1020 1478 1248
1031 817 1248
1043 1155 1248
1043 1365 1248
1049 974 1248
1052 1448 1248
1056 571 1248
1057 1444 1248
1067 879 1248
1070 873 1248
1070 1009 1248
1071 1100 1248
1081 1327 1248
1134 1349 1248
1139 1216 1248
1147 1164 1248
1164 1114 1248
1180 866 1248
176 1371 1249
177 1196 1249
204 841 1249
206 1439 1249
216 1039 1249
219 822 1249
224 1462 1249
227 1076 1249
228 1320 1249
253 1350 1249
259 889 1249
269 1371 1249
285 1513 1249
286 1514 1249
301 1411 1249
305 1536 1249
314 1435 1249
338 1458 1249
342 1462 1249
358 729 1249
494 1606 1249
506 486 1249
514 469 1249
543 461 1249
552 583 1249
564 577 1249
573 570 1249
587 1718 1249
671 1704 1249
681 1608 1249
694 1698 1249
701 589 1249
728 529 1249
732 1599 1249
821 1588 1249
851 1550 1249
886 528 1249
892 1538 1249
909 1531 1249
913 1622 1249
937 1503 1249
953 610 1249
997 541 1249
1000 721 1249
1014 542 1249
1042 1173 1249
1047 973 1249
1054 1446 1249
1055 570 1249
1055 1445 1249
1059 901 1249
1065 880 1249
1069 866 1249
1071 1099 1249
1072 1306 1249
1079 656 1249
1080 1327 1249
1115 1040 1249
1137 1270 1249
1166 826 1249
1205 1010 1249
151 1306 1250
167 1352 1250
175 1079 1250
177 1371 1250
205 841 1250
220 822 1250
226 1461 1250
229 924 1250
237 1466 1250
254 1350 1250
270 1370 1250
276 735 1250
277 738 1250
285 1512 1250
289 688 1250
322 826 1250
343 1463 1250
390 1652 1250
405 673 1250
507 485 1250
512 471 1250
513 470 1250
549 586 1250
559 584 1250
574 571 1250
588 1717 1250
618 459 1250
671 1703 1250
674 496 1250
675 497 1250
679 577 1250
680 1608 1250
702 590 1250
705 1600 1250
712 1695 1250
713 1695 1250
727 529 1250
732 1598 1250
753 603 1250
794 606 1250
805 536 1250
821 1582 1250
841 528 1250
846 1663 1250
847 528 1250
850 1549 1250
854 527 1250
931 1607 1250
938 1501 1250
939 612 1250
939 1500 1250
940 612 1250
954 547 1250
987 1541 1250
989 542 1250
990 542 1250
1000 1514 1250
1021 820 1250
1039 1104 1250
1040 1105 1250
1045 973 1250
1054 569 1250
1058 900 1250
1064 616 1250
1064 881 1250
1071 1098 1250
1094 1411 1250
1098 707 1250
1138 1217 1250
1140 1300 1250
1165 825 1250
1185 1062 1250
1194 936 1250
153 1275 1251
157 1252 1251
158 958 1251
158 1038 1251
158 1250 1251
200 1417 1251
207 1436 1251
212 1303 1251
214 1306 1251
225 1209 1251
230 1319 1251
236 1464 1251
237 1135 1251
270 1368 1251
277 733 1251
284 1510 1251
299 1408 1251
316 641 1251
322 827 1251
344 1463 1251
389 1651 1251
462 1586 1251
548 588 1251
559 587 1251
588 1643 1251
671 493 1251
671 1702 1251
672 494 1251
673 495 1251
704 1599 1251
711 1694 1251
727 529 1251
732 1597 1251
747 603 1251
754 604 1251
768 1599 1251
769 1599 1251
770 1599 1251
771 1599 1251
788 1605 1251
794 1701 1251
808 606 1251
809 606 1251
810 606 1251
812 606 1251
853 1658 1251
875 596 1251
888 599 1251
891 1536 1251
934 550 1251
935 550 1251
944 549 1251
944 612 1251
955 1578 1251
996 717 1251
1016 543 1251
1041 941 1251
1043 1364 1251
1051 569 1251
1053 569 1251
1071 1097 1251
1094 699 1251
1096 703 1251
1097 1410 1251
1136 1275 1251
1139 1289 1251
1139 1297 1251
1164 824 1251
1173 1084 1251
1194 953 1251
1204 1012 1251
159 1248 1252
176 1081 1252
178 1092 1252
187 1173 1252
206 842 1252
208 1435 1252
217 1038 1252
230 924 1252
230 1193 1252
231 1319 1252
231 1461 1252
271 1367 1252
284 1508 1252
322 828 1252
345 1464 1252
357 624 1252
362 623 1252
367 623 1252
368 623 1252
369 623 1252
403 674 1252
451 562 1252
452 561 1252
453 560 1252
458 646 1252
461 1585 1252
492 1603 1252
538 463 1252
540 463 1252
556 590 1252
637 1705 1252
670 492 1252
671 1701 1252
704 1598 1252
709 1693 1252
712 1693 1252
732 1596 1252
765 1599 1252
775 1600 1252
820 1573 1252
822 1569 1252
845 1663 1252
876 528 1252
878 528 1252
882 1636 1252
888 600 1252
891 1535 1252
910 1624 1252
911 1528 1252
954 1579 1252
977 543 1252
978 543 1252
984 770 1252
985 543 1252
991 829 1252
992 830 1252
993 829 1252
994 829 1252
1041 972 1252
1058 861 1252
1063 620 1252
1073 1314 1252
1085 679 1252
1137 1218 1252
1162 1113 1252
1163 823 1252
1173 1083 1252
1190 924 1252
1195 958 1252
169 1349 1253
183 1375 1253
184 1376 1253
193 1405 1253
206 843 1253
209 1434 1253
217 1037 1253
223 823 1253
232 1319 1253
256 1348 1253
278 872 1253
316 1430 1253
322 829 1253
346 1464 1253
361 623 1253
363 623 1253
364 623 1253
365 623 1253
369 711 1253
450 563 1253
524 603 1253
528 464 1253
548 593 1253
555 592 1253
586 1644 1253
588 569 1253
671 1700 1253
672 1700 1253
680 1607 1253
697 1692 1253
703 590 1253
713 1692 1253
732 1595 1253
755 1694 1253
785 1602 1253
806 537 1253
818 1573 1253
824 1566 1253
840 530 1253
848 1543 1253
854 1657 1253
870 1644 1253
888 601 1253
891 1534 1253
909 1624 1253
911 544 1253
953 1580 1253
990 830 1253
999 829 1253
1052 571 1253
1072 1312 1253
1162 822 1253
1186 909 1253
1189 919 1253
1193 951 1253
1203 1013 1253
156 1014 1254
163 934 1254
176 1198 1254
181 904 1254
194 1404 1254
202 1416 1254
206 844 1254
210 1432 1254
211 1020 1254
231 925 1254
233 1319 1254
234 1459 1254
238 1132 1254
272 1364 1254
274 1495 1254
277 763 1254
303 664 1254
347 1464 1254
353 1604 1254
353 1608 1254
374 622 1254
375 622 1254
382 1507 1254
387 1649 1254
397 1653 1254
448 565 1254
449 564 1254
460 1584 1254
529 465 1254
545 595 1254
554 594 1254
636 1704 1254
670 1699 1254
673 1699 1254
679 1607 1254
707 591 1254
708 591 1254
709 591 1254
714 1691 1254
732 1594 1254
750 606 1254
755 1693 1254
793 1699 1254
840 531 1254
843 1664 1254
888 602 1254
906 1625 1254
912 545 1254
946 1589 1254
973 544 1254
985 1542 1254
1014 828 1254
1038 971 1254
1044 1450 1254
1116 752 1254
1122 760 1254
1123 761 1254
1136 1220 1254
1156 808 1254
1161 821 1254
1167 1093 1254
1184 901 1254
1192 947 1254
1195 963 1254
195 1404 1255
234 1319 1255
258 1347 1255
274 1494 1255
348 1464 1255
350 625 1255
376 622 1255
377 622 1255
398 1653 1255
399 1653 1255
448 566 1255
459 1583 1255
553 596 1255
555 596 1255
557 596 1255
558 596 1255
562 596 1255
665 486 1255
669 1698 1255
679 1696 1255
700 1689 1255
703 1596 1255
705 1689 1255
715 1690 1255
725 530 1255
732 1593 1255
735 599 1255
750 607 1255
814 1573 1255
826 1560 1255
827 1559 1255
845 1540 1255
850 530 1255
854 1656 1255
857 530 1255
888 603 1255
893 1629 1255
913 546 1255
928 1607 1255
942 1495 1255
944 1591 1255
950 1584 1255
973 1444 1255
997 543 1255
1000 1512 1255
1028 1001 1255
1041 1363 1255
1049 847 1255
1135 1282 1255
1137 1304 1255
1156 809 1255
1160 820 1255
1181 878 1255
1183 899 1255
1196 1037 1255
1202 1015 1255
155 1276 1256
157 1012 1256
160 1033 1256
179 1088 1256
179 1368 1256
196 865 1256
203 1414 1256
226 824 1256
232 927 1256
235 1319 1256
273 1362 1256
303 852 1256
324 831 1256
349 1464 1256
350 625 1256
382 622 1256
400 1653 1256
401 1653 1256
446 569 1256
542 598 1256
556 597 1256
563 597 1256
664 485 1256
668 1697 1256
676 1696 1256
701 1687 1256
702 1687 1256
703 1687 1256
716 1689 1256
750 608 1256
756 608 1256
812 1574 1256
827 1556 1256
828 1555 1256
844 1539 1256
850 531 1256
854 1655 1256
881 532 1256
935 1600 1256
936 1599 1256
964 788 1256
972 1439 1256
973 1435 1256
983 544 1256
1027 1000 1256
1040 904 1256
1048 848 1256
1065 632 1256
1097 1054 1256
1113 749 1256
1132 1246 1256
1139 1191 1256
1139 1192 1256
1139 1193 1256
1139 1194 1256
1139 1195 1256
1139 1196 1256
1159 819 1256
1168 1090 1256
1181 889 1256
1181 890 1256
1194 967 1256
1194 968 1256
158 1012 1257
162 1246 1257
177 1197 1257
179 1367 1257
197 865 1257
206 988 1257
214 1022 1257
236 1456 1257
260 1346 1257
273 1360 1257
279 873 1257
318 1427 1257
337 1452 1257
354 1601 1257
357 1614 1257
358 1616 1257
359 1617 1257
404 1652 1257
405 1652 1257
406 1652 1257
409 1576 1257
445 571 1257
667 1696 1257
678 1694 1257
693 517 1257
702 1685 1257
717 1688 1257
739 1691 1257
742 1692 1257
791 1697 1257
830 1673 1257
840 1665 1257
844 1538 1257
850 532 1257
883 1634 1257
889 605 1257
926 1608 1257
950 1583 1257
971 813 1257
973 814 1257
973 1430 1257
973 1431 1257
973 1432 1257
999 1514 1257
1034 970 1257
1036 1156 1257
1036 1157 1257
1040 1363 1257
1057 1253 1257
1081 673 1257
1083 685 1257
1124 1358 1257
1138 1197 1257
1158 818 1257
1160 1109 1257
1169 1088 1257
159 1011 1258
177 1197 1258
179 1366 1258
188 1171 1258
198 864 1258
231 1194 1258
237 1318 1258
243 1124 1258
264 1479 1258
270 800 1258
274 1359 1258
294 701 1258
301 1401 1258
306 851 1258
318 1426 1258
338 1452 1258
350 1463 1258
360 1618 1258
386 1647 1258
443 574 1258
444 573 1258
456 1582 1258
469 541 1258
547 600 1258
666 1695 1258
719 1686 1258
721 529 1258
733 1591 1258
738 1690 1258
743 1691 1258
751 609 1258
756 609 1258
819 1681 1258
829 1550 1258
834 1669 1258
838 1666 1258
839 1665 1258
843 1537 1258
850 533 1258
884 1633 1258
890 606 1258
942 613 1258
967 1562 1258
968 814 1258
975 1426 1258
977 739 1258
984 1539 1258
985 653 1258
1022 1014 1258
1023 1014 1258
1024 999 1258
1026 1373 1258
1027 1372 1258
1028 1371 1258
1029 1370 1258
1035 1151 1258
1035 1152 1258
1035 1153 1258
1035 1154 1258
1036 1017 1258
1036 1149 1258
1043 1449 1258
1087 697 1258
1136 1311 1258
1137 1198 1258
1137 1199 1258
1157 817 1258
1195 995 1258
154 1305 1259
160 1010 1259
161 1034 1259
191 1163 1259
199 863 1259
208 847 1259
238 1318 1259
262 1345 1259
264 1478 1259
307 851 1259
315 1534 1259
319 1426 1259
324 832 1259
351 1463 1259
359 767 1259
361 1619 1259
386 1508 1259
399 619 1259
443 575 1259
470 540 1259
494 1598 1259
675 1606 1259
679 1691 1259
718 1684 1259
720 529 1259
733 1590 1259
737 1689 1259
743 537 1259
817 1682 1259
842 1536 1259
885 1632 1259
889 1630 1259
948 1487 1259
955 739 1259
956 739 1259
957 739 1259
958 739 1259
959 739 1259
965 813 1259
970 546 1259
974 753 1259
975 752 1259
976 1425 1259
977 1423 1259
1023 998 1259
1028 988 1259
1032 1367 1259
1033 1366 1259
1035 1365 1259
1036 1147 1259
1037 1145 1259
1037 1364 1259
1078 667 1259
1086 696 1259
1099 731 1259
1127 770 1259
1128 772 1259
1135 1202 1259
1136 1310 1259
1141 1166 1259
1168 846 1259
1199 1021 1259
156 1259 1260
161 960 1260
161 1008 1260
173 1207 1260
179 1363 1260
192 1160 1260
200 862 1260
200 1404 1260
208 848 1260
227 1208 1260
232 1193 1260
235 929 1260
263 1476 1260
269 803 1260
275 1357 1260
315 1533 1260
319 1425 1260
339 1451 1260
352 1463 1260
355 1600 1260
359 768 1260
386 1507 1260
413 1650 1260
414 1650 1260
461 1665 1260
471 539 1260
477 537 1260
494 1597 1260
500 1723 1260
619 1615 1260
620 1615 1260
621 1615 1260
622 1615 1260
623 1615 1260
663 483 1260
674 1606 1260
701 1680 1260
719 529 1260
730 1684 1260
733 1589 1260
749 610 1260
753 610 1260
754 610 1260
791 1695 1260
798 541 1260
799 541 1260
800 541 1260
801 541 1260
804 1573 1260
816 1682 1260
829 1545 1260
830 1543 1260
841 1535 1260
853 534 1260
856 533 1260
923 1610 1260
963 815 1260
979 1420 1260
997 1516 1260
1022 998 1260
1033 1172 1260
1037 1025 1260
1041 1450 1260
1055 1253 1260
1078 668 1260
1079 670 1260
1084 694 1260
1125 1355 1260
1128 773 1260
1132 1231 1260
1149 1129 1260
1159 1106 1260
1172 1078 1260
1178 1058 1260
161 961 1261
162 1035 1261
172 1209 1261
188 1173 1261
201 861 1261
201 1404 1261
202 1405 1261
203 1406 1261
204 1407 1261
205 1408 1261
227 1209 1261
231 828 1261
240 1317 1261
275 1355 1261
303 1399 1261
321 1541 1261
340 1451 1261
353 1463 1261
362 1480 1261
365 1624 1261
386 622 1261
495 1597 1261
549 604 1261
550 604 1261
624 1614 1261
679 1688 1261
697 588 1261
698 1594 1261
718 529 1261
733 1588 1261
748 539 1261
783 541 1261
788 541 1261
791 1694 1261
814 1682 1261
840 1534 1261
869 533 1261
870 600 1261
876 1637 1261
877 1636 1261
878 1635 1261
893 544 1261
922 1610 1261
948 1584 1261
962 815 1261
963 711 1261
964 711 1261
969 712 1261
970 547 1261
976 835 1261
980 1418 1261
996 1517 1261
1009 840 1261
1032 1173 1261
1034 1028 1261
1039 1029 1261
1048 575 1261
1055 593 1261
1067 1306 1261
1078 669 1261
1128 774 1261
1170 852 1261
1171 1078 1261
1197 1025 1261
179 1194 1262
209 988 1262
237 1446 1262
241 1317 1262
267 807 1262
268 806 1262
297 859 1262
303 1398 1262
324 1544 1262
341 1451 1262
350 785 1262
354 1463 1262
358 771 1262
364 1480 1262
366 1625 1262
384 1645 1262
386 622 1262
495 1596 1262
523 1739 1262
525 1740 1262
526 1740 1262
551 605 1262
625 1613 1262
626 1613 1262
627 1613 1262
733 1587 1262
773 1690 1262
791 1693 1262
802 1572 1262
812 1682 1262
839 1533 1262
865 600 1262
891 608 1262
892 544 1262
920 1611 1262
947 1585 1262
984 1535 1262
987 1530 1262
991 1406 1262
994 1520 1262
995 1518 1262
1000 545 1262
1004 843 1262
1010 1497 1262
1020 986 1262
1023 941 1262
1024 972 1262
1025 1031 1262
1030 1030 1262
1031 1174 1262
1031 1175 1262
1032 1030 1262
1039 856 1262
1041 1033 1262
1054 593 1262
1066 642 1262
1067 643 1262
1078 670 1262
1127 776 1262
1131 1232 1262
1142 793 1262
1154 1117 1262
1155 817 1262
1193 978 1262
1196 1027 1262
156 1306 1263
179 1194 1263
179 1359 1263
188 1174 1263
220 1027 1263
236 929 1263
261 1471 1263
276 1353 1263
282 872 1263
337 1446 1263
342 1451 1263
355 1463 1263
365 1480 1263
367 724 1263
386 622 1263
388 1507 1263
411 1569 1263
421 1649 1263
431 1649 1263
444 1652 1263
496 1597 1263
520 1738 1263
527 1740 1263
552 606 1263
554 1733 1263
628 1613 1263
629 1613 1263
733 1586 1263
755 541 1263
762 1687 1263
776 1690 1263
790 1692 1263
800 1572 1263
817 544 1263
882 1520 1263
885 1519 1263
891 544 1263
892 609 1263
919 1611 1263
946 1586 1263
956 809 1263
986 1531 1263
994 1519 1263
1030 1177 1263
1052 1438 1263
1053 1255 1263
1067 644 1263
1076 1061 1263
1078 671 1263
1099 736 1263
1126 1352 1263
1130 1233 1263
1133 1302 1263
1154 817 1263
1154 1116 1263
163 1248 1264
171 1215 1264
180 1359 1264
187 901 1264
227 1210 1264
234 1068 1264
296 861 1264
328 1546 1264
337 1445 1264
343 1451 1264
350 1567 1264
353 626 1264
368 723 1264
368 1626 1264
383 1643 1264
386 622 1264
439 674 1264
444 675 1264
444 1577 1264
445 675 1264
447 1653 1264
474 1678 1264
497 1598 1264
518 1737 1264
553 1734 1264
571 597 1264
572 596 1264
696 1594 1264
716 529 1264
749 1683 1264
762 1686 1264
778 1690 1264
779 1690 1264
790 1691 1264
821 544 1264
827 543 1264
828 543 1264
829 543 1264
830 543 1264
835 1536 1264
862 601 1264
877 1522 1264
880 1520 1264
886 1518 1264
887 1518 1264
890 544 1264
893 610 1264
945 1586 1264
973 548 1264
982 1415 1264
983 1414 1264
988 1409 1264
994 1518 1264
1011 1495 1264
1012 1494 1264
1013 1493 1264
1015 1485 1264
1019 967 1264
1020 966 1264
1026 927 1264
1039 1038 1264
1046 576 1264
1055 1435 1264
1065 1304 1264
1071 1063 1264
1170 854 1264
158 1260 1265
165 1044 1265
167 1050 1265
168 1052 1265
169 1054 1265
188 1175 1265
225 1431 1265
259 1468 1265
264 812 1265
298 1508 1265
321 1423 1265
337 1444 1265
338 1554 1265
356 1463 1265
357 801 1265
357 1598 1265
358 801 1265
359 801 1265
367 1481 1265
369 1627 1265
383 1642 1265
386 622 1265
435 674 1265
440 675 1265
442 1576 1265
463 1664 1265
500 1603 1265
516 1736 1265
528 477 1265
535 1739 1265
536 1739 1265
537 1739 1265
538 1739 1265
544 1739 1265
552 1735 1265
660 482 1265
695 1594 1265
717 530 1265
749 1682 1265
762 1685 1265
778 545 1265
780 1689 1265
797 547 1265
801 547 1265
802 547 1265
809 1681 1265
894 611 1265
916 1611 1265
944 1586 1265
984 1413 1265
987 1410 1265
994 1517 1265
1001 546 1265
1001 1379 1265
1002 1378 1265
1003 1378 1265
1013 1492 1265
1014 1488 1265
1028 1183 1265
1038 1042 1265
1039 1041 1265
1045 576 1265
1052 1077 1265
1053 597 1265
1056 1074 1265
1057 1073 1265
1057 1433 1265
1066 646 1265
1077 673 1265
1128 1236 1265
1128 1277 1265
1143 803 1265
1146 1131 1265
1158 1098 1265
164 1040 1266
170 1055 1266
182 1358 1266
244 1314 1266
277 1347 1266
294 718 1266
305 1395 1266
316 649 1266
337 1443 1266
344 1450 1266
368 1482 1266
369 721 1266
383 1641 1266
412 1566 1266
464 1664 1266
473 1675 1266
479 1686 1266
496 1595 1266
515 1735 1266
533 1739 1266
539 1739 1266
540 1739 1266
541 1739 1266
542 1739 1266
543 1739 1266
548 1738 1266
581 591 1266
689 515 1266
694 587 1266
694 1594 1266
733 1584 1266
754 543 1266
756 612 1266
762 1684 1266
775 546 1266
781 1688 1266
782 1688 1266
783 1688 1266
790 1577 1266
857 1645 1266
895 612 1266
896 612 1266
904 612 1266
914 1611 1266
917 552 1266
943 1586 1266
985 849 1266
986 849 1266
987 849 1266
994 1516 1266
1000 1379 1266
1009 972 1266
1027 1185 1266
1036 1212 1266
1038 1045 1266
1053 599 1266
1076 674 1266
1126 1243 1266
1127 1275 1266
1129 1284 1266
1135 1175 1266
1135 1176 1266
1145 1131 1266
1160 1092 1266
1191 983 1266
163 1249 1267
168 1225 1267
168 1226 1267
168 1227 1267
222 1427 1267
227 1211 1267
233 832 1267
258 1464 1267
263 815 1267
281 1483 1267
284 872 1267
295 719 1267
305 672 1267
341 1555 1267
358 1464 1267
358 1597 1267
383 1640 1267
425 1648 1267
503 1724 1267
514 1734 1267
536 619 1267
537 1638 1267
646 1691 1267
693 1594 1267
694 587 1267
762 1683 1267
774 547 1267
784 1687 1267
786 1687 1267
787 547 1267
813 547 1267
847 605 1267
874 604 1267
891 1514 1267
943 770 1267
969 1558 1267
994 1515 1267
995 877 1267
996 877 1267
997 877 1267
998 877 1267
999 877 1267
1000 877 1267
1001 877 1267
1002 877 1267
1003 547 1267
1018 1477 1267
1026 1186 1267
1030 1051 1267
1038 1219 1267
1039 1220 1267
1075 675 1267
1126 1267 1267
1126 1268 1267
1126 1269 1267
1131 1299 1267
1154 822 1267
1179 912 1267
1180 914 1267
1187 1041 1267
158 1307 1268
160 968 1268
160 1260 1268
168 1224 1268
175 1061 1268
206 857 1268
206 1398 1268
222 1426 1268
232 833 1268
245 1312 1268
275 1343 1268
276 1344 1268
279 1481 1268
301 1510 1268
302 1511 1268
306 1393 1268
320 648 1268
324 835 1268
337 1442 1268
342 1555 1268
345 1449 1268
358 1596 1268
370 720 1268
383 1639 1268
387 622 1268
391 1507 1268
412 1563 1268
480 1686 1268
504 1725 1268
505 1726 1268
525 621 1268
530 1739 1268
537 621 1268
565 609 1268
657 480 1268
694 587 1268
762 1682 1268
774 548 1268
785 548 1268
786 548 1268
786 1685 1268
792 1572 1268
806 1679 1268
814 548 1268
892 1513 1268
893 1513 1268
894 1513 1268
895 1513 1268
898 613 1268
900 613 1268
901 613 1268
902 613 1268
904 613 1268
905 613 1268
911 1611 1268
1011 869 1268
1018 1477 1268
1025 1187 1268
1028 864 1268
1045 1443 1268
1049 1257 1268
1074 676 1268
1083 711 1268
1089 727 1268
1121 782 1268
1129 1287 1268
1132 1157 1268
1139 802 1268
1143 1131 1268
1154 825 1268
1155 829 1268
1187 932 1268
1190 985 1268
160 969 1269
184 1356 1269
187 906 1269
206 858 1269
219 968 1269
231 834 1269
240 831 1269
244 1109 1269
246 1312 1269
271 1339 1269
278 1479 1269
286 1485 1269
383 1638 1269
387 622 1269
413 1562 1269
469 1667 1269
495 1593 1269
512 1732 1269
527 482 1269
537 622 1269
550 472 1269
561 471 1269
566 610 1269
619 464 1269
735 537 1269
762 1681 1269
787 1683 1269
799 551 1269
814 549 1269
824 547 1269
858 1642 1269
862 604 1269
873 605 1269
896 1512 1269
970 1557 1269
983 547 1269
1014 872 1269
1018 1477 1269
1021 1198 1269
1048 1257 1269
1051 603 1269
1082 710 1269
1087 1412 1269
1090 1411 1269
1125 1263 1269
1130 1297 1269
1151 1113 1269
1155 831 1269
1168 858 1269
160 970 1270
164 1248 1270
187 907 1270
221 1423 1270
228 1210 1270
230 835 1270
234 1193 1270
249 906 1270
260 820 1270
304 1512 1270
344 628 1270
359 1464 1270
383 1637 1270
392 1507 1270
412 611 1270
472 559 1270
509 1729 1270
510 1730 1270
511 1731 1270
527 483 1270
529 1738 1270
537 623 1270
538 1635 1270
550 473 1270
560 472 1270
567 611 1270
577 1723 1270
619 464 1270
625 1697 1270
666 1604 1270
756 546 1270
789 1681 1270
791 1570 1270
798 552 1270
803 1677 1270
814 550 1270
824 548 1270
856 605 1270
858 1641 1270
897 1511 1270
898 1511 1270
906 1612 1270
938 1586 1270
951 1481 1270
971 1556 1270
984 1412 1270
1008 938 1270
1020 1199 1270
1047 1257 1270
1063 649 1270
1075 1416 1270
1091 1410 1270
1119 783 1270
1124 1260 1270
1142 1130 1270
1160 1087 1270
1167 858 1270
1185 1041 1270
1187 944 1270
1189 965 1270
170 1219 1271
185 1354 1271
187 908 1271
203 1391 1271
204 1392 1271
218 846 1271
221 965 1271
228 837 1271
253 1455 1271
319 1527 1271
323 648 1271
324 1422 1271
344 1554 1271
346 627 1271
413 610 1271
414 1560 1271
433 592 1271
494 1591 1271
500 1718 1271
522 625 1271
537 624 1271
538 1634 1271
550 474 1271
560 473 1271
664 1604 1271
693 587 1271
757 547 1271
798 553 1271
802 1676 1271
814 551 1271
824 549 1271
858 1640 1271
899 1510 1271
905 1612 1271
937 1586 1271
940 787 1271
972 1555 1271
1019 1200 1271
1050 605 1271
1069 659 1271
1092 1409 1271
1120 1353 1271
1125 1221 1271
1125 1222 1271
1154 833 1271
1167 859 1271
160 1309 1272
160 1310 1272
169 1328 1272
184 1093 1272
187 909 1272
202 1389 1272
203 1390 1272
213 1285 1272
220 844 1272
221 843 1272
221 1419 1272
222 842 1272
223 841 1272
224 840 1272
225 839 1272
244 831 1272
247 1309 1272
294 868 1272
324 648 1272
347 1448 1272
360 1592 1272
389 622 1272
403 682 1272
499 1716 1272
500 1717 1272
537 625 1272
550 475 1272
560 474 1272
572 1726 1272
618 464 1272
651 477 1272
663 1604 1272
732 1579 1272
735 1579 1272
758 548 1272
763 1677 1272
798 554 1272
814 552 1272
858 1639 1272
868 606 1272
869 606 1272
899 551 1272
900 1509 1272
901 1509 1272
910 614 1272
914 614 1272
936 1586 1272
939 798 1272
973 1553 1272
984 548 1272
984 1413 1272
1000 548 1272
1004 548 1272
1010 900 1272
1018 1201 1272
1045 1258 1272
1054 634 1272
1167 860 1272
167 1326 1273
180 1195 1273
186 1352 1273
187 910 1273
196 893 1273
202 1388 1273
219 1243 1273
235 1082 1273
245 831 1273
247 1308 1273
248 1448 1273
249 1449 1273
295 868 1273
320 1527 1273
358 626 1273
376 1486 1273
394 1506 1273
402 683 1273
419 1645 1273
420 1645 1273
493 1589 1273
520 628 1273
537 626 1273
537 1632 1273
549 476 1273
566 1729 1273
608 587 1273
618 464 1273
618 1618 1273
619 1617 1273
623 589 1273
626 588 1273
639 1611 1273
684 510 1273
692 586 1273
740 1579 1273
797 555 1273
813 553 1273
823 551 1273
858 1638 1273
898 551 1273
900 1614 1273
901 1613 1273
919 615 1273
920 615 1273
951 710 1273
954 709 1273
1004 549 1273
1005 901 1273
1044 1258 1273
1053 1433 1273
1068 661 1273
1129 1157 1273
1153 834 1273
1183 1040 1273
161 1314 1274
162 1316 1274
163 975 1274
163 1318 1274
165 1323 1274
166 1324 1274
167 1325 1274
172 1218 1274
180 1195 1274
188 910 1274
202 1387 1274
209 859 1274
211 1397 1274
221 1414 1274
229 1211 1274
236 1087 1274
237 1095 1274
239 1129 1274
246 831 1274
247 1307 1274
248 1447 1274
274 1471 1274
275 1334 1274
296 868 1274
309 1388 1274
326 1422 1274
338 1439 1274
359 626 1274
360 626 1274
380 1629 1274
381 1630 1274
385 1634 1274
394 1505 1274
434 593 1274
480 1681 1274
496 1709 1274
527 1736 1274
529 631 1274
530 631 1274
531 631 1274
532 631 1274
537 627 1274
537 1631 1274
547 481 1274
548 479 1274
549 478 1274
564 617 1274
574 616 1274
607 590 1274
632 588 1274
639 471 1274
644 472 1274
647 474 1274
680 1674 1274
685 1593 1274
743 1579 1274
761 1674 1274
796 556 1274
811 554 1274
812 554 1274
823 552 1274
858 1637 1274
888 1618 1274
897 551 1274
924 615 1274
931 1494 1274
950 710 1274
952 1478 1274
986 549 1274
989 549 1274
1018 1476 1274
1042 1444 1274
1043 591 1274
1048 604 1274
1056 1299 1274
1067 661 1274
1124 1177 1274
1125 1209 1274
1125 1210 1274
1128 1156 1274
1152 834 1274
1152 1105 1274
1153 1103 1274
1186 972 1274
1188 993 1274
1188 994 1274
1188 995 1274
165 1247 1275
172 1049 1275
180 1195 1275
186 1096 1275
197 892 1275
230 1052 1275
247 1445 1275
248 1307 1275
276 1333 1275
297 868 1275
361 626 1275
361 1465 1275
362 626 1275
363 626 1275
379 1489 1275
379 1627 1275
380 1628 1275
386 1634 1275
414 1555 1275
480 1680 1275
496 1707 1275
500 635 1275
519 631 1275
521 631 1275
530 494 1275
533 493 1275
537 628 1275
558 479 1275
563 1731 1275
574 618 1275
580 614 1275
680 503 1275
681 505 1275
684 1593 1275
691 585 1275
728 1578 1275
729 1578 1275
744 1578 1275
823 553 1275
842 1519 1275
849 546 1275
861 1634 1275
889 1617 1275
895 551 1275
896 1614 1275
918 795 1275
973 1551 1275
997 549 1275
999 955 1275
1013 1141 1275
1013 1142 1275
1013 1143 1275
1013 1144 1275
1014 1140 1275
1018 1476 1275
1041 1445 1275
1055 1296 1275
1055 1300 1275
1102 1401 1275
1120 792 1275
1121 793 1275
1128 801 1275
1138 1130 1275
1140 812 1275
1151 1106 1275
1173 901 1275
1186 975 1275
164 976 1276
210 859 1276
217 988 1276
230 1050 1276
240 1120 1276
240 1121 1276
240 1122 1276
240 1123 1276
240 1124 1276
240 1125 1276
246 1442 1276
248 1306 1276
272 1468 1276
273 1469 1276
276 1332 1276
298 868 1276
327 1422 1276
348 1448 1276
364 626 1276
365 626 1276
366 626 1276
367 626 1276
387 1634 1276
395 1504 1276
404 1642 1276
407 1643 1276
414 1554 1276
492 1587 1276
501 636 1276
518 632 1276
522 632 1276
523 632 1276
524 632 1276
527 499 1276
528 497 1276
562 1731 1276
604 595 1276
635 472 1276
677 499 1276
678 500 1276
683 1593 1276
726 1578 1276
761 1672 1276
863 1632 1276
864 1631 1276
919 796 1276
919 1500 1276
921 797 1276
952 1477 1276
962 849 1276
996 963 1276
1013 1202 1276
1014 1136 1276
1014 1148 1276
1041 1259 1276
1042 593 1276
1054 1295 1276
1057 645 1276
1058 647 1276
1109 1397 1276
1110 784 1276
1126 800 1276
1127 801 1276
1137 1131 1276
1140 813 1276
1153 1099 1276
1167 864 1276
1181 1041 1276
162 1305 1277
195 1137 1277
230 1047 1277
230 1049 1277
230 1211 1277
236 1189 1277
246 1441 1277
272 1467 1277
276 1331 1277
305 703 1277
310 1385 1277
368 626 1277
369 626 1277
388 1634 1277
395 1503 1277
400 1640 1277
414 609 1277
453 583 1277
491 1586 1277
496 1704 1277
517 633 1277
526 502 1277
527 501 1277
535 1629 1277
555 484 1277
561 1731 1277
564 621 1277
574 621 1277
590 1716 1277
591 1715 1277
592 1714 1277
604 597 1277
624 1695 1277
682 1593 1277
740 544 1277
762 1671 1277
780 555 1277
823 1666 1277
824 555 1277
843 1517 1277
857 609 1277
868 1627 1277
961 850 1277
1030 1230 1277
1039 1446 1277
1041 593 1277
1046 604 1277
1050 1435 1277
1053 1294 1277
1054 1302 1277
1055 1305 1277
1080 716 1277
1125 1155 1277
1136 1131 1277
1170 896 1277
175 1215 1278
181 1067 1278
189 1174 1278
195 1136 1278
230 1045 1278
230 1046 1278
270 1462 1278
271 1464 1278
276 1330 1278
310 1384 1278
348 1553 1278
362 1585 1278
371 626 1278
378 1623 1278
382 624 1278
398 1639 1278
414 609 1278
468 571 1278
487 1684 1278
495 1700 1278
516 634 1278
550 490 1278
551 489 1278
552 488 1278
553 487 1278
560 1731 1278
563 622 1278
574 622 1278
592 608 1278
660 1602 1278
672 493 1278
673 494 1278
674 495 1278
675 496 1278
681 1593 1278
748 1576 1278
750 1576 1278
751 1576 1278
752 1576 1278
763 1670 1278
776 623 1278
777 623 1278
778 623 1278
779 623 1278
779 1561 1278
780 556 1278
825 1665 1278
880 1619 1278
928 1590 1278
930 776 1278
962 852 1278
963 853 1278
967 854 1278
987 551 1278
1012 1124 1278
1018 1066 1278
1039 1260 1278
1052 1293 1278
1058 654 1278
1080 717 1278
1088 738 1278
1099 1404 1278
1124 1155 1278
1149 836 1278
1169 887 1278
1169 888 1278
1169 889 1278
1169 890 1278
1169 891 1278
1169 892 1278
1182 980 1278
1184 1005 1278
163 1304 1279
169 1037 1279
175 1054 1279
189 1174 1279
213 858 1279
225 1409 1279
230 1211 1279
237 1187 1279
249 1304 1279
276 1329 1279
299 1493 1279
310 1383 1279
349 1448 1279
372 626 1279
378 1622 1279
379 625 1279
384 1493 1279
391 1499 1279
391 1635 1279
395 1637 1279
396 1503 1279
415 1551 1279
484 645 1279
487 1683 1279
504 638 1279
507 637 1279
559 1731 1279
563 623 1279
573 623 1279
659 1602 1279
669 491 1279
671 492 1279
722 1577 1279
757 1575 1279
763 1669 1279
773 624 1279
777 1561 1279
778 1560 1279
779 1559 1279
826 1664 1279
841 550 1279
842 1514 1279
864 610 1279
872 1622 1279
916 1498 1279
927 1590 1279
965 855 1279
969 857 1279
1013 1186 1279
1037 1447 1279
1050 1289 1279
1055 1308 1279
1080 718 1279
1088 739 1279
1099 1404 1279
1137 815 1279
1148 836 1279
1166 881 1279
1172 947 1279
1179 1043 1279
1181 981 1279
1181 982 1279
1181 985 1279
170 1025 1280
170 1026 1280
170 1027 1280
170 1028 1280
176 1055 1280
182 1195 1280
201 1375 1280
202 1376 1280
216 1393 1280
226 1409 1280
228 1025 1280
230 1211 1280
248 1438 1280
303 742 1280
328 1419 1280
351 1556 1280
394 1636 1280
413 610 1280
476 1671 1280
477 1672 1280
490 1584 1280
511 637 1280
527 1732 1280
563 624 1280
573 624 1280
586 1719 1280
602 605 1280
652 1680 1280
658 1602 1280
737 1666 1280
742 546 1280
764 1668 1280
773 625 1280
776 1561 1280
778 557 1280
827 1663 1280
842 1513 1280
874 1620 1280
876 1619 1280
893 1609 1280
926 1590 1280
946 1572 1280
961 1559 1280
972 860 1280
984 909 1280
985 909 1280
986 909 1280
1016 1477 1280
1021 1469 1280
1048 1436 1280
1057 656 1280
1073 696 1280
1080 719 1280
1126 804 1280
1165 880 1280
1173 954 1280
1173 955 1280
1173 956 1280
1178 1044 1280
1182 1009 1280
1182 1010 1280
164 1304 1281
166 1245 1281
167 977 1281
170 1021 1281
170 1022 1281
182 1067 1281
201 1373 1281
229 1026 1281
230 1211 1281
238 1185 1281
249 1437 1281
311 1382 1281
326 1528 1281
328 1418 1281
341 1437 1281
346 1546 1281
363 1582 1281
375 1618 1281
376 1619 1281
389 622 1281
413 610 1281
488 551 1281
502 641 1281
564 625 1281
566 625 1281
567 625 1281
568 625 1281
572 625 1281
585 1720 1281
604 606 1281
651 1680 1281
657 1602 1281
740 1665 1281
765 1667 1281
774 626 1281
774 1562 1281
780 1554 1281
781 1553 1281
791 631 1281
820 560 1281
827 1662 1281
842 1512 1281
861 548 1281
865 547 1281
874 547 1281
876 547 1281
915 1496 1281
1005 1019 1281
1006 1020 1281
1015 1478 1281
1035 1448 1281
1038 595 1281
1047 1286 1281
1068 689 1281
1069 691 1281
1080 720 1281
1080 721 1281
1133 1127 1281
1152 1095 1281
1169 923 1281
1169 924 1281
1174 970 1281
1178 980 1281
1179 986 1281
164 1301 1282
165 1305 1282
202 1371 1282
229 1408 1282
230 1037 1282
230 1210 1282
238 1185 1282
239 1414 1282
250 1436 1282
278 1328 1282
279 1329 1282
303 749 1282
315 1510 1282
327 1528 1282
354 1559 1282
357 798 1282
370 748 1282
375 1617 1282
398 1505 1282
413 610 1282
415 1547 1282
468 660 1282
488 552 1282
503 642 1282
563 626 1282
584 1720 1282
606 607 1282
613 606 1282
614 606 1282
615 606 1282
650 1680 1282
678 1671 1282
719 1576 1282
743 547 1282
746 1574 1282
765 1666 1282
773 627 1282
781 1551 1282
791 632 1282
807 632 1282
808 632 1282
809 632 1282
841 1511 1282
874 1618 1282
892 1607 1282
945 1572 1282
967 658 1282
998 553 1282
1004 1019 1282
1012 1095 1282
1014 1479 1282
1019 1249 1282
1023 1465 1282
1024 1463 1282
1038 596 1282
1045 1284 1282
1092 752 1282
1115 1178 1282
1135 1332 1282
1140 1111 1282
1162 877 1282
1166 916 1282
1167 918 1282
1167 919 1282
1174 974 1282
1178 987 1282
182 1066 1283
202 1368 1283
230 1210 1283
238 1184 1283
291 1478 1283
308 715 1283
316 1511 1283
374 1613 1283
415 1546 1283
488 1583 1283
504 643 1283
557 1730 1283
562 627 1283
616 606 1283
649 1680 1283
656 1602 1283
677 1671 1283
717 1576 1283
766 1665 1283
775 1666 1283
777 628 1283
781 1550 1283
789 632 1283
799 633 1283
815 632 1283
891 1606 1283
922 777 1283
925 1588 1283
943 829 1283
966 658 1283
974 1546 1283
1003 1019 1283
1017 1251 1283
1035 1266 1283
1043 609 1283
1102 1402 1283
1111 792 1283
1124 807 1283
1126 1301 1283
1126 1302 1283
1134 1121 1283
1135 819 1283
1135 1333 1283
1138 1113 1283
1161 877 1283
1180 1015 1283
187 1338 1284
194 1127 1284
217 857 1284
219 1389 1284
230 1210 1284
238 1184 1284
252 1435 1284
506 644 1284
524 516 1284
556 1730 1284
648 1680 1284
659 484 1284
676 1591 1284
676 1671 1284
696 585 1284
710 530 1284
716 1576 1284
744 549 1284
745 1662 1284
746 1662 1284
767 1664 1284
772 628 1284
781 1549 1284
788 632 1284
798 633 1284
821 630 1284
823 629 1284
848 1634 1284
851 550 1284
870 614 1284
871 614 1284
872 614 1284
872 1617 1284
873 614 1284
874 614 1284
875 614 1284
890 1605 1284
914 1493 1284
924 1588 1284
974 1545 1284
1006 1167 1284
1012 1480 1284
1035 1268 1284
1036 597 1284
1075 725 1284
1079 735 1284
1100 784 1284
1102 1402 1284
1111 793 1284
1114 1175 1284
1115 1199 1284
1125 1300 1284
1134 1119 1284
1135 1333 1284
1145 1103 1284
1159 877 1284
1175 1046 1284
182 1065 1285
187 1337 1285
194 1126 1285
218 857 1285
230 1211 1285
231 960 1285
253 1434 1285
283 1331 1285
293 1479 1285
320 848 1285
415 611 1285
488 1582 1285
501 646 1285
507 645 1285
519 524 1285
570 628 1285
572 628 1285
585 471 1285
602 1704 1285
624 1615 1285
655 1602 1285
677 1670 1285
715 1576 1285
729 622 1285
730 622 1285
731 622 1285
732 622 1285
733 622 1285
734 622 1285
735 622 1285
736 622 1285
737 622 1285
738 622 1285
747 622 1285
750 1660 1285
787 632 1285
829 629 1285
829 1658 1285
851 1631 1285
852 1630 1285
853 1629 1285
870 1617 1285
914 1492 1285
924 1587 1285
937 829 1285
973 868 1285
977 1527 1285
1004 1171 1285
1005 1168 1285
1017 1234 1285
1034 1269 1285
1046 631 1285
1061 671 1285
1073 725 1285
1078 737 1285
1100 785 1285
1103 1401 1285
1111 794 1285
1112 795 1285
1124 1299 1285
1135 1116 1285
1135 1333 1285
1157 877 1285
1160 908 1285
1168 1062 1285
1174 991 1285
1174 992 1285
1174 1046 1285
1179 1017 1285
169 1310 1286
182 1064 1286
187 1336 1286
189 1102 1286
191 1170 1286
194 1125 1286
203 892 1286
219 857 1286
230 1212 1286
232 960 1286
238 1183 1286
267 1448 1286
275 1323 1286
285 1332 1286
314 676 1286
330 1414 1286
333 651 1286
425 683 1286
430 682 1286
501 647 1286
517 528 1286
518 526 1286
519 525 1286
586 472 1286
603 472 1286
604 472 1286
623 1615 1286
708 529 1286
714 1576 1286
742 622 1286
743 622 1286
752 1658 1286
786 632 1286
854 1627 1286
855 1626 1286
923 1587 1286
958 1559 1286
972 869 1286
976 555 1286
980 892 1286
999 1015 1286
1002 1380 1286
1003 1173 1286
1013 1371 1286
1021 568 1286
1041 612 1286
1045 1438 1286
1048 636 1286
1053 1314 1286
1061 672 1286
1061 673 1286
1061 674 1286
1077 739 1286
1099 786 1286
1103 1401 1286
1112 797 1286
1123 1298 1286
1134 1334 1286
1150 856 1286
1158 906 1286
1173 1047 1286
1178 1017 1286
169 981 1287
182 1063 1287
183 1196 1287
187 1335 1287
191 1170 1287
196 1146 1287
223 991 1287
230 1213 1287
230 1214 1287
254 1297 1287
265 1444 1287
266 1446 1287
275 1322 1287
283 798 1287
313 704 1287
319 850 1287
322 1516 1287
331 1414 1287
334 650 1287
344 1434 1287
369 1467 1287
491 1680 1287
555 1728 1287
590 472 1287
597 472 1287
598 472 1287
599 472 1287
623 1615 1287
769 629 1287
782 1544 1287
785 632 1287
794 633 1287
811 565 1287
812 565 1287
813 565 1287
814 565 1287
844 1505 1287
978 555 1287
995 555 1287
1002 1174 1287
1003 1495 1287
1034 1272 1287
1084 758 1287
1116 1226 1287
1122 1297 1287
1125 813 1287
1126 1130 1287
1145 847 1287
1149 855 1287
1151 1092 1287
1172 1047 1287
1177 1018 1287
169 982 1288
171 1313 1288
184 942 1288
187 1334 1288
191 1170 1288
194 1123 1288
204 1360 1288
223 854 1288
230 1215 1288
234 959 1288
252 1295 1288
255 1431 1288
275 1321 1288
282 799 1288
284 1467 1288
285 1468 1288
309 720 1288
309 721 1288
309 722 1288
318 851 1288
325 1519 1288
331 1413 1288
335 649 1288
337 844 1288
343 843 1288
371 630 1288
371 756 1288
371 757 1288
371 1468 1288
416 1541 1288
422 685 1288
486 1581 1288
515 1719 1288
521 534 1288
581 1720 1288
606 1701 1288
623 1615 1288
653 482 1288
745 552 1288
783 1542 1288
829 1654 1288
833 631 1288
860 1620 1288
923 620 1288
957 1559 1288
973 1543 1288
986 555 1288
1002 1496 1288
1015 1370 1288
1035 1275 1288
1044 1353 1288
1047 642 1288
1084 760 1288
1116 1225 1288
1118 1285 1288
1133 825 1288
1133 1334 1288
1155 904 1288
1158 940 1288
1158 945 1288
1176 1018 1288
163 1284 1289
180 951 1289
182 1060 1289
187 1333 1289
191 1170 1289
194 1123 1289
196 1146 1289
205 890 1289
225 853 1289
226 852 1289
227 851 1289
230 1216 1289
232 848 1289
238 1182 1289
251 1294 1289
267 928 1289
275 1320 1289
284 1466 1289
289 1333 1289
327 1521 1289
332 1413 1289
336 648 1289
358 1561 1289
368 631 1289
372 1468 1289
402 1508 1289
416 1539 1289
418 687 1289
421 1638 1289
488 558 1289
512 650 1289
521 1722 1289
524 1724 1289
526 1725 1289
580 1720 1289
608 616 1289
610 615 1289
652 482 1289
673 1590 1289
701 1661 1289
746 553 1289
767 1557 1289
768 630 1289
838 631 1289
839 631 1289
840 631 1289
841 631 1289
845 1502 1289
855 552 1289
954 1467 1289
972 1543 1289
981 555 1289
991 555 1289
998 1227 1289
1001 1181 1289
1001 1380 1289
1002 1496 1289
1015 1370 1289
1039 615 1289
1067 712 1289
1084 762 1289
1097 789 1289
1104 1400 1289
1123 1131 1289
1134 827 1289
1151 1090 1289
1152 902 1289
1153 903 1289
1157 934 1289
1157 951 1289
1162 956 1289
1163 957 1289
1164 958 1289
1175 1018 1289
163 1282 1290
163 1283 1290
173 1314 1290
179 954 1290
187 1332 1290
188 1187 1290
191 1170 1290
194 1122 1290
196 1146 1290
238 1182 1290
275 1319 1290
284 1465 1290
290 1333 1290
333 1413 1290
337 647 1290
381 628 1290
413 688 1290
416 1538 1290
420 1637 1290
484 1580 1290
488 559 1290
513 651 1290
522 541 1290
533 534 1290
539 520 1290
540 519 1290
541 518 1290
542 518 1290
552 1726 1290
594 475 1290
606 618 1290
651 482 1290
700 1661 1290
702 1660 1290
747 554 1290
766 1556 1290
783 1539 1290
786 1662 1290
842 631 1290
845 1501 1290
860 552 1290
863 552 1290
868 619 1290
916 1588 1290
918 1587 1290
968 872 1290
971 1543 1290
992 1013 1290
998 1228 1290
1000 1178 1290
1001 1497 1290
1038 615 1290
1051 1316 1290
1066 712 1290
1105 1399 1290
1121 1131 1290
1122 814 1290
1137 831 1290
1138 832 1290
1139 833 1290
1140 836 1290
1141 838 1290
1150 1090 1290
1152 921 1290
1152 929 1290
1154 931 1290
1155 932 1290
1157 1072 1290
1164 960 1290
1164 961 1290
1164 969 1290
1174 1018 1290
163 1281 1291
166 1239 1291
179 955 1291
183 1197 1291
190 1102 1291
194 1121 1291
196 1146 1291
236 959 1291
238 1182 1291
257 1296 1291
275 1318 1291
282 801 1291
291 1334 1291
297 781 1291
315 1376 1291
318 852 1291
330 1524 1291
333 1412 1291
357 634 1291
363 633 1291
375 1470 1291
382 628 1291
406 1634 1291
416 1537 1291
418 1636 1291
431 1638 1291
432 1638 1291
433 1638 1291
434 1638 1291
435 1638 1291
436 1638 1291
510 550 1291
511 549 1291
513 652 1291
514 548 1291
519 545 1291
528 1725 1291
539 529 1291
557 504 1291
581 1719 1291
591 479 1291
598 475 1291
605 620 1291
650 482 1291
703 1659 1291
748 555 1291
765 1555 1291
788 568 1291
810 1507 1291
845 1500 1291
869 620 1291
907 1592 1291
930 1578 1291
966 557 1291
970 1543 1291
974 556 1291
991 556 1291
998 947 1291
999 1177 1291
1000 557 1291
1001 1497 1291
1043 1438 1291
1057 679 1291
1065 711 1291
1081 765 1291
1081 766 1291
1106 1398 1291
1108 1165 1291
1115 1224 1291
1119 1294 1291
1120 1261 1291
1121 815 1291
1148 955 1291
1150 1089 1291
1159 971 1291
1160 986 1291
1168 1041 1291
1168 1042 1291
1168 1043 1291
1173 1018 1291
166 1239 1292
175 1315 1292
179 956 1292
190 1103 1292
191 1171 1292
227 992 1292
238 1182 1292
248 1158 1292
256 1426 1292
258 1296 1292
292 1334 1292
316 1376 1292
345 1431 1292
356 635 1292
376 1470 1292
397 1628 1292
404 1509 1292
407 1634 1292
416 1536 1292
439 1638 1292
480 562 1292
483 1579 1292
512 653 1292
515 1713 1292
516 653 1292
529 1725 1292
601 475 1292
602 623 1292
611 474 1292
612 474 1292
615 474 1292
648 482 1292
649 482 1292
697 1661 1292
726 614 1292
747 1650 1292
764 1554 1292
766 631 1292
783 1536 1292
785 1661 1292
809 1506 1292
813 637 1292
826 1651 1292
845 1499 1292
855 1619 1292
858 553 1292
870 621 1292
895 556 1292
899 1595 1292
900 1595 1292
903 1594 1292
914 620 1292
920 760 1292
920 761 1292
981 556 1292
998 1176 1292
1000 1380 1292
1050 1316 1292
1056 680 1292
1059 687 1292
1059 688 1292
1059 689 1292
1059 690 1292
1059 691 1292
1061 1422 1292
1064 710 1292
1089 1402 1292
1095 792 1292
1111 1199 1292
1120 816 1292
1130 1322 1292
1131 1324 1292
1131 1325 1292
1131 1326 1292
1131 1328 1292
1131 1329 1292
1131 1330 1292
1149 1089 1292
1166 1051 1292
1166 1052 1292
1172 1018 1292
168 990 1293
168 991 1293
179 957 1293
190 1104 1293
229 1220 1293
238 1013 1293
238 1182 1293
239 1014 1293
256 1424 1293
283 1460 1293
293 1335 1293
316 1375 1293
332 1525 1293
358 1558 1293
408 1633 1293
412 616 1293
416 1535 1293
439 593 1293
479 1658 1293
500 655 1293
511 654 1293
517 654 1293
527 652 1293
530 652 1293
530 1725 1293
533 651 1293
602 476 1293
603 625 1293
605 475 1293
607 475 1293
608 475 1293
609 475 1293
708 1575 1293
746 1649 1293
763 1553 1293
785 1660 1293
796 570 1293
809 1505 1293
824 1652 1293
825 1651 1293
845 1498 1293
870 622 1293
892 1595 1293
910 1486 1293
920 759 1293
943 557 1293
944 557 1293
947 557 1293
948 557 1293
949 557 1293
956 558 1293
962 558 1293
971 1541 1293
998 1185 1293
1056 682 1293
1056 683 1293
1062 709 1293
1096 795 1293
1099 799 1293
1107 1163 1293
1114 1223 1293
1119 817 1293
1129 1321 1293
1130 1327 1293
1149 1088 1293
1156 1072 1293
179 958 1294
208 883 1294
238 1182 1294
294 1335 1294
318 853 1294
355 1448 1294
384 629 1294
416 1534 1294
440 687 1294
479 1657 1294
482 563 1294
482 1578 1294
510 655 1294
515 1711 1294
536 652 1294
581 1718 1294
603 626 1294
614 1696 1294
670 1589 1294
698 1659 1294
744 1648 1294
745 1648 1294
783 1533 1294
784 1659 1294
808 1504 1294
851 1621 1294
852 1620 1294
871 623 1294
929 1577 1294
940 557 1294
941 557 1294
942 557 1294
955 1556 1294
971 1540 1294
972 557 1294
972 1539 1294
980 557 1294
990 979 1294
990 980 1294
997 1186 1294
998 1053 1294
999 1054 1294
1000 1498 1294
1002 559 1294
1032 1280 1294
1036 620 1294
1088 1402 1294
1100 802 1294
1101 803 1294
1111 1202 1294
1113 1222 1294
1113 1251 1294
1118 818 1294
1134 926 1294
1138 924 1294
1142 964 1294
1143 965 1294
1156 982 1294
1169 1017 1294
163 1272 1295
163 1273 1295
163 1274 1295
163 1275 1295
164 1269 1295
169 994 1295
169 995 1295
179 959 1295
238 1182 1295
276 1314 1295
281 1455 1295
290 880 1295
295 1336 1295
309 1490 1295
311 736 1295
317 1374 1295
350 640 1295
371 773 1295
371 774 1295
411 618 1295
414 1633 1295
416 1533 1295
430 687 1295
525 1600 1295
604 627 1295
622 1616 1295
704 1656 1295
766 632 1295
767 632 1295
777 632 1295
784 1531 1295
784 1658 1295
795 571 1295
807 1503 1295
812 639 1295
847 632 1295
849 1621 1295
871 624 1295
890 555 1295
910 1483 1295
929 557 1295
930 557 1295
931 557 1295
932 557 1295
933 557 1295
934 557 1295
936 557 1295
937 557 1295
938 557 1295
939 557 1295
952 1557 1295
973 557 1295
989 981 1295
1036 622 1295
1039 1441 1295
1064 1420 1295
1076 771 1295
1092 794 1295
1104 1158 1295
1110 1203 1295
1110 1204 1295
1111 1220 1295
1117 819 1295
1124 1315 1295
1126 1318 1295
1134 944 1295
1134 945 1295
1134 946 1295
1146 974 1295
1147 975 1295
1148 976 1295
164 1280 1296
238 1182 1296
276 1313 1296
291 880 1296
296 1337 1296
300 1480 1296
312 1493 1296
313 1494 1296
314 1495 1296
317 1497 1296
318 1374 1296
357 1555 1296
370 777 1296
379 1472 1296
394 1625 1296
416 1532 1296
471 1647 1296
525 1597 1296
534 1723 1296
545 653 1296
546 653 1296
547 653 1296
548 653 1296
552 1612 1296
605 628 1296
614 1618 1296
705 1655 1296
760 1549 1296
765 632 1296
768 632 1296
783 1530 1296
784 1529 1296
784 1657 1296
792 571 1296
816 1656 1296
846 1494 1296
861 554 1296
870 1604 1296
871 625 1296
871 1604 1296
872 1603 1296
873 1602 1296
874 1601 1296
879 555 1296
909 1482 1296
928 557 1296
973 1535 1296
995 1050 1296
996 1187 1296
999 1380 1296
1031 1281 1296
1036 624 1296
1038 1442 1296
1067 754 1296
1075 772 1296
1091 795 1296
1106 1189 1296
1106 1190 1296
1109 1205 1296
1109 1206 1296
1111 1248 1296
1111 1249 1296
1116 1290 1296
1124 1316 1296
1137 914 1296
1139 864 1296
1147 1086 1296
1150 980 1296
1152 983 1296
168 1238 1297
171 1001 1297
194 1336 1297
238 1182 1297
243 1396 1297
262 1296 1297
276 1312 1297
297 1337 1297
300 1479 1297
319 1374 1297
336 1410 1297
370 778 1297
379 716 1297
387 630 1297
394 1624 1297
406 1509 1297
416 1531 1297
485 565 1297
501 660 1297
516 1708 1297
517 659 1297
520 658 1297
524 1595 1297
541 654 1297
542 654 1297
543 654 1297
544 654 1297
549 654 1297
552 1607 1297
575 508 1297
606 629 1297
617 1617 1297
647 1601 1297
668 1588 1297
707 1653 1297
759 1548 1297
773 632 1297
783 1656 1297
807 1502 1297
811 640 1297
816 1655 1297
868 554 1297
869 554 1297
870 626 1297
924 558 1297
928 1576 1297
946 1468 1297
948 1558 1297
951 879 1297
976 558 1297
977 907 1297
994 1050 1297
994 1172 1297
998 1381 1297
999 1500 1297
1003 561 1297
1063 750 1297
1064 751 1297
1067 759 1297
1068 760 1297
1090 796 1297
1105 1187 1297
1105 1188 1297
1108 1217 1297
1110 1247 1297
1129 946 1297
1135 913 1297
1146 1086 1297
1150 988 1297
1154 1070 1297
1164 1017 1297
172 1004 1298
178 1315 1298
183 1320 1298
184 1321 1298
192 1172 1298
195 1337 1298
213 1358 1298
240 962 1298
243 1395 1298
285 1458 1298
301 1479 1298
319 1373 1298
351 825 1298
356 1552 1298
369 780 1298
394 1623 1298
416 1530 1298
443 1560 1298
444 1561 1298
445 1562 1298
486 566 1298
498 564 1298
501 661 1298
517 660 1298
523 1593 1298
537 1722 1298
538 655 1298
538 1722 1298
552 654 1298
570 518 1298
571 517 1298
608 629 1298
686 1662 1298
689 516 1298
706 1572 1298
784 1526 1298
814 1499 1298
815 1654 1298
846 1491 1298
864 555 1298
866 555 1298
870 555 1298
870 627 1298
871 555 1298
872 555 1298
885 1592 1298
888 556 1298
908 1479 1298
928 1575 1298
938 705 1298
947 879 1298
947 1558 1298
993 1172 1298
1004 562 1298
1030 1282 1298
1035 1444 1298
1060 750 1298
1084 1402 1298
1086 1401 1298
1100 1154 1298
1103 1178 1298
1104 1184 1298
1104 1185 1298
1104 1186 1298
1106 812 1298
1106 1135 1298
1112 1270 1298
1112 1271 1298
1115 1118 1298
1115 1287 1298
1115 1288 1298
1116 1116 1298
1120 917 1298
1122 827 1298
1122 916 1298
1122 945 1298
1125 915 1298
1125 946 1298
1127 914 1298
1130 1098 1298
1148 991 1298
1153 1070 1298
1162 1018 1298
166 1283 1299
178 1314 1299
192 1111 1299
192 1173 1299
193 1115 1299
196 1338 1299
224 865 1299
225 864 1299
242 961 1299
243 1394 1299
286 1458 1299
301 1478 1299
394 1622 1299
443 1559 1299
451 1637 1299
462 580 1299
478 1576 1299
488 566 1299
489 566 1299
490 566 1299
491 566 1299
492 566 1299
499 565 1299
500 662 1299
517 661 1299
537 656 1299
560 653 1299
562 652 1299
564 651 1299
566 523 1299
609 630 1299
667 1588 1299
685 1662 1299
741 623 1299
807 641 1299
808 641 1299
813 1497 1299
814 1653 1299
841 1622 1299
846 1490 1299
854 1604 1299
865 556 1299
866 556 1299
871 628 1299
876 1594 1299
879 556 1299
883 1592 1299
907 1478 1299
927 1575 1299
937 704 1299
945 1558 1299
977 559 1299
986 1011 1299
988 1043 1299
992 1172 1299
997 1383 1299
1005 563 1299
1067 1416 1299
1087 1400 1299
1099 1158 1299
1102 1172 1299
1102 1173 1299
1107 814 1299
1114 1286 1299
1115 944 1299
1116 944 1299
1127 887 1299
1128 887 1299
1129 887 1299
1129 1098 1299
1130 886 1299
1131 885 1299
1132 884 1299
1134 882 1299
1135 872 1299
1145 1084 1299
1148 995 1299
1151 1071 1299
1160 1019 1299
176 1013 1300
178 1313 1300
184 1200 1300
186 1073 1300
186 1322 1300
191 1107 1300
197 1339 1300
198 1340 1300
199 1341 1300
200 1342 1300
201 1343 1300
202 1344 1300
216 1359 1300
241 1143 1300
243 961 1300
275 1309 1300
276 1441 1300
287 1458 1300
320 1373 1300
337 1409 1300
379 721 1300
383 1607 1300
394 1621 1300
441 1557 1300
501 663 1300
505 566 1300
518 662 1300
537 1721 1300
549 1603 1300
556 1609 1300
557 655 1300
558 655 1300
563 529 1300
564 526 1300
606 1702 1300
607 1701 1300
608 1700 1300
634 483 1300
684 1662 1300
756 1546 1300
786 1520 1300
787 1519 1300
788 1518 1300
813 1496 1300
814 1652 1300
839 1623 1300
863 557 1300
866 1595 1300
872 629 1300
878 1485 1300
878 1592 1300
879 1592 1300
880 1592 1300
886 557 1300
906 1477 1300
921 839 1300
922 840 1300
926 1574 1300
982 990 1300
988 1044 1300
991 1171 1300
993 1188 1300
997 1099 1300
1013 1469 1300
1088 800 1300
1088 1399 1300
1098 1160 1300
1108 947 1300
1113 915 1300
1124 906 1300
1125 907 1300
1126 908 1300
1126 973 1300
1127 909 1300
1129 1097 1300
1147 999 1300
1153 999 1300
1153 1067 1300
178 1312 1301
185 1071 1301
187 1322 1301
191 1106 1301
218 1360 1301
242 1279 1301
244 1393 1301
265 1295 1301
288 1458 1301
302 1339 1301
337 1408 1301
359 1447 1301
386 1611 1301
388 1614 1301
389 1615 1301
390 1616 1301
394 1620 1301
471 579 1301
474 577 1301
501 664 1301
502 568 1301
504 567 1301
517 1703 1301
518 663 1301
569 651 1301
583 494 1301
584 493 1301
585 493 1301
601 1707 1301
602 1706 1301
603 1705 1301
604 1704 1301
605 1703 1301
610 631 1301
682 1662 1301
704 1571 1301
713 532 1301
814 1651 1301
833 1628 1301
837 1624 1301
850 559 1301
851 559 1301
852 559 1301
862 558 1301
880 1480 1301
913 1475 1301
918 741 1301
925 1573 1301
957 1545 1301
974 1530 1301
977 560 1301
1033 631 1301
1054 751 1301
1089 1398 1301
1097 1164 1301
1097 1167 1301
1109 914 1301
1115 829 1301
1118 905 1301
1119 904 1301
1126 977 1301
1128 1097 1301
1132 983 1301
1157 1020 1301
1158 1047 1301
1158 1048 1301
1158 1049 1301
168 1287 1302
169 1239 1302
178 1311 1302
188 923 1302
191 1105 1302
204 1345 1302
221 1362 1302
241 1142 1302
266 1295 1302
302 1476 1302
303 1339 1302
336 659 1302
349 1427 1302
383 1474 1302
395 1620 1302
454 1636 1302
501 665 1302
517 1701 1302
518 664 1302
537 1720 1302
573 651 1302
595 639 1302
596 639 1302
597 639 1302
603 637 1302
606 485 1302
630 482 1302
641 1681 1302
712 531 1302
755 1545 1302
779 569 1302
783 1652 1302
834 1626 1302
835 1625 1302
847 560 1302
861 559 1302
880 1478 1302
945 672 1302
945 1463 1302
974 1529 1302
997 1500 1302
1033 667 1302
1034 662 1302
1034 1444 1302
1049 752 1302
1067 1415 1302
1075 802 1302
1095 1147 1302
1098 938 1302
1099 1196 1302
1103 912 1302
1103 922 1302
1113 901 1302
1125 980 1302
1129 982 1302
1130 983 1302
1154 1021 1302
1155 1061 1302
1156 1057 1302
1156 1058 1302
1156 1059 1302
1157 1046 1302
178 1309 1303
179 969 1303
190 922 1303
191 1104 1303
196 1145 1303
205 1345 1303
212 875 1303
259 1412 1303
304 1339 1303
321 1371 1303
338 1408 1303
339 647 1303
342 1530 1303
396 1620 1303
409 1510 1303
417 1525 1303
459 586 1303
485 1656 1303
518 665 1303
540 1592 1303
541 1593 1303
542 1594 1303
556 657 1303
574 652 1303
579 651 1303
598 1708 1303
599 640 1303
603 488 1303
603 638 1303
604 487 1303
616 482 1303
617 482 1303
618 482 1303
624 1615 1303
641 1681 1303
665 1666 1303
711 530 1303
739 623 1303
784 1651 1303
793 1511 1303
851 1600 1303
853 1598 1303
881 1476 1303
901 1475 1303
945 1462 1303
974 1528 1303
976 561 1303
978 561 1303
1027 612 1303
1052 717 1303
1053 718 1303
1066 1415 1303
1070 800 1303
1082 809 1303
1097 932 1303
1097 933 1303
1099 910 1303
1100 925 1303
1109 895 1303
1109 896 1303
1110 897 1303
1111 898 1303
1111 978 1303
1112 832 1303
1112 833 1303
1112 834 1303
1112 959 1303
1113 979 1303
1114 979 1303
1116 980 1303
1117 980 1303
1118 981 1303
1119 981 1303
1120 981 1303
1121 982 1303
1127 865 1303
1127 866 1303
1127 1096 1303
1152 1024 1303
1152 1034 1303
1152 1065 1303
169 1242 1304
171 1232 1304
179 970 1304
191 1104 1304
193 1119 1304
206 1345 1304
225 1365 1304
230 1368 1304
239 1181 1304
241 1141 1304
247 1392 1304
249 1281 1304
250 1282 1304
305 1340 1304
340 1527 1304
346 1535 1304
347 1536 1304
350 1427 1304
368 788 1304
380 1598 1304
384 1474 1304
388 632 1304
397 1620 1304
417 1524 1304
427 1629 1304
439 691 1304
443 595 1304
486 1656 1304
518 666 1304
518 1699 1304
536 1588 1304
536 1718 1304
592 643 1304
600 641 1304
624 1615 1304
626 482 1304
644 1602 1304
666 1665 1304
679 1660 1304
739 623 1304
753 1544 1304
778 569 1304
784 1650 1304
812 1491 1304
835 1621 1304
838 564 1304
842 639 1304
843 563 1304
846 1484 1304
856 639 1304
894 633 1304
900 1474 1304
920 1572 1304
975 1525 1304
986 1046 1304
1065 1415 1304
1066 798 1304
1090 820 1304
1096 907 1304
1096 1194 1304
1097 822 1304
1106 825 1304
1106 885 1304
1112 845 1304
1121 858 1304
1123 859 1304
1124 859 1304
1125 860 1304
1125 861 1304
1125 862 1304
1126 1095 1304
1141 1080 1304
1146 1011 1304
1147 1012 1304
1148 1013 1304
1151 1065 1304
171 1232 1305
179 972 1305
191 1102 1305
191 1103 1305
193 1120 1305
248 1392 1305
252 1283 1305
306 1340 1305
323 693 1305
380 1597 1305
398 1620 1305
411 1511 1305
417 1523 1305
426 1628 1305
429 1629 1305
445 595 1305
448 691 1305
449 691 1305
450 691 1305
451 691 1305
455 1635 1305
456 690 1305
483 578 1305
487 1656 1305
532 1584 1305
575 1718 1305
597 643 1305
640 1682 1305
667 1664 1305
702 1568 1305
738 623 1305
779 570 1305
784 1649 1305
814 1646 1305
815 1645 1305
855 640 1305
884 1473 1305
899 1473 1305
985 1045 1305
996 1500 1305
1041 748 1305
1052 770 1305
1053 771 1305
1059 778 1305
1060 779 1305
1061 780 1305
1062 781 1305
1063 782 1305
1064 1415 1305
1097 893 1305
1102 1223 1305
1105 826 1305
1109 870 1305
1140 1080 1305
1144 1012 1305
1150 1065 1305
187 952 1306
191 1101 1306
193 1120 1306
207 1344 1306
241 1140 1306
250 1392 1306
255 955 1306
261 1410 1306
269 1294 1306
290 1453 1306
306 1340 1306
339 1525 1306
370 1567 1306
383 633 1306
391 632 1306
411 1511 1306
417 1522 1306
422 621 1306
425 1627 1306
457 690 1306
484 579 1306
487 1655 1306
520 1698 1306
521 1581 1306
528 1582 1306
529 1582 1306
530 1582 1306
624 629 1306
632 628 1306
633 628 1306
634 628 1306
636 627 1306
639 1682 1306
668 1663 1306
738 623 1306
780 571 1306
785 1648 1306
838 566 1306
884 1472 1306
897 1472 1306
898 1472 1306
976 992 1306
989 563 1306
990 563 1306
991 563 1306
992 563 1306
994 1101 1306
1030 1449 1306
1033 687 1306
1038 749 1306
1063 1415 1306
1089 1179 1306
1091 1395 1306
1100 876 1306
1102 1226 1306
1102 1227 1306
1104 827 1306
1106 875 1306
1106 876 1306
1139 1079 1306
1143 1015 1306
193 1120 1307
255 1284 1307
261 825 1307
262 1409 1307
324 693 1307
339 1524 1307
364 1448 1307
383 738 1307
383 739 1307
383 740 1307
396 632 1307
417 1521 1307
424 1626 1307
486 580 1307
487 1654 1307
516 1577 1307
518 1578 1307
531 1581 1307
536 1716 1307
643 1602 1307
669 1662 1307
700 1567 1307
737 623 1307
785 1647 1307
793 1505 1307
815 1643 1307
838 567 1307
850 643 1307
885 1471 1307
896 1471 1307
953 1447 1307
954 562 1307
954 1446 1307
976 991 1307
985 1249 1307
988 1507 1307
993 1101 1307
995 1501 1307
1012 1469 1307
1025 612 1307
1027 640 1307
1029 1450 1307
1033 690 1307
1034 691 1307
1035 750 1307
1035 1440 1307
1036 751 1307
1036 752 1307
1036 753 1307
1089 909 1307
1090 1186 1307
1097 873 1307
1106 848 1307
1120 1095 1307
1125 1091 1307
1136 1010 1307
1138 1078 1307
1148 1064 1307
241 1139 1308
258 958 1308
259 1286 1308
269 1293 1308
273 1429 1308
280 810 1308
286 895 1308
304 1474 1308
307 1341 1308
356 640 1308
375 1579 1308
376 634 1308
380 1591 1308
383 750 1308
401 631 1308
414 697 1308
417 1520 1308
487 581 1308
509 668 1308
516 669 1308
532 1580 1308
533 1580 1308
557 661 1308
560 661 1308
622 484 1308
671 1660 1308
746 623 1308
785 1646 1308
793 1504 1308
799 1643 1308
814 1642 1308
845 1596 1308
849 644 1308
886 1470 1308
895 1470 1308
909 820 1308
922 563 1308
956 563 1308
968 1421 1308
970 564 1308
979 1009 1308
985 1166 1308
1026 641 1308
1033 740 1308
1034 694 1308
1034 695 1308
1034 713 1308
1045 771 1308
1087 909 1308
1095 869 1308
1098 1217 1308
1101 868 1308
1102 833 1308
1102 867 1308
1105 850 1308
1105 1120 1308
1125 1004 1308
1126 1005 1308
1127 1006 1308
1128 1007 1308
1131 1009 1308
1132 1010 1308
1139 1019 1308
175 1295 1309
195 1146 1309
195 1325 1309
210 1343 1309
259 959 1309
262 1288 1309
280 810 1309
288 894 1309
304 1473 1309
307 1341 1309
325 694 1309
341 1407 1309
364 638 1309
368 637 1309
371 636 1309
372 636 1309
383 751 1309
383 752 1309
383 753 1309
383 754 1309
387 1474 1309
414 1513 1309
417 1519 1309
418 697 1309
443 694 1309
476 1571 1309
488 582 1309
493 582 1309
494 582 1309
495 582 1309
511 1574 1309
534 1579 1309
556 662 1309
680 1653 1309
766 567 1309
792 1504 1309
893 1578 1309
897 1578 1309
898 1578 1309
899 1578 1309
900 1578 1309
901 1578 1309
904 1577 1309
906 1576 1309
907 1575 1309
908 1574 1309
937 562 1309
938 562 1309
938 882 1309
978 1009 1309
984 1165 1309
987 1508 1309
995 1500 1309
1025 642 1309
1025 762 1309
1027 1451 1309
1028 739 1309
1033 711 1309
1033 762 1309
1036 1437 1309
1037 707 1309
1055 798 1309
1086 1145 1309
1094 1393 1309
1100 1230 1309
1100 1231 1309
1103 852 1309
1124 1088 1309
1137 1021 1309
1145 1063 1309
186 1057 1310
195 1146 1310
195 1324 1310
260 960 1310
270 1293 1310
273 1427 1310
279 1302 1310
307 1341 1310
332 1502 1310
352 1425 1310
383 758 1310
383 759 1310
415 1514 1310
417 1518 1310
456 596 1310
489 583 1310
491 583 1310
497 583 1310
505 1668 1310
508 1573 1310
514 670 1310
523 1694 1310
535 1578 1310
536 1714 1310
566 663 1310
570 661 1310
686 1649 1310
698 1566 1310
778 1517 1310
785 1643 1310
792 1503 1310
833 1614 1310
835 571 1310
887 1577 1310
888 1577 1310
889 1577 1310
890 1577 1310
891 1577 1310
931 1560 1310
948 1449 1310
966 565 1310
967 1419 1310
977 1009 1310
979 1184 1310
983 1164 1310
987 947 1310
987 1508 1310
991 1102 1310
1005 1480 1310
1022 608 1310
1024 645 1310
1025 737 1310
1030 766 1310
1037 770 1310
1038 770 1310
1081 883 1310
1094 993 1310
1096 994 1310
1099 1232 1310
1100 855 1310
1100 856 1310
1100 857 1310
1100 858 1310
1100 859 1310
1123 1087 1310
1132 1020 1310
1135 1021 1310
1142 1062 1310
168 1249 1311
176 1296 1311
186 1056 1311
186 1199 1311
195 1146 1311
213 1343 1311
230 1237 1311
261 961 1311
272 1294 1311
279 1301 1311
307 1341 1311
388 1474 1311
436 696 1311
480 1644 1311
490 584 1311
498 584 1311
505 1572 1311
506 1572 1311
507 583 1311
536 1577 1311
566 664 1311
601 1702 1311
614 491 1311
615 490 1311
618 488 1311
698 1565 1311
714 607 1311
762 566 1311
779 573 1311
792 1502 1311
798 1641 1311
811 1638 1311
812 1637 1311
838 1468 1311
839 1468 1311
840 1468 1311
841 1468 1311
855 646 1311
868 1579 1311
869 1579 1311
870 1579 1311
871 1579 1311
872 1579 1311
873 1579 1311
874 1579 1311
876 1578 1311
902 563 1311
925 875 1311
947 562 1311
976 1010 1311
982 1163 1311
986 947 1311
990 1102 1311
1005 1480 1311
1021 607 1311
1023 646 1311
1023 647 1311
1024 733 1311
1024 734 1311
1025 1452 1311
1027 769 1311
1034 785 1311
1048 800 1311
1077 824 1311
1079 1159 1311
1079 1160 1311
1079 1161 1311
1079 1162 1311
1080 904 1311
1080 905 1311
1080 1171 1311
1081 911 1311
1081 968 1311
1081 981 1311
1081 1174 1311
1082 983 1311
1084 986 1311
1085 987 1311
1086 963 1311
1091 844 1311
1097 844 1311
1098 845 1311
1099 846 1311
1099 847 1311
1099 848 1311
1101 999 1311
1109 1005 1311
177 1297 1312
186 1055 1312
195 1146 1312
196 1324 1312
242 1139 1312
246 1065 1312
274 1295 1312
279 1300 1312
328 695 1312
351 1419 1312
370 1564 1312
380 764 1312
429 698 1312
435 697 1312
458 597 1312
489 585 1312
499 585 1312
506 1668 1312
508 584 1312
566 550 1312
567 548 1312
568 545 1312
569 543 1312
570 541 1312
571 540 1312
572 539 1312
573 662 1312
612 495 1312
614 642 1312
661 1585 1312
662 492 1312
703 519 1312
798 1640 1312
806 582 1312
813 1634 1312
816 581 1312
833 1609 1312
856 647 1312
866 1578 1312
901 563 1312
916 725 1312
923 1460 1312
931 1558 1312
946 562 1312
967 1416 1312
972 1249 1312
975 1010 1312
980 928 1312
994 1500 1312
1013 741 1312
1019 605 1312
1019 664 1312
1021 1289 1312
1022 648 1312
1022 649 1312
1022 650 1312
1022 651 1312
1022 652 1312
1033 1438 1312
1056 1415 1312
1076 896 1312
1078 880 1312
1079 913 1312
1095 1217 1312
1105 1003 1312
1105 1278 1312
1105 1279 1312
1107 1006 1312
1121 1084 1312
169 1250 1313
186 956 1313
186 1054 1313
187 1196 1313
195 1146 1313
197 1324 1313
217 885 1313
242 1139 1313
247 1065 1313
287 1440 1313
328 1368 1313
350 1416 1313
363 1554 1313
368 1449 1313
402 1615 1313
423 699 1313
430 699 1313
434 698 1313
435 1626 1313
499 586 1313
502 1571 1313
507 1668 1313
538 1576 1313
610 499 1313
610 648 1313
624 489 1313
627 489 1313
628 489 1313
629 489 1313
630 489 1313
631 489 1313
632 489 1313
633 489 1313
634 489 1313
636 489 1313
639 1603 1313
647 489 1313
648 489 1313
659 492 1313
660 1585 1313
664 493 1313
695 593 1313
701 517 1313
702 518 1313
764 1637 1313
792 1500 1313
797 1639 1313
833 1607 1313
845 648 1313
848 1584 1313
854 1459 1313
855 1459 1313
856 648 1313
856 1459 1313
898 563 1313
899 563 1313
900 563 1313
915 724 1313
924 1458 1313
931 1557 1313
936 563 1313
936 697 1313
945 562 1313
950 1541 1313
968 1413 1313
973 1248 1313
977 1042 1313
986 1508 1313
989 1103 1313
1017 675 1313
1018 699 1313
1020 1289 1313
1026 781 1313
1027 782 1313
1028 783 1313
1068 820 1313
1077 946 1313
1084 1187 1313
1086 1195 1313
1086 1196 1313
1087 1203 1313
1094 1392 1313
1104 1010 1313
1132 1073 1313
1141 1053 1313
175 1226 1314
179 1298 1314
186 957 1314
195 1146 1314
197 1323 1314
251 983 1314
263 965 1314
307 1473 1314
329 1368 1314
338 686 1314
364 1555 1314
369 1450 1314
390 1475 1314
433 699 1314
433 1625 1314
439 614 1314
484 1644 1314
500 587 1314
508 1668 1314
536 1711 1314
563 668 1314
586 524 1314
646 1673 1314
654 492 1314
667 495 1314
696 1564 1314
700 516 1314
727 545 1314
728 546 1314
728 1640 1314
734 622 1314
765 1637 1314
775 1514 1314
777 573 1314
792 1499 1314
797 1638 1314
814 1630 1314
844 649 1314
852 1459 1314
855 649 1314
856 568 1314
866 566 1314
889 1462 1314
891 563 1314
892 563 1314
913 724 1314
932 1556 1314
969 1410 1314
971 1406 1314
972 1405 1314
976 1043 1314
984 1071 1314
1012 1465 1314
1016 697 1314
1019 1290 1314
1020 1455 1314
1021 782 1314
1022 782 1314
1023 783 1314
1044 804 1314
1064 819 1314
1065 820 1314
1074 944 1314
1080 999 1314
1082 1139 1314
1085 1191 1314
1085 1192 1314
1086 1204 1314
1087 850 1314
1092 1366 1314
1094 1391 1314
1096 1261 1314
1104 1014 1314
1129 1073 1314
1137 1046 1314
174 995 1315
178 1012 1315
180 1298 1315
188 1193 1315
195 1146 1315
271 1418 1315
330 1368 1315
355 1430 1315
369 1450 1315
402 1614 1315
432 700 1315
432 1624 1315
475 1567 1315
499 1570 1315
509 1668 1315
524 674 1315
524 1682 1315
525 1684 1315
532 575 1315
543 1575 1315
562 669 1315
592 1710 1315
644 1674 1315
659 1586 1315
697 514 1315
698 515 1315
723 544 1315
731 1638 1315
776 573 1315
796 1637 1315
813 1628 1315
817 1621 1315
832 579 1315
844 650 1315
876 565 1315
881 564 1315
912 723 1315
933 564 1315
943 563 1315
948 1542 1315
972 1404 1315
973 566 1315
974 566 1315
976 1160 1315
981 1069 1315
982 947 1315
985 1508 1315
1004 1481 1315
1013 1463 1315
1014 696 1315
1018 1291 1315
1021 622 1315
1053 1415 1315
1057 819 1315
1058 819 1315
1059 819 1315
1060 820 1315
1074 922 1315
1083 852 1315
1092 1011 1315
1093 1012 1315
1096 1263 1315
1100 1109 1315
1105 1017 1315
1121 1025 1315
1127 1072 1315
1135 1043 1315
1135 1044 1315
187 1199 1316
195 1146 1316
207 910 1316
208 908 1316
257 980 1316
271 1413 1316
289 911 1316
344 1522 1316
369 1450 1316
414 632 1316
431 701 1316
431 1623 1316
439 1626 1316
463 1634 1316
484 590 1316
510 1667 1316
533 576 1316
544 1575 1316
562 670 1316
579 664 1316
592 1710 1316
658 1587 1316
670 497 1316
721 1642 1316
767 1636 1316
803 583 1316
812 583 1316
844 651 1316
849 1460 1316
858 650 1316
885 564 1316
888 564 1316
894 1460 1316
940 564 1316
976 1159 1316
979 1068 1316
993 1500 1316
1002 750 1316
1002 751 1316
1004 769 1316
1004 1481 1316
1015 1460 1316
1017 1291 1316
1024 798 1316
1025 798 1316
1026 799 1316
1029 801 1316
1030 802 1316
1042 807 1316
1042 808 1316
1072 923 1316
1080 854 1316
1093 1391 1316
1099 1107 1316
1121 1028 1316
1124 1070 1316
1133 1040 1316
176 1226 1317
187 1200 1317
189 1190 1317
195 1146 1317
203 921 1317
210 905 1317
220 882 1317
247 1373 1317
282 1298 1317
331 1367 1317
356 1431 1317
369 1450 1317
418 630 1317
422 627 1317
430 1622 1317
464 1634 1317
483 591 1317
486 1643 1317
494 1569 1317
495 1569 1317
536 1709 1317
538 576 1317
539 576 1317
540 576 1317
541 576 1317
544 576 1317
546 1576 1317
552 672 1317
553 672 1317
561 671 1317
580 665 1317
671 498 1317
675 499 1317
696 1563 1317
735 1530 1317
795 1634 1317
809 1627 1317
854 651 1317
860 650 1317
886 1458 1317
950 904 1317
978 1067 1317
985 1102 1317
1002 771 1317
1016 1292 1317
1073 957 1317
1077 856 1317
1092 1243 1317
1092 1246 1317
1092 1247 1317
1092 1391 1317
1104 1022 1317
1112 1088 1317
1122 1068 1317
1130 1038 1317
205 919 1318
221 882 1318
242 1185 1318
247 1372 1318
283 1298 1318
321 758 1318
325 708 1318
332 1367 1318
345 1522 1318
366 1549 1318
370 1451 1318
430 702 1318
441 1625 1318
450 611 1318
466 1634 1318
471 593 1318
472 593 1318
473 593 1318
474 593 1318
475 593 1318
476 1565 1318
536 1708 1318
545 577 1318
546 577 1318
551 673 1318
560 672 1318
585 665 1318
590 663 1318
612 663 1318
613 663 1318
614 663 1318
615 663 1318
615 1692 1318
616 663 1318
617 663 1318
676 500 1318
682 505 1318
720 1642 1318
737 552 1318
772 1512 1318
794 1632 1318
796 646 1318
801 1627 1318
817 583 1318
818 1615 1318
862 650 1318
863 649 1318
910 721 1318
928 1448 1318
930 566 1318
936 673 1318
945 1544 1318
970 1010 1318
973 1401 1318
977 1065 1318
984 1102 1318
998 755 1318
1005 792 1318
1006 795 1318
1020 806 1318
1049 1416 1318
1057 834 1318
1061 1409 1318
1072 1008 1318
1073 1142 1318
1075 858 1318
1079 1017 1318
1091 1391 1318
1099 1102 1318
1105 1024 1318
1120 1066 1318
1121 1033 1318
1127 1038 1318
179 1289 1319
188 962 1319
189 1066 1319
189 1067 1319
189 1068 1319
190 1187 1319
195 1146 1319
200 1322 1319
242 1187 1319
294 916 1319
326 709 1319
370 1451 1319
376 1568 1319
463 602 1319
465 599 1319
466 598 1319
467 597 1319
468 596 1319
468 1634 1319
469 595 1319
470 594 1319
476 594 1319
478 594 1319
486 680 1319
536 1707 1319
550 674 1319
557 576 1319
559 673 1319
572 1714 1319
584 666 1319
592 1709 1319
616 1691 1319
620 662 1319
680 503 1319
681 504 1319
695 1563 1319
739 553 1319
791 645 1319
794 1630 1319
814 646 1319
817 1614 1319
836 651 1319
884 1455 1319
907 1558 1319
910 720 1319
921 1550 1319
929 1446 1319
956 912 1319
976 1065 1319
992 1499 1319
1003 1481 1319
1015 808 1319
1019 625 1319
1065 849 1319
1066 851 1319
1068 857 1319
1070 1158 1319
1072 1137 1319
1072 1138 1319
1072 1139 1319
1079 1119 1319
1098 1096 1319
1098 1097 1319
1098 1098 1319
1098 1099 1319
1100 1091 1319
1101 1090 1319
1101 1293 1319
1102 1089 1319
1106 1033 1319
1111 1076 1319
1113 1075 1319
1120 1035 1319
1120 1058 1319
1120 1059 1319
1121 1056 1319
1121 1057 1319
1122 1036 1319
1125 1037 1319
179 1292 1320
180 1293 1320
193 1119 1320
195 1146 1320
201 1323 1320
225 1345 1320
239 1103 1320
274 976 1320
277 815 1320
285 1299 1320
295 919 1320
317 885 1320
333 1366 1320
371 1452 1320
377 1569 1320
390 1596 1320
391 1598 1320
392 1600 1320
393 1601 1320
394 1602 1320
395 1603 1320
396 1604 1320
397 1605 1320
430 703 1320
430 1541 1320
441 1624 1320
460 608 1320
502 592 1320
509 591 1320
514 590 1320
536 1706 1320
545 581 1320
557 1581 1320
558 577 1320
558 674 1320
559 1582 1320
561 1583 1320
563 1584 1320
571 1714 1320
583 667 1320
593 1708 1320
617 1690 1320
621 661 1320
740 554 1320
752 562 1320
784 643 1320
786 644 1320
790 1494 1320
816 1613 1320
903 1452 1320
910 719 1320
934 672 1320
942 910 1320
942 1544 1320
971 1034 1320
974 1155 1320
975 1064 1320
1016 610 1320
1031 812 1320
1066 888 1320
1078 1118 1320
1114 1038 1320
1115 1038 1320
1116 1038 1320
1117 1038 1320
1118 1037 1320
189 964 1321
189 1071 1321
193 1119 1321
202 1323 1321
238 1357 1321
244 1038 1321
296 920 1321
318 886 1321
318 887 1321
320 1487 1321
322 1489 1321
372 1453 1321
388 1592 1321
401 1609 1321
477 1564 1321
487 683 1321
492 593 1321
507 592 1321
514 682 1321
515 682 1321
518 682 1321
520 590 1321
522 680 1321
537 1705 1321
557 675 1321
564 1584 1321
594 531 1321
718 1641 1321
752 562 1321
775 1633 1321
815 1612 1321
882 1452 1321
885 639 1321
903 751 1321
905 1449 1321
932 696 1321
933 671 1321
933 1442 1321
973 1154 1321
974 1063 1321
998 735 1321
1013 1294 1321
1018 627 1321
1021 814 1321
1029 814 1321
1065 888 1321
1081 1025 1321
1081 1026 1321
1081 1027 1321
1081 1028 1321
1086 1035 1321
1093 1035 1321
1093 1087 1321
1103 1302 1321
178 1226 1322
187 1300 1322
189 968 1322
189 1075 1322
189 1076 1322
193 1119 1322
195 1146 1322
203 1323 1322
245 1035 1322
261 840 1322
287 1300 1322
297 922 1322
312 1474 1322
317 1484 1322
318 1485 1322
325 1491 1322
327 728 1322
346 1521 1322
372 1453 1322
379 1572 1322
382 815 1322
383 815 1322
384 815 1322
385 815 1322
386 815 1322
387 1590 1322
418 1514 1322
469 1633 1322
505 593 1322
519 683 1322
521 591 1322
537 1704 1322
546 677 1322
565 1584 1322
595 1706 1322
618 1689 1322
752 562 1322
818 586 1322
843 654 1322
903 748 1322
907 1447 1322
935 1440 1322
968 1005 1322
972 1154 1322
973 1399 1322
1015 611 1322
1017 628 1322
1017 629 1322
1024 816 1322
1025 816 1322
1058 964 1322
1063 927 1322
1064 888 1322
1096 1039 1322
1102 1066 1322
174 1252 1323
188 1300 1323
189 1033 1323
189 1077 1323
189 1078 1323
190 1082 1323
193 1118 1323
204 1323 1323
240 1104 1323
240 1358 1323
249 1370 1323
264 1386 1323
289 1301 1323
308 787 1323
327 725 1323
336 1365 1323
347 1521 1323
351 1403 1323
382 1577 1323
409 1611 1323
411 1612 1323
413 1613 1323
418 1513 1323
504 594 1323
519 684 1323
537 1703 1323
564 1714 1323
565 1715 1323
566 1584 1323
566 1715 1323
582 556 1323
595 1706 1323
656 1588 1323
694 1562 1323
728 620 1323
777 640 1323
785 1624 1323
788 1491 1323
812 1612 1323
878 803 1323
903 746 1323
908 1445 1323
936 1438 1323
967 1008 1323
972 1153 1323
993 776 1323
1002 1481 1323
1016 630 1323
1026 819 1323
1043 839 1323
1057 1002 1323
1062 927 1323
1063 887 1323
1076 1114 1323
1089 1080 1323
1090 1078 1323
1097 1061 1323
191 1085 1324
192 1182 1324
193 1118 1324
194 1140 1324
195 1147 1324
241 1358 1324
264 1385 1324
299 925 1324
337 1365 1324
419 1616 1324
447 703 1324
466 612 1324
490 687 1324
502 595 1324
503 595 1324
507 1651 1324
508 684 1324
518 685 1324
522 593 1324
537 1702 1324
567 1584 1324
568 1714 1324
583 556 1324
584 555 1324
666 1652 1324
716 1639 1324
754 563 1324
755 1631 1324
776 640 1324
790 1621 1324
853 655 1324
879 570 1324
880 1448 1324
900 860 1324
938 1542 1324
973 1398 1324
992 777 1324
1006 719 1324
1060 1407 1324
1062 886 1324
1063 913 1324
1080 1043 1324
1081 1045 1324
1081 1087 1324
1082 1046 1324
1083 1047 1324
1084 1048 1324
1085 1049 1324
1086 1050 1324
1088 1053 1324
1089 1054 1324
1092 1068 1324
1092 1069 1324
1092 1070 1324
1092 1071 1324
1092 1072 1324
1093 1057 1324
175 1254 1325
179 1225 1325
179 1228 1325
193 1117 1325
195 1147 1325
206 1322 1325
235 859 1325
274 1403 1325
291 1302 1325
300 926 1325
320 770 1325
338 1365 1325
418 1512 1325
422 1616 1325
430 705 1325
431 705 1325
441 704 1325
442 704 1325
443 704 1325
444 704 1325
445 704 1325
467 613 1325
474 691 1325
501 596 1325
517 686 1325
537 1701 1325
567 578 1325
693 1562 1325
717 1638 1325
756 1630 1325
826 1590 1325
846 656 1325
847 656 1325
848 656 1325
880 1447 1325
910 1440 1325
945 954 1325
946 955 1325
947 956 1325
948 956 1325
958 1529 1325
960 1528 1325
963 1526 1325
964 1525 1325
965 1013 1325
965 1524 1325
966 1523 1325
967 1522 1325
968 1038 1325
971 1152 1325
974 1104 1325
983 1506 1325
989 752 1325
1024 1330 1325
1026 830 1325
1035 836 1325
1055 1006 1325
1056 863 1325
1059 929 1325
1059 1172 1325
1060 1167 1325
1062 912 1325
1074 1111 1325
1077 1208 1325
1089 1063 1325
193 1116 1326
193 1132 1326
193 1133 1326
193 1134 1326
193 1135 1326
316 902 1326
317 901 1326
318 900 1326
319 898 1326
319 899 1326
338 1364 1326
340 1505 1326
382 1575 1326
482 600 1326
492 688 1326
498 598 1326
508 1650 1326
516 687 1326
538 1700 1326
631 496 1326
716 1638 1326
757 1629 1326
774 575 1326
786 1490 1326
807 1613 1326
825 1590 1326
855 656 1326
863 1566 1326
880 1446 1326
886 569 1326
887 569 1326
911 1438 1326
932 917 1326
933 918 1326
944 951 1326
955 1530 1326
957 946 1326
995 807 1326
1007 673 1326
1009 1298 1326
1010 1300 1326
1014 636 1326
1023 1328 1326
1028 835 1326
1054 1012 1326
1058 1019 1326
1073 1109 1326
1074 1206 1326
1075 1207 1326
1076 1208 1326
1086 1060 1326
1101 1312 1326
180 1229 1327
190 1071 1327
274 1400 1327
318 905 1327
339 1364 1327
349 1520 1327
396 1479 1327
480 601 1327
481 601 1327
489 600 1327
490 600 1327
513 688 1327
514 688 1327
515 688 1327
538 1699 1327
569 1713 1327
574 577 1327
632 497 1327
643 637 1327
644 636 1327
655 1588 1327
661 1656 1327
693 1561 1327
758 1628 1327
767 1625 1327
773 639 1327
794 1616 1327
798 1614 1327
802 1613 1327
825 1589 1327
861 1565 1327
862 1565 1327
867 1562 1327
876 572 1327
880 1445 1327
895 569 1327
896 569 1327
897 569 1327
898 569 1327
899 569 1327
900 569 1327
912 1436 1327
913 878 1327
941 948 1327
953 944 1327
954 1529 1327
967 1053 1327
982 1505 1327
987 756 1327
992 1494 1327
1001 1288 1327
1006 672 1327
1012 1454 1327
1013 1307 1327
1015 1310 1327
1016 1312 1327
1018 1315 1327
1019 1317 1327
1031 839 1327
1058 883 1327
1059 909 1327
1059 1406 1327
1072 1102 1327
1084 1062 1327
190 1041 1328
194 1114 1328
264 1008 1328
280 975 1328
295 1304 1328
302 930 1328
303 930 1328
315 1474 1328
319 907 1328
350 1520 1328
355 1401 1328
435 706 1328
494 689 1328
513 598 1328
518 597 1328
538 1697 1328
541 593 1328
548 591 1328
564 682 1328
565 682 1328
566 682 1328
569 682 1328
570 682 1328
571 682 1328
572 682 1328
581 674 1328
598 1703 1328
620 1686 1328
631 498 1328
653 631 1328
715 1637 1328
725 618 1328
759 1627 1328
770 638 1328
795 1613 1328
824 1588 1328
838 1573 1328
857 657 1328
890 570 1328
891 570 1328
892 570 1328
893 570 1328
894 570 1328
904 1550 1328
912 570 1328
913 1434 1328
920 893 1328
928 669 1328
938 947 1328
992 1493 1328
994 1277 1328
996 1280 1328
997 1282 1328
999 1286 1328
1002 1290 1328
1012 615 1328
1053 981 1328
1054 933 1328
1056 882 1328
1059 1405 1328
1060 1155 1328
1069 1204 1328
1070 1098 1328
1070 1099 1328
1071 1106 1328
177 1258 1329
190 1041 1329
229 1343 1329
241 1128 1329
261 1012 1329
281 975 1329
304 931 1329
319 909 1329
320 908 1329
351 1520 1329
469 1559 1329
528 596 1329
531 595 1329
532 595 1329
533 595 1329
534 595 1329
539 1696 1329
558 589 1329
604 523 1329
631 499 1329
631 652 1329
660 620 1329
754 564 1329
823 1587 1329
870 1558 1329
873 574 1329
884 777 1329
903 570 1329
914 1432 1329
919 570 1329
922 570 1329
937 570 1329
942 571 1329
952 1527 1329
962 1017 1329
965 571 1329
965 1038 1329
966 1051 1329
968 572 1329
981 1504 1329
985 763 1329
992 1274 1329
1005 592 1329
1011 616 1329
1011 1454 1329
1012 639 1329
1025 840 1329
1069 1083 1329
1080 1066 1329
1085 1225 1329
1092 1266 1329
1108 1335 1329
182 1231 1330
211 1321 1330
247 1360 1330
248 852 1330
260 1015 1330
298 1305 1330
302 1452 1330
304 932 1330
317 1476 1330
321 910 1330
330 1492 1330
356 1400 1330
434 707 1330
507 690 1330
563 588 1330
572 1711 1330
605 522 1330
631 500 1330
657 630 1330
714 1636 1330
760 1625 1330
769 1493 1330
792 1610 1330
859 1562 1330
862 778 1330
863 778 1330
864 778 1330
865 778 1330
866 778 1330
867 778 1330
868 778 1330
869 778 1330
870 778 1330
870 1557 1330
962 571 1330
963 571 1330
989 1268 1330
1010 616 1330
1011 640 1330
1050 867 1330
1055 906 1330
1059 1152 1330
1059 1153 1330
1067 1085 1330
1078 1067 1330
1108 1336 1330
1108 1337 1330
181 1223 1331
193 1181 1331
249 1216 1331
249 1362 1331
254 849 1331
257 1021 1331
282 816 1331
303 1453 1331
313 922 1331
318 1476 1331
321 774 1331
322 911 1331
398 1480 1331
506 691 1331
513 1651 1331
519 1539 1331
520 1538 1331
521 1538 1331
522 1538 1331
523 1538 1331
539 1693 1331
600 1701 1331
631 501 1331
657 1660 1331
659 628 1331
692 1560 1331
760 1624 1331
766 1620 1331
837 1571 1331
846 586 1331
847 586 1331
848 586 1331
862 583 1331
934 1539 1331
951 572 1331
951 1525 1331
955 572 1331
956 572 1331
957 572 1331
973 1393 1331
982 787 1331
991 1491 1331
999 1479 1331
1009 643 1331
1010 641 1331
1016 839 1331
1027 845 1331
1048 866 1331
1052 882 1331
1053 926 1331
1054 906 1331
1058 1404 1331
1060 1198 1331
1065 1087 1331
1065 1088 1331
1065 1092 1331
1068 1076 1331
1072 1070 1331
1073 1069 1331
1100 1315 1331
1107 1339 1331
194 1126 1332
255 849 1332
255 1026 1332
271 1003 1332
301 1305 1332
304 1454 1332
315 932 1332
319 1476 1332
386 1576 1332
422 1612 1332
433 708 1332
514 1651 1332
518 1539 1332
531 1673 1332
532 1533 1332
533 1533 1332
534 1532 1332
534 1679 1332
535 1532 1332
536 1532 1332
537 1532 1332
571 587 1332
591 566 1332
593 563 1332
622 1684 1332
629 503 1332
651 504 1332
656 1661 1332
690 1638 1332
691 1560 1332
714 1635 1332
759 1623 1332
783 1610 1332
858 1560 1332
893 838 1332
900 1549 1332
919 1427 1332
973 1392 1332
983 791 1332
984 792 1332
984 793 1332
984 794 1332
984 795 1332
991 1490 1332
1003 593 1332
1011 839 1332
1041 860 1332
1042 861 1332
1043 862 1332
1044 863 1332
1052 926 1332
1053 906 1332
1053 1173 1332
1058 1197 1332
1079 1232 1332
1106 1340 1332
182 1222 1333
189 1006 1333
194 1126 1333
221 892 1333
249 1360 1333
281 817 1333
290 1422 1333
292 1428 1333
302 1305 1333
325 911 1333
333 861 1333
399 1480 1333
421 1611 1333
434 1533 1333
485 1634 1333
515 1651 1333
531 1671 1333
572 1710 1333
597 559 1333
598 547 1333
601 1699 1333
627 506 1333
636 504 1333
659 505 1333
681 510 1333
740 1527 1333
758 1622 1333
778 578 1333
857 1559 1333
864 658 1333
867 1555 1333
876 1436 1333
898 1549 1333
920 1426 1333
933 1538 1333
974 576 1333
980 754 1333
981 746 1333
981 747 1333
983 796 1333
995 1367 1333
1003 594 1333
1010 1453 1333
1029 850 1333
1033 851 1333
1041 1000 1333
1051 1174 1333
1052 906 1333
1053 1033 1333
1055 1039 1333
1055 1040 1333
1055 1041 1333
1066 1210 1333
1091 1280 1333
1099 1317 1333
1104 1342 1333
1105 1341 1333
193 1297 1334
194 1126 1334
195 1149 1334
216 911 1334
221 894 1334
249 1359 1334
250 1219 1334
252 1195 1334
295 1434 1334
326 910 1334
339 699 1334
420 1509 1334
420 1610 1334
442 1619 1334
463 1555 1334
484 1633 1334
516 1651 1334
530 1667 1334
539 1685 1334
542 1689 1334
577 588 1334
577 1490 1334
603 672 1334
610 513 1334
626 508 1334
642 504 1334
643 504 1334
644 504 1334
657 505 1334
658 505 1334
680 509 1334
690 1560 1334
713 1634 1334
724 1625 1334
758 1621 1334
767 1616 1334
836 1568 1334
848 1445 1334
856 662 1334
866 1554 1334
874 1433 1334
890 738 1334
892 1549 1334
895 1548 1334
921 1425 1334
961 1039 1334
965 1151 1334
971 576 1334
972 576 1334
973 576 1334
982 797 1334
994 1367 1334
1002 595 1334
1051 906 1334
1103 1342 1334
194 1126 1335
195 1149 1335
220 898 1335
226 891 1335
231 1340 1335
240 870 1335
249 1358 1335
251 1219 1335
277 1000 1335
277 1391 1335
296 1435 1335
344 1362 1335
345 1510 1335
376 1549 1335
379 1556 1335
435 1531 1335
462 1554 1335
484 612 1335
508 608 1335
509 608 1335
510 608 1335
511 608 1335
512 608 1335
517 1651 1335
572 1709 1335
602 673 1335
602 1697 1335
611 513 1335
612 512 1335
650 643 1335
679 508 1335
758 1620 1335
769 1614 1335
772 1486 1335
793 1601 1335
848 1444 1335
854 663 1335
865 1553 1335
886 835 1335
888 1549 1335
889 737 1335
934 571 1335
958 1023 1335
964 1151 1335
975 1389 1335
988 821 1335
993 1367 1335
1001 596 1335
1023 853 1335
1047 882 1335
1050 906 1335
1050 1030 1335
1066 1213 1335
1072 1225 1335
1084 1246 1335
1087 1275 1335
193 1199 1336
193 1296 1336
194 1084 1336
194 1125 1336
195 1150 1336
197 943 1336
220 899 1336
249 1357 1336
254 1196 1336
263 1371 1336
282 819 1336
282 995 1336
283 994 1336
284 993 1336
285 992 1336
286 991 1336
298 1438 1336
300 1441 1336
306 1307 1336
379 1460 1336
390 1580 1336
400 1481 1336
420 1508 1336
443 1619 1336
505 609 1336
506 609 1336
518 1651 1336
529 1662 1336
572 1708 1336
583 586 1336
583 679 1336
585 582 1336
586 581 1336
602 674 1336
757 1619 1336
811 593 1336
813 1587 1336
843 1563 1336
848 1443 1336
853 664 1336
864 1552 1336
883 1549 1336
889 736 1336
931 1535 1336
963 1151 1336
987 822 1336
994 686 1336
1000 597 1336
1049 906 1336
1049 1030 1336
1084 1265 1336
1091 1287 1336
1101 1339 1336
184 1221 1337
194 1125 1337
194 1296 1337
195 1150 1337
218 904 1337
218 905 1337
218 906 1337
219 902 1337
249 1356 1337
252 1221 1337
261 1369 1337
277 1003 1337
282 820 1337
288 988 1337
292 978 1337
293 976 1337
307 1307 1337
308 1459 1337
344 712 1337
344 713 1337
346 1511 1337
359 1398 1337
380 1461 1337
392 1583 1337
418 1607 1337
503 610 1337
504 610 1337
527 695 1337
528 695 1337
572 1707 1337
602 675 1337
604 536 1337
664 633 1337
678 508 1337
755 633 1337
772 1610 1337
777 579 1337
812 1586 1337
819 1579 1337
852 665 1337
862 1551 1337
868 1426 1337
869 1425 1337
870 1424 1337
883 834 1337
930 1534 1337
962 1152 1337
992 1366 1337
999 598 1337
1011 1341 1337
1018 856 1337
1030 1426 1337
1048 1031 1337
1054 1057 1337
1100 1333 1337
1100 1334 1337
1100 1335 1337
1100 1336 1337
193 1065 1338
194 1124 1338
195 1150 1338
196 1107 1338
198 971 1338
228 893 1338
253 1221 1338
259 1367 1338
277 1004 1338
282 821 1338
290 986 1338
293 980 1338
294 975 1338
308 1307 1338
347 1361 1338
382 1559 1338
393 1584 1338
494 612 1338
501 611 1338
502 611 1338
520 1650 1338
523 1652 1338
529 1658 1338
568 1467 1338
569 1467 1338
570 1468 1338
572 1706 1338
602 676 1338
602 1696 1338
655 1661 1338
665 633 1338
677 508 1338
747 557 1338
757 1617 1338
773 1608 1338
778 580 1338
841 1562 1338
845 667 1338
846 667 1338
851 666 1338
932 572 1338
961 1072 1338
961 1073 1338
961 1074 1338
961 1152 1338
998 599 1338
1005 622 1338
1017 858 1338
1042 972 1338
1045 944 1338
1051 1051 1338
1054 1061 1338
1064 1216 1338
1080 1255 1338
1081 1260 1338
1090 1289 1338
1090 1290 1338
1099 1329 1338
1099 1330 1338
1099 1331 1338
1099 1332 1338
193 1065 1339
194 1083 1339
194 1124 1339
196 1107 1339
196 1180 1339
231 1338 1339
258 1045 1339
258 1195 1339
276 1006 1339
283 821 1339
287 1409 1339
295 974 1339
333 910 1339
335 1494 1339
345 685 1339
347 1511 1339
377 1548 1339
383 1560 1339
395 1586 1339
418 1606 1339
444 710 1339
455 1548 1339
488 613 1339
499 612 1339
500 612 1339
517 1526 1339
567 1467 1339
573 1706 1339
677 509 1339
748 557 1339
776 1605 1339
816 594 1339
838 1562 1339
843 668 1339
844 668 1339
859 1431 1339
860 1430 1339
873 1420 1339
909 1538 1339
924 1535 1339
960 1152 1339
997 600 1339
1003 652 1339
1018 860 1339
1030 1425 1339
1039 1413 1339
1044 885 1339
1054 1064 1339
1054 1082 1339
1097 1323 1339
1097 1324 1339
1097 1325 1339
196 1107 1340
231 1337 1340
249 1352 1340
254 1223 1340
259 1195 1340
283 822 1340
286 1407 1340
296 973 1340
334 910 1340
336 1495 1340
346 684 1340
384 1561 1340
417 1605 1340
465 1624 1340
483 1629 1340
488 614 1340
519 1647 1340
560 1546 1340
566 1468 1340
566 1483 1340
573 1705 1340
600 1697 1340
605 677 1340
738 1525 1340
740 556 1340
818 1574 1340
833 1563 1340
840 669 1340
841 669 1340
861 589 1340
875 1418 1340
886 861 1340
897 713 1340
898 710 1340
910 1537 1340
931 573 1340
939 974 1340
960 1153 1340
989 838 1340
996 601 1340
997 601 1340
998 602 1340
1001 658 1340
1001 1473 1340
1002 654 1340
1002 856 1340
1004 1461 1340
1006 1456 1340
1007 1454 1340
1018 862 1340
1019 863 1340
1043 886 1340
1052 1084 1340
1053 1074 1340
1058 1398 1340
186 1219 1341
186 1270 1341
187 1273 1341
188 1277 1341
193 1004 1341
194 1082 1341
196 1106 1341
230 895 1341
259 1362 1341
261 1042 1341
284 822 1341
297 973 1341
335 910 1341
351 1360 1341
381 1461 1341
385 1562 1341
402 1482 1341
471 714 1341
487 615 1341
510 1490 1341
532 1510 1341
537 1511 1341
557 604 1341
558 604 1341
564 1550 1341
574 1705 1341
599 1697 1341
604 678 1341
629 1678 1341
674 629 1341
675 628 1341
692 1636 1341
755 1615 1341
811 665 1341
813 666 1341
817 667 1341
818 667 1341
818 1572 1341
819 596 1341
819 667 1341
833 1562 1341
839 670 1341
864 589 1341
865 1412 1341
866 1412 1341
867 1412 1341
868 1412 1341
869 1412 1341
870 1412 1341
898 708 1341
918 1535 1341
954 1039 1341
960 1084 1341
964 1105 1341
997 855 1341
998 604 1341
1003 625 1341
1018 866 1341
1021 868 1341
1036 878 1341
1042 887 1341
1043 1152 1341
1051 1069 1341
1052 1072 1341
1052 1073 1341
1053 1139 1341
186 1269 1342
190 1283 1342
191 1285 1342
193 1005 1342
196 1106 1342
217 1318 1342
254 1262 1342
263 1040 1342
310 1455 1342
346 1509 1342
352 1360 1342
401 1591 1342
434 1610 1342
444 1618 1342
463 714 1342
464 714 1342
465 714 1342
466 714 1342
482 713 1342
487 616 1342
518 1644 1342
525 1506 1342
526 1506 1342
535 608 1342
536 608 1342
537 608 1342
555 605 1342
556 605 1342
566 1552 1342
586 1467 1342
603 679 1342
710 1631 1342
755 1614 1342
805 663 1342
808 664 1342
820 668 1342
832 1561 1342
853 1432 1342
877 581 1342
877 1412 1342
911 1535 1342
916 1534 1342
929 574 1342
953 1038 1342
959 1086 1342
959 1087 1342
963 782 1342
963 783 1342
963 784 1342
963 1105 1342
964 775 1342
965 1391 1342
969 755 1342
1035 881 1342
1039 1412 1342
1041 888 1342
1041 910 1342
1059 1396 1342
1061 1220 1342
1088 1296 1342
187 1218 1343
194 1005 1343
194 1064 1343
194 1198 1343
195 1041 1343
197 1180 1343
218 1319 1343
232 1336 1343
263 1191 1343
265 1037 1343
285 1401 1343
329 758 1343
336 911 1343
337 1495 1343
353 1360 1343
370 658 1343
416 1602 1343
455 713 1343
466 1624 1343
481 1627 1343
488 617 1343
496 617 1343
518 1643 1343
520 1502 1343
531 610 1343
544 695 1343
551 607 1343
554 606 1343
575 1704 1343
600 680 1343
604 679 1343
634 1674 1343
737 1524 1343
804 1463 1343
822 669 1343
831 1560 1343
837 671 1343
852 1431 1343
879 580 1343
880 580 1343
881 580 1343
882 580 1343
883 580 1343
953 1044 1343
956 1509 1343
963 773 1343
968 755 1343
973 811 1343
988 1363 1343
996 1300 1343
1000 1471 1343
1001 1343 1343
1038 1180 1343
1039 889 1343
1042 1150 1343
184 1261 1344
185 1264 1344
194 1122 1344
195 1083 1344
195 1291 1344
197 1105 1344
232 1335 1344
249 858 1344
249 1098 1344
250 857 1344
256 1263 1344
266 1036 1344
325 1474 1344
329 759 1344
337 911 1344
338 1496 1344
354 1360 1344
416 1601 1344
456 714 1344
489 618 1344
495 618 1344
553 694 1344
555 1490 1344
555 1491 1344
556 1495 1344
557 1484 1344
563 692 1344
575 1703 1344
595 1453 1344
596 1453 1344
597 1454 1344
598 1453 1344
599 1453 1344
600 1452 1344
602 582 1344
605 679 1344
626 671 1344
637 1672 1344
645 1666 1344
710 1630 1344
712 1536 1344
713 1535 1344
717 1624 1344
756 568 1344
797 660 1344
805 1583 1344
823 670 1344
826 670 1344
830 1559 1344
836 671 1344
838 1556 1344
851 1430 1344
859 837 1344
860 837 1344
863 821 1344
864 838 1344
879 1409 1344
892 580 1344
893 580 1344
894 580 1344
906 1534 1344
907 1534 1344
915 1532 1344
954 1152 1344
957 1508 1344
958 1090 1344
958 1091 1344
958 1092 1344
963 767 1344
967 756 1344
972 813 1344
982 836 1344
993 702 1344
994 665 1344
994 1298 1344
999 1472 1344
1037 1179 1344
1039 1411 1344
1045 1061 1344
1053 1206 1344
1059 1395 1344
188 1217 1345
196 1007 1345
196 1008 1345
196 1009 1345
196 1039 1345
196 1292 1345
232 898 1345
261 1149 1345
267 1035 1345
279 1383 1345
300 970 1345
318 1309 1345
329 760 1345
355 1360 1345
378 1546 1345
388 1563 1345
403 1480 1345
405 1593 1345
438 1611 1345
468 1623 1345
490 619 1345
494 619 1345
500 1633 1345
503 1518 1345
517 1640 1345
551 695 1345
603 1451 1345
603 1460 1345
606 679 1345
643 1667 1345
753 1611 1345
771 1602 1345
804 1583 1345
829 1558 1345
835 671 1345
837 1555 1345
838 1554 1345
858 837 1345
915 1531 1345
952 1030 1345
958 1507 1345
959 1104 1345
962 765 1345
987 1362 1345
988 1361 1345
989 1360 1345
993 665 1345
993 1298 1345
999 1471 1345
1001 627 1345
1032 1014 1345
1034 890 1345
1036 1178 1345
1041 1148 1345
1045 1083 1345
1047 1107 1345
1084 1306 1345
185 1258 1346
197 1010 1346
197 1011 1346
233 1333 1346
259 1356 1346
262 1148 1346
266 1188 1346
277 833 1346
319 1309 1346
356 1360 1346
359 661 1346
364 1395 1346
378 1545 1346
383 1461 1346
389 1564 1346
412 1597 1346
423 647 1346
491 620 1346
493 620 1346
495 620 1346
501 1632 1346
505 619 1346
506 619 1346
506 712 1346
507 619 1346
517 1638 1346
537 1657 1346
566 693 1346
577 692 1346
579 691 1346
598 1695 1346
673 1644 1346
682 1562 1346
689 1636 1346
743 627 1346
791 658 1346
801 1460 1346
803 1583 1346
815 1567 1346
828 671 1346
834 671 1346
850 1428 1346
873 1541 1346
887 725 1346
925 576 1346
950 1034 1346
951 1031 1346
957 1095 1346
958 1104 1346
959 1506 1346
962 1233 1346
963 1232 1346
978 724 1346
978 725 1346
978 726 1346
978 727 1346
1000 628 1346
1035 1178 1346
1038 908 1346
1040 1147 1346
1044 1082 1346
1046 1106 1346
1058 1222 1346
1060 1393 1346
1083 1307 1346
196 1085 1347
198 1012 1347
198 1013 1347
198 1166 1347
210 948 1347
222 923 1347
233 899 1347
263 1146 1347
269 1183 1347
311 1450 1347
321 1310 1347
357 1360 1347
360 661 1347
390 1565 1347
496 712 1347
499 1516 1347
502 712 1347
517 1457 1347
570 693 1347
575 608 1347
576 608 1347
577 608 1347
606 577 1347
607 576 1347
608 575 1347
613 549 1347
618 1434 1347
619 1434 1347
628 673 1347
736 1522 1347
799 1459 1347
823 671 1347
833 671 1347
835 1551 1347
882 1403 1347
932 937 1347
952 1049 1347
957 800 1347
957 1104 1347
959 1505 1347
967 742 1347
985 1363 1347
991 1297 1347
999 629 1347
999 630 1347
1028 1425 1347
1031 1020 1347
1034 1036 1347
1034 1177 1347
1037 908 1347
1039 1146 1347
1045 1105 1347
1048 1115 1347
1057 1222 1347
1082 1308 1347
186 1255 1348
190 1215 1348
196 1145 1348
198 1166 1348
198 1179 1348
198 1293 1348
234 899 1348
264 1143 1348
267 848 1348
268 847 1348
269 846 1348
270 845 1348
271 844 1348
271 1181 1348
273 1178 1348
277 836 1348
301 1432 1348
302 1435 1348
303 1437 1348
304 1439 1348
322 1310 1348
327 1474 1348
344 1503 1348
356 871 1348
358 1360 1348
365 865 1348
366 864 1348
376 1541 1348
392 1569 1348
404 1480 1348
503 1630 1348
528 704 1348
580 1560 1348
581 1561 1348
582 1562 1348
583 1563 1348
584 1564 1348
615 1434 1348
616 549 1348
617 549 1348
624 1682 1348
634 673 1348
674 1643 1348
688 1636 1348
748 1610 1348
749 1610 1348
781 584 1348
784 656 1348
793 1589 1348
798 1585 1348
799 1584 1348
802 1581 1348
812 1567 1348
813 1566 1348
825 600 1348
883 1400 1348
956 777 1348
956 1105 1348
961 1257 1348
961 1503 1348
964 746 1348
977 837 1348
998 631 1348
1028 1424 1348
1033 1177 1348
1036 907 1348
1038 1145 1348
1044 1104 1348
1047 1115 1348
1069 1368 1348
1081 1309 1348
191 1234 1349
198 1166 1349
219 1316 1349
224 1321 1349
225 1322 1349
226 1323 1349
235 899 1349
261 1354 1349
267 849 1349
276 1175 1349
302 802 1349
308 1443 1349
323 1311 1349
353 882 1349
354 881 1349
356 877 1349
359 1360 1349
367 1395 1349
373 1537 1349
374 1538 1349
404 1590 1349
414 651 1349
483 625 1349
488 624 1349
534 705 1349
535 705 1349
536 705 1349
587 1569 1349
626 522 1349
630 674 1349
742 1610 1349
756 1604 1349
762 1495 1349
811 1566 1349
873 1539 1349
917 578 1349
921 577 1349
922 577 1349
955 776 1349
955 1106 1349
960 1257 1349
965 1500 1349
974 837 1349
989 1296 1349
997 632 1349
997 633 1349
997 1471 1349
1005 875 1349
1020 1435 1349
1021 1434 1349
1022 1433 1349
1023 1432 1349
1024 1431 1349
1026 1428 1349
1032 1177 1349
1033 983 1349
1033 984 1349
1033 985 1349
1035 907 1349
1040 1078 1349
1046 1115 1349
1059 1392 1349
1069 1367 1349
187 1251 1350
198 1166 1350
223 926 1350
227 1323 1350
228 1324 1350
233 1328 1350
234 1329 1350
236 898 1350
246 1339 1350
267 850 1350
267 1140 1350
277 1173 1350
277 1174 1350
279 1373 1350
299 1423 1350
348 697 1350
358 892 1350
360 1360 1350
368 1394 1350
368 1529 1350
369 1531 1350
371 1534 1350
372 1535 1350
403 1589 1350
472 1621 1350
475 1622 1350
505 1627 1350
533 706 1350
566 612 1350
571 612 1350
589 1571 1350
622 1444 1350
623 1682 1350
629 522 1350
735 1521 1350
789 1589 1350
796 1458 1350
801 1579 1350
810 1565 1350
846 1538 1350
848 1423 1350
873 1538 1350
885 1396 1350
893 1530 1350
951 1052 1350
954 1107 1350
955 770 1350
955 771 1350
956 1237 1350
957 1234 1350
958 1231 1350
959 602 1350
959 1257 1350
968 1497 1350
969 1496 1350
988 1296 1350
996 634 1350
996 635 1350
997 1470 1350
1003 875 1350
1019 1436 1350
1029 896 1350
1029 1026 1350
1032 1161 1350
1034 907 1350
1036 1142 1350
1042 1103 1350
1055 1225 1350
196 1141 1351
198 1037 1351
198 1166 1351
201 1294 1351
219 936 1351
219 1315 1351
238 1331 1351
246 1338 1351
254 866 1351
275 1030 1351
278 1171 1351
278 1172 1351
278 1277 1351
302 802 1351
359 897 1351
360 896 1351
361 1360 1351
365 894 1351
369 1394 1351
385 1462 1351
397 1578 1351
400 1584 1351
401 764 1351
402 763 1351
441 1609 1351
495 1501 1351
495 1503 1351
495 1504 1351
495 1505 1351
532 707 1351
537 706 1351
554 615 1351
555 615 1351
556 615 1351
563 614 1351
564 614 1351
577 1541 1351
578 1533 1351
579 1530 1351
580 1527 1351
580 1528 1351
581 1525 1351
582 1523 1351
582 1524 1351
609 1416 1351
611 1418 1351
623 1447 1351
624 1446 1351
625 1445 1351
760 1496 1351
760 1600 1351
771 579 1351
788 1588 1351
800 1578 1351
824 1553 1351
831 1546 1351
845 1537 1351
847 1422 1351
873 1537 1351
886 1394 1351
912 579 1351
913 579 1351
914 579 1351
916 1526 1351
953 1108 1351
957 1230 1351
958 1257 1351
968 836 1351
973 713 1351
983 1482 1351
987 1296 1351
995 636 1351
1018 1437 1351
1020 890 1351
1033 908 1351
1034 928 1351
1035 1065 1351
1041 1102 1351
1058 1237 1351
188 1250 1352
192 1235 1352
193 1205 1352
193 1206 1352
193 1207 1352
193 1208 1352
193 1209 1352
193 1213 1352
196 1139 1352
198 1165 1352
199 1179 1352
219 1314 1352
220 935 1352
244 1335 1352
245 1336 1352
246 1337 1352
263 1232 1352
279 1276 1352
298 1416 1352
299 1418 1352
302 803 1352
306 967 1352
362 1360 1352
367 893 1352
392 779 1352
442 1609 1352
472 1620 1352
494 1500 1352
531 708 1352
543 1450 1352
547 1662 1352
593 1512 1352
595 688 1352
612 1458 1352
613 1457 1352
614 1456 1352
615 1455 1352
616 1454 1352
617 1453 1352
618 1452 1352
638 522 1352
642 522 1352
659 1654 1352
787 1587 1352
843 1536 1352
846 1421 1352
887 1530 1352
888 1392 1352
900 1528 1352
911 580 1352
917 1525 1352
950 1059 1352
957 1258 1352
958 1228 1352
970 1494 1352
994 638 1352
996 1469 1352
1017 1438 1352
1027 1423 1352
1033 930 1352
1034 1064 1352
1057 1235 1352
1058 1240 1352
194 1204 1353
198 1121 1353
199 1037 1353
202 1294 1353
224 931 1353
255 868 1353
269 1137 1353
281 1276 1353
284 1377 1353
299 1415 1353
302 804 1353
307 966 1353
327 1472 1353
328 767 1353
344 1501 1353
355 679 1353
356 907 1353
372 1424 1353
398 1578 1353
443 1609 1353
446 637 1353
447 637 1353
448 637 1353
471 1619 1353
533 622 1353
534 622 1353
535 622 1353
541 1448 1353
544 621 1353
571 1695 1353
575 1696 1353
596 1693 1353
597 1519 1353
597 1520 1353
597 1521 1353
597 1523 1353
597 1524 1353
598 1522 1353
602 1409 1353
622 1682 1353
637 523 1353
643 523 1353
645 1664 1353
656 523 1353
688 1635 1353
759 1496 1353
771 653 1353
786 1586 1353
822 1552 1353
830 602 1353
889 1391 1353
891 584 1353
900 583 1353
905 582 1353
909 581 1353
918 1524 1353
949 1161 1353
950 1061 1353
950 1162 1353
956 1259 1353
957 1260 1353
958 1261 1353
960 1262 1353
982 688 1353
993 638 1353
1016 1439 1353
1027 1029 1353
1027 1175 1353
1030 911 1353
1033 964 1353
1036 1126 1353
1040 1406 1353
1053 1228 1353
1055 1232 1353
203 1294 1354
207 958 1354
270 1136 1354
280 1158 1354
282 1276 1354
303 804 1354
308 966 1354
310 1440 1354
315 1449 1354
356 678 1354
357 908 1354
363 1360 1354
371 1396 1354
373 844 1354
373 1423 1354
472 1618 1354
497 626 1354
504 1622 1354
532 623 1354
536 623 1354
537 708 1354
539 623 1354
550 1666 1354
591 690 1354
596 1530 1354
597 689 1354
597 1528 1354
600 1409 1354
636 524 1354
645 524 1354
652 523 1354
653 523 1354
654 523 1354
758 1497 1354
797 1576 1354
821 1551 1354
845 1418 1354
871 1535 1354
889 585 1354
896 584 1354
912 892 1354
919 1523 1354
945 1391 1354
946 1390 1354
947 803 1354
947 1159 1354
947 1389 1354
948 1388 1354
951 1240 1354
973 1491 1354
984 1295 1354
992 639 1354
992 871 1354
1009 885 1354
1010 886 1354
1014 1441 1354
1015 1440 1354
1025 1019 1354
1025 1020 1354
1025 1021 1354
1026 1175 1354
1029 1040 1354
1030 1043 1354
1030 1044 1354
1040 1405 1354
1053 1230 1354
1057 1241 1354
1060 1388 1354
1073 1278 1354
190 1251 1355
193 1236 1355
195 1216 1355
197 1136 1355
198 1057 1355
200 1037 1355
203 1293 1355
218 1307 1355
252 874 1355
266 1234 1355
271 1135 1355
282 1154 1355
282 1155 1355
285 1376 1355
298 1408 1355
310 1438 1355
327 1469 1355
330 1475 1355
349 1506 1355
357 911 1355
364 1361 1355
372 1392 1355
374 1423 1355
380 658 1355
425 1498 1355
455 637 1355
472 1617 1355
503 1621 1355
536 709 1355
568 1692 1355
603 1405 1355
604 1405 1355
608 1510 1355
642 1436 1355
643 1437 1355
644 1438 1355
645 1439 1355
646 1440 1355
650 524 1355
651 524 1355
719 1618 1355
768 579 1355
820 1550 1355
869 1533 1355
888 586 1355
888 1385 1355
889 1386 1355
917 912 1355
917 913 1355
917 914 1355
917 915 1355
917 916 1355
919 1522 1355
945 1157 1355
946 804 1355
949 1238 1355
950 1063 1355
958 1380 1355
979 1485 1355
990 1334 1355
991 639 1355
1013 1442 1355
1025 1175 1355
1028 1157 1355
1029 1045 1355
1029 1046 1355
1029 1047 1355
1029 1048 1355
1034 956 1355
206 992 1356
250 878 1356
251 876 1356
272 1134 1356
284 1152 1356
331 1476 1356
344 1500 1356
350 1507 1356
357 913 1356
372 1399 1356
375 1422 1356
378 1448 1356
387 1463 1356
399 1576 1356
426 1599 1356
455 638 1356
472 1616 1356
502 1620 1356
535 710 1356
536 1443 1356
553 1669 1356
556 1678 1356
557 1680 1356
558 1682 1356
559 703 1356
560 703 1356
560 1685 1356
561 703 1356
561 1686 1356
562 1687 1356
563 702 1356
596 1691 1356
598 1403 1356
599 1403 1356
602 1572 1356
621 1681 1356
643 1434 1356
660 1652 1356
734 1519 1356
757 1497 1356
791 1457 1356
795 1575 1356
819 1549 1356
840 796 1356
861 1530 1356
865 1383 1356
866 1383 1356
887 1383 1356
918 919 1356
919 1521 1356
950 1064 1356
990 639 1356
1000 880 1356
1012 1443 1356
1024 1176 1356
1034 955 1356
1065 1382 1356
1072 1278 1356
191 1252 1357
199 1056 1357
206 993 1357
207 988 1357
250 879 1357
259 1347 1357
311 1436 1357
332 1477 1357
376 1421 1357
377 659 1357
426 1497 1357
454 639 1357
454 1612 1357
455 1612 1357
456 1612 1357
457 1612 1357
458 1612 1357
472 1615 1357
496 1479 1357
502 1619 1357
528 627 1357
579 1403 1357
579 1693 1357
580 1403 1357
580 1693 1357
581 1404 1357
581 1693 1357
585 1402 1357
586 1402 1357
587 1402 1357
590 1401 1357
592 1409 1357
594 1401 1357
596 1542 1357
601 1563 1357
628 1410 1357
629 1411 1357
705 1627 1357
720 1617 1357
727 549 1357
794 1574 1357
836 1532 1357
862 1529 1357
864 1383 1357
866 1530 1357
886 1381 1357
890 587 1357
919 921 1357
920 1520 1357
944 1154 1357
952 754 1357
957 833 1357
959 1377 1357
976 1487 1357
979 1292 1357
985 661 1357
986 868 1357
989 638 1357
997 1465 1357
1011 1444 1357
1027 917 1357
1058 1389 1357
1065 1380 1357
1071 1278 1357
194 1236 1358
199 1089 1358
200 1056 1358
200 1163 1358
200 1164 1358
206 994 1358
208 987 1358
225 941 1358
237 916 1358
249 882 1358
258 1346 1358
286 1149 1358
286 1373 1358
298 821 1358
298 1402 1358
317 1449 1358
337 1313 1358
343 1498 1358
400 1575 1358
404 1478 1358
425 741 1358
426 1598 1358
453 640 1358
465 1507 1358
465 1508 1358
465 1509 1358
466 1503 1358
466 1504 1358
466 1505 1358
466 1506 1358
466 1511 1358
466 1512 1358
494 1479 1358
501 1618 1358
527 628 1358
535 628 1358
568 1415 1358
569 1415 1358
576 621 1358
583 1692 1358
594 1690 1358
627 1504 1358
628 1397 1358
637 1414 1358
673 1643 1358
725 547 1358
726 548 1358
791 587 1358
793 1573 1358
809 1554 1358
810 1553 1358
845 1413 1358
886 1379 1358
921 1519 1358
944 785 1358
944 786 1358
963 1197 1358
972 698 1358
985 660 1358
985 868 1358
1010 1445 1358
1026 918 1358
1028 938 1358
1029 1062 1358
1033 1200 1358
1065 1379 1358
1070 1277 1358
192 1253 1359
198 1133 1359
200 1170 1359
201 1056 1359
206 995 1359
209 986 1359
233 930 1359
237 918 1359
250 884 1359
258 1345 1359
282 1223 1359
287 1148 1359
292 1035 1359
296 1280 1359
298 1033 1359
340 1314 1359
375 1388 1359
379 1448 1359
380 660 1359
410 654 1359
411 654 1359
412 654 1359
453 641 1359
467 1500 1359
488 1481 1359
501 1617 1359
532 1440 1359
534 629 1359
566 1415 1359
621 1680 1359
627 682 1359
631 1504 1359
633 1395 1359
704 1627 1359
720 542 1359
721 543 1359
722 544 1359
792 1572 1359
833 1531 1359
887 1377 1359
896 1524 1359
924 1369 1359
938 585 1359
943 784 1359
946 763 1359
975 1288 1359
984 660 1359
996 881 1359
1009 1446 1359
1025 919 1359
1027 938 1359
1028 1062 1359
1032 1200 1359
1047 1227 1359
1057 1389 1359
1065 1378 1359
1069 1277 1359
193 1254 1360
195 1236 1360
201 1161 1360
201 1172 1360
201 1174 1360
206 1000 1360
212 976 1360
226 943 1360
274 1356 1360
277 1129 1360
289 1037 1360
294 1278 1360
300 820 1360
300 1282 1360
303 1284 1360
313 1431 1360
334 1478 1360
342 1315 1360
408 655 1360
426 1597 1360
452 642 1360
467 1497 1360
487 1480 1360
500 1616 1360
533 630 1360
562 1422 1360
563 1420 1360
620 1680 1360
623 1536 1360
624 1537 1360
627 683 1360
634 1507 1360
636 1504 1360
637 1391 1360
637 1503 1360
648 1421 1360
649 1422 1360
654 1424 1360
655 1424 1360
713 538 1360
718 540 1360
719 541 1360
791 1571 1360
830 1531 1360
860 1383 1360
888 1375 1360
923 1516 1360
931 585 1360
932 585 1360
933 585 1360
934 585 1360
935 585 1360
936 585 1360
937 585 1360
942 1032 1360
943 1506 1360
972 1488 1360
983 659 1360
1008 1447 1360
1027 1062 1360
1029 1082 1360
1033 1089 1360
1039 1401 1360
1045 1225 1360
1068 1277 1360
194 1256 1361
198 1218 1361
206 1290 1361
211 983 1361
219 961 1361
275 1356 1361
305 1285 1361
355 936 1361
356 932 1361
369 1361 1361
376 1387 1361
379 1418 1361
391 1465 1361
406 656 1361
451 643 1361
472 1610 1361
500 1615 1361
528 1439 1361
532 631 1361
533 631 1361
560 1670 1361
627 684 1361
638 1391 1361
647 1661 1361
657 1423 1361
672 1644 1361
859 1383 1361
864 603 1361
864 1525 1361
883 1524 1361
909 1352 1361
925 585 1361
929 1366 1361
931 1241 1361
937 1509 1361
939 1508 1361
944 764 1361
944 1052 1361
952 748 1361
971 1488 1361
972 858 1361
978 679 1361
981 866 1361
987 618 1361
997 1462 1361
1007 1448 1361
1018 1176 1361
1022 922 1361
1026 1062 1361
1056 1389 1361
1065 1377 1361
1067 1277 1361
195 1257 1362
196 1236 1362
201 1153 1362
202 1201 1362
213 981 1362
228 948 1362
275 1355 1362
278 1126 1362
284 838 1362
290 1039 1362
290 1144 1362
293 1147 1362
294 1148 1362
300 1396 1362
302 1029 1362
308 1287 1362
319 1446 1362
335 1478 1362
356 1509 1362
358 930 1362
370 1361 1362
394 659 1362
484 1478 1362
501 1614 1362
526 1439 1362
588 1687 1362
590 1687 1362
625 1379 1362
631 1525 1362
632 1521 1362
632 1522 1362
632 1523 1362
632 1524 1362
633 1520 1362
642 1500 1362
643 1500 1362
651 667 1362
652 666 1362
657 1513 1362
660 1423 1362
661 1650 1362
682 644 1362
722 1614 1362
845 1405 1362
858 1383 1362
865 603 1362
865 1523 1362
884 1523 1362
885 1523 1362
893 1522 1362
920 585 1362
920 928 1362
927 1513 1362
930 1242 1362
930 1243 1362
930 1365 1362
930 1512 1362
932 1511 1362
933 1510 1362
940 1147 1362
943 765 1362
946 1503 1362
962 1368 1362
977 1297 1362
980 866 1362
986 617 1362
1006 1449 1362
1017 1176 1362
1024 1074 1362
1025 1060 1362
1025 1061 1362
1028 1196 1362
1042 1222 1362
1055 1389 1362
1065 1376 1362
1066 1277 1362
196 1259 1363
199 1132 1363
199 1218 1363
203 1202 1363
207 1288 1363
278 1124 1363
283 839 1363
297 1152 1363
297 1153 1363
303 1028 1363
334 1306 1363
346 1318 1363
359 929 1363
401 1570 1363
406 1478 1363
426 748 1363
427 1595 1363
483 1477 1363
486 725 1363
497 1612 1363
523 632 1363
524 632 1363
524 1439 1363
525 632 1363
561 1408 1363
567 1678 1363
589 1686 1363
591 618 1363
646 1662 1363
654 1498 1363
655 664 1363
656 663 1363
657 662 1363
661 1506 1363
662 1507 1363
682 646 1363
766 580 1363
857 1383 1363
866 603 1363
888 1370 1363
925 1512 1363
929 1244 1363
931 1364 1363
939 1146 1363
949 606 1363
972 1486 1363
978 865 1363
984 616 1363
992 882 1363
997 1460 1363
1005 1450 1363
1016 1176 1363
1021 1043 1363
1021 1044 1363
1024 950 1363
1024 1059 1363
1065 1375 1363
197 1236 1364
199 1131 1364
200 1116 1364
202 1152 1364
204 1203 1364
219 968 1364
263 1093 1364
279 1123 1364
290 1139 1364
298 1159 1364
313 1289 1364
347 1318 1364
355 943 1364
361 709 1364
378 1384 1364
381 1416 1364
381 1448 1364
401 1569 1364
426 1594 1364
464 643 1364
487 726 1364
488 726 1364
501 725 1364
504 724 1364
507 722 1364
521 633 1364
522 633 1364
522 1439 1364
541 1624 1364
542 1625 1364
559 1406 1364
591 619 1364
620 1679 1364
646 1662 1364
651 671 1364
664 1421 1364
681 648 1364
722 1613 1364
754 1593 1364
848 1523 1364
851 1384 1364
856 1383 1364
914 1347 1364
915 1348 1364
923 1511 1364
929 1245 1364
932 1363 1364
941 766 1364
942 1054 1364
942 1211 1364
944 994 1364
949 1500 1364
950 1499 1364
962 1364 1364
973 862 1364
975 1298 1364
976 864 1364
983 616 1364
997 1459 1364
1011 911 1364
1019 1424 1364
1023 1057 1364
1023 1058 1364
1024 1194 1364
1025 943 1364
1026 1127 1364
200 1115 1365
201 1084 1365
205 1038 1365
237 933 1365
238 1320 1365
299 1388 1365
301 1165 1365
301 1166 1365
358 1510 1365
369 914 1365
378 876 1365
378 877 1365
378 878 1365
380 865 1365
380 866 1365
382 1416 1365
395 1558 1365
450 736 1365
465 644 1365
470 1605 1365
488 637 1365
489 727 1365
491 727 1365
494 1609 1365
500 726 1365
503 725 1365
511 1446 1365
514 634 1365
515 634 1365
516 634 1365
517 634 1365
518 634 1365
519 634 1365
520 634 1365
520 1439 1365
540 1622 1365
541 1623 1365
558 1405 1365
591 620 1365
634 1547 1365
662 660 1365
668 1420 1365
674 652 1365
693 1632 1365
723 1612 1365
789 1453 1365
849 1386 1365
869 603 1365
870 602 1365
922 1510 1365
929 957 1365
929 1246 1365
945 1112 1365
950 1498 1365
964 1360 1365
974 1298 1365
981 616 1365
988 883 1365
996 1459 1365
1022 1193 1365
1038 1219 1365
1054 1387 1365
1056 1258 1365
1064 1278 1365
1064 1373 1365
198 1236 1366
200 1114 1366
200 1131 1366
206 1182 1366
209 1287 1366
220 970 1366
240 1321 1366
241 1322 1366
255 1337 1366
263 879 1366
267 874 1366
280 1121 1366
285 1362 1366
291 1135 1366
302 1172 1366
313 1420 1366
331 1302 1366
355 947 1366
371 911 1366
374 1362 1366
383 1416 1366
387 1546 1366
400 660 1366
425 1592 1366
452 738 1366
466 645 1366
469 1604 1366
499 727 1366
504 636 1366
508 635 1366
509 635 1366
509 1446 1366
510 635 1366
511 635 1366
512 635 1366
513 635 1366
514 1443 1366
519 1439 1366
548 1629 1366
557 1405 1366
622 1376 1366
663 1454 1366
671 1448 1366
672 1449 1366
673 1644 1366
693 1632 1366
723 1611 1366
848 1387 1366
895 591 1366
905 590 1366
910 1346 1366
918 589 1366
920 1508 1366
929 1247 1366
930 1248 1366
937 1143 1366
937 1362 1366
938 810 1366
941 1056 1366
945 745 1366
954 1274 1366
963 1359 1366
973 1483 1366
1002 902 1366
1027 1115 1366
1037 1219 1366
1053 1387 1366
200 1113 1367
203 1149 1367
221 971 1367
243 1323 1367
262 881 1367
269 873 1367
299 1385 1367
304 1177 1367
313 1418 1367
319 1292 1367
324 788 1367
329 779 1367
329 1300 1367
337 1477 1367
352 1321 1367
354 950 1367
375 1362 1367
382 850 1367
429 754 1367
454 740 1367
467 646 1367
469 1603 1367
477 1474 1367
497 728 1367
505 1610 1367
516 1441 1367
539 1619 1367
556 1404 1367
572 1676 1367
592 621 1367
627 1372 1367
646 1662 1367
653 674 1367
671 1419 1367
677 655 1367
679 1430 1367
680 1429 1367
768 1586 1367
847 1388 1367
892 592 1367
897 591 1367
905 1345 1367
906 1345 1367
911 590 1367
912 590 1367
913 590 1367
932 1250 1367
937 800 1367
937 801 1367
937 802 1367
937 803 1367
943 1113 1367
953 1275 1367
954 1494 1367
974 679 1367
978 659 1367
1016 1188 1367
1017 1425 1367
1046 1242 1367
1053 1386 1367
201 1130 1368
202 1217 1368
207 1183 1368
222 972 1368
231 1313 1368
238 936 1368
262 883 1368
270 873 1368
293 1374 1368
294 1132 1368
298 1381 1368
304 1185 1368
304 1186 1368
305 1176 1368
311 813 1368
313 1416 1368
327 1298 1368
337 1476 1368
354 1322 1368
393 1463 1368
397 1560 1368
400 1564 1368
430 755 1368
443 1597 1368
455 742 1368
469 1481 1368
470 1480 1368
493 729 1368
505 1609 1368
555 1404 1368
626 1368 1368
627 1369 1368
628 1371 1368
646 1662 1368
663 1647 1368
678 657 1368
767 1586 1368
833 818 1368
845 1520 1368
846 1389 1368
906 1507 1368
907 1507 1368
940 1360 1368
942 1114 1368
952 1276 1368
955 1492 1368
962 1357 1368
973 680 1368
983 885 1368
1002 1450 1368
1008 915 1368
1020 1086 1368
1053 1252 1368
1053 1253 1368
1057 1271 1368
1058 1273 1368
1059 1275 1368
1063 1370 1368
200 1237 1369
202 1081 1369
203 1217 1369
211 1287 1369
223 973 1369
254 1334 1369
263 887 1369
271 873 1369
293 1373 1369
304 1189 1369
306 1175 1369
324 1295 1369
342 960 1369
345 959 1369
378 1363 1369
385 1416 1369
386 840 1369
398 662 1369
398 1561 1369
399 1562 1369
400 1563 1369
414 658 1369
423 1589 1369
445 754 1369
446 754 1369
447 754 1369
448 754 1369
450 754 1369
473 1473 1369
504 1608 1369
554 1404 1369
588 1681 1369
594 622 1369
623 1365 1369
646 1662 1369
682 1426 1369
682 1438 1369
682 1439 1369
682 1440 1369
682 1441 1369
693 1631 1369
751 1592 1369
767 1585 1369
794 1558 1369
845 1390 1369
876 1515 1369
938 822 1369
939 761 1369
939 1058 1369
941 1115 1369
956 1489 1369
957 848 1369
972 680 1369
1007 916 1369
1016 1425 1369
1017 1068 1369
1019 1086 1369
1021 1001 1369
1030 1212 1369
1031 1213 1369
1032 1214 1369
1033 1215 1369
1063 1283 1369
201 1237 1370
202 1129 1370
204 1148 1370
204 1217 1370
207 1037 1370
224 974 1370
250 906 1370
255 1334 1370
273 872 1370
286 1073 1370
293 1372 1370
304 1191 1370
307 1174 1370
314 1414 1370
350 959 1370
351 958 1370
379 1364 1370
386 1542 1370
393 1462 1370
397 663 1370
411 659 1370
418 658 1370
423 1588 1370
452 753 1370
457 745 1370
472 1472 1370
504 1607 1370
552 1630 1370
553 1404 1370
572 1394 1370
575 1675 1370
588 1680 1370
641 573 1370
651 678 1370
679 1418 1370
735 1601 1370
766 1585 1370
844 1391 1370
877 1514 1370
888 596 1370
890 1356 1370
891 1355 1370
940 1116 1370
943 738 1370
945 1265 1370
956 848 1370
956 1487 1370
971 680 1370
976 657 1370
996 1455 1370
1013 1156 1370
1042 1239 1370
1052 1383 1370
1062 1368 1370
1063 1285 1370
1063 1286 1370
202 1238 1371
209 1183 1371
256 1334 1371
275 872 1371
289 1073 1371
293 1371 1371
294 1128 1371
308 1173 1371
310 1406 1371
376 669 1371
380 1364 1371
383 1378 1371
386 1415 1371
396 664 1371
419 659 1371
421 1586 1371
458 746 1371
471 1471 1371
503 1606 1371
539 715 1371
576 1675 1371
616 1679 1371
618 1359 1371
670 1472 1371
683 1420 1371
692 1631 1371
724 1606 1371
736 1600 1371
765 1585 1371
772 660 1371
784 666 1371
788 1450 1371
801 676 1371
802 677 1371
802 1547 1371
808 604 1371
809 605 1371
812 1428 1371
882 598 1371
887 597 1371
893 1352 1371
937 1033 1371
945 1266 1371
955 848 1371
957 720 1371
975 656 1371
1013 926 1371
1024 1207 1371
1041 1239 1371
1068 1323 1371
1068 1324 1371
1068 1325 1371
201 1109 1372
203 1078 1372
203 1238 1372
208 1037 1372
281 1113 1372
293 1369 1372
310 1402 1372
310 1403 1372
310 1404 1372
310 1405 1372
314 1411 1372
322 797 1372
373 687 1372
381 1365 1372
382 906 1372
383 905 1372
395 665 1372
396 801 1372
420 660 1372
421 660 1372
421 1585 1372
422 660 1372
433 761 1372
459 747 1372
469 650 1372
503 1605 1372
552 1403 1372
562 634 1372
563 634 1372
564 634 1372
586 1677 1372
589 627 1372
608 704 1372
612 705 1372
613 705 1372
615 1679 1372
618 705 1372
621 704 1372
629 589 1372
676 661 1372
685 1418 1372
753 1590 1372
762 578 1372
763 1586 1372
764 1585 1372
770 660 1372
786 668 1372
804 600 1372
804 678 1372
811 1426 1372
842 1517 1372
843 1390 1372
861 852 1372
879 1511 1372
890 1507 1372
892 1351 1372
917 940 1372
920 1500 1372
945 1267 1372
954 848 1372
956 1483 1372
975 1476 1372
979 888 1372
999 1450 1372
1012 926 1372
1013 1426 1372
1016 977 1372
1023 1207 1372
1034 1401 1372
1040 1239 1372
1051 1382 1372
1067 1321 1372
204 1238 1373
206 1218 1373
233 1310 1373
241 942 1373
255 910 1373
286 858 1373
295 1126 1373
322 1290 1373
330 1459 1373
355 963 1373
360 725 1373
362 722 1373
362 1326 1373
363 1327 1373
382 1366 1373
382 1536 1373
383 1537 1373
394 666 1373
419 1583 1373
422 1482 1373
424 661 1373
425 661 1373
426 661 1373
460 748 1373
468 651 1373
470 1468 1373
492 1449 1373
496 1448 1373
504 1604 1373
540 716 1373
552 1402 1373
573 634 1373
586 1676 1373
606 704 1373
610 705 1373
611 705 1373
614 1357 1373
625 595 1373
626 704 1373
626 1355 1373
627 704 1373
627 1355 1373
628 704 1373
628 1355 1373
629 703 1373
632 585 1373
633 584 1373
634 583 1373
676 662 1373
687 1417 1373
725 1604 1373
739 1597 1373
755 1589 1373
762 1586 1373
785 1453 1373
795 1554 1373
800 1548 1373
810 1424 1373
882 1508 1373
887 1505 1373
891 1350 1373
921 1499 1373
945 1268 1373
950 1353 1373
953 848 1373
975 1475 1373
996 908 1373
997 909 1373
998 1450 1373
1011 925 1373
1011 1156 1373
1017 969 1373
1039 1239 1373
1062 1362 1373
1066 1316 1373
207 1219 1374
216 1289 1374
256 913 1374
287 857 1374
331 1460 1374
333 986 1374
334 986 1374
335 986 1374
336 986 1374
337 985 1374
339 984 1374
340 984 1374
341 983 1374
342 982 1374
343 981 1374
349 738 1374
384 1371 1374
385 1375 1374
386 668 1374
386 902 1374
387 900 1374
391 667 1374
392 667 1374
393 667 1374
398 802 1374
420 772 1374
426 770 1374
440 1592 1374
461 749 1374
467 652 1374
489 1450 1374
504 1603 1374
558 1637 1374
561 1642 1374
574 1386 1374
582 1674 1374
586 1675 1374
595 627 1374
612 1356 1374
625 597 1374
631 703 1374
676 1489 1374
676 1490 1374
676 1491 1374
757 1588 1374
760 1587 1374
784 1454 1374
793 1441 1374
795 1553 1374
798 1550 1374
807 680 1374
840 1516 1374
884 1503 1374
916 942 1374
920 980 1374
922 1498 1374
923 1497 1374
936 827 1374
945 1269 1374
952 848 1374
968 878 1374
976 1473 1374
977 1472 1374
997 1450 1374
1010 1156 1374
1012 954 1374
1013 948 1374
1013 1066 1374
1017 1109 1374
1038 1239 1374
1062 1361 1374
1065 1313 1374
1065 1314 1374
204 1076 1375
204 1126 1375
208 1219 1375
212 1281 1375
257 915 1375
271 892 1375
294 1073 1375
295 1072 1375
295 1123 1375
311 1392 1375
322 799 1375
324 1436 1375
348 742 1375
366 1329 1375
380 1533 1375
384 1368 1375
386 669 1375
393 890 1375
394 668 1375
395 832 1375
417 1580 1375
430 770 1375
435 1483 1375
436 1483 1375
438 661 1375
438 1483 1375
439 661 1375
439 1483 1375
440 661 1375
440 1483 1375
441 661 1375
441 1483 1375
442 1483 1375
443 1483 1375
469 1466 1375
503 1602 1375
542 717 1375
574 1384 1375
582 706 1375
583 706 1375
584 706 1375
585 706 1375
588 630 1375
613 1677 1375
625 600 1375
674 665 1375
691 1414 1375
783 1455 1375
795 1552 1375
796 1551 1375
809 681 1375
810 1422 1375
844 682 1375
865 870 1375
869 871 1375
913 1341 1375
926 1492 1375
927 1491 1375
935 828 1375
951 848 1375
958 698 1375
977 1471 1375
996 1450 1375
1009 1157 1375
1010 1050 1375
1011 1129 1375
1011 1426 1375
1012 944 1375
1012 945 1375
1016 1107 1375
1032 1401 1375
1045 1262 1375
1049 1380 1375
1062 1359 1375
1064 1310 1375
202 1105 1376
205 1127 1376
209 1219 1376
233 1308 1376
258 1332 1376
273 890 1376
274 889 1376
284 872 1376
291 1244 1376
291 1360 1376
297 1071 1376
324 1435 1376
348 743 1376
348 978 1376
348 1495 1376
358 967 1376
358 1508 1376
377 1528 1376
395 669 1376
398 888 1376
416 1578 1376
431 771 1376
464 655 1376
469 1465 1376
545 1408 1376
546 1407 1376
547 1406 1376
575 1382 1376
612 1676 1376
627 1346 1376
628 1346 1376
629 1346 1376
630 1346 1376
633 1346 1376
641 1663 1376
653 1373 1376
692 1413 1376
790 1440 1376
795 1551 1376
863 1505 1376
881 1499 1376
889 1345 1376
899 598 1376
915 1340 1376
933 1131 1376
934 829 1376
936 1117 1376
950 848 1376
952 1479 1376
958 697 1376
966 1339 1376
1007 1429 1376
1008 1157 1376
1011 943 1376
1015 1105 1376
1015 1106 1376
1031 1401 1376
1049 1379 1376
1063 1351 1376
1064 1348 1376
203 1100 1377
203 1101 1377
203 1102 1377
203 1103 1377
204 1097 1377
209 1236 1377
210 1219 1377
211 1037 1377
213 1184 1377
221 1294 1377
233 1307 1377
251 929 1377
258 1331 1377
285 873 1377
313 1051 1377
314 1050 1377
330 779 1377
351 977 1377
385 1366 1377
387 671 1377
395 670 1377
398 883 1377
402 801 1377
414 1573 1377
432 772 1377
452 661 1377
464 656 1377
464 753 1377
469 1464 1377
484 1453 1377
544 718 1377
565 1646 1377
575 1380 1377
612 1675 1377
623 607 1377
624 606 1377
634 1345 1377
655 1372 1377
684 1478 1377
693 1412 1377
757 574 1377
785 592 1377
789 1439 1377
838 1513 1377
860 857 1377
863 1504 1377
879 1497 1377
914 945 1377
935 1118 1377
946 1272 1377
948 1479 1377
949 848 1377
958 696 1377
978 1467 1377
995 1448 1377
1007 1156 1377
1013 1018 1377
1013 1021 1377
1013 1022 1377
1013 1023 1377
1020 1210 1377
1030 1401 1377
1034 1240 1377
1042 1258 1377
1061 1356 1377
1063 1337 1377
1064 1341 1377
1064 1342 1377
1064 1343 1377
1064 1344 1377
1064 1345 1377
1064 1346 1377
205 1096 1378
210 1235 1378
210 1274 1378
211 1038 1378
211 1219 1378
211 1275 1378
222 1294 1378
227 986 1378
250 932 1378
251 931 1378
258 1330 1378
286 874 1378
286 1354 1378
301 1070 1378
316 1406 1378
318 1048 1378
321 1036 1378
321 1037 1378
321 1038 1378
321 1039 1378
347 753 1378
361 969 1378
370 1332 1378
384 919 1378
390 1379 1378
391 1414 1378
396 671 1378
398 876 1378
414 1572 1378
436 1589 1378
465 754 1378
469 1463 1378
482 1454 1378
496 738 1378
504 1598 1378
589 1670 1378
599 1363 1378
600 1361 1378
605 1352 1378
635 1344 1378
638 1665 1378
642 1344 1378
659 1356 1378
660 1355 1378
661 1355 1378
662 1355 1378
663 1355 1378
664 1356 1378
665 1357 1378
666 1358 1378
667 1359 1378
668 1360 1378
672 668 1378
680 538 1378
681 538 1378
682 538 1378
695 1411 1378
696 1411 1378
746 565 1378
748 566 1378
749 567 1378
750 568 1378
756 573 1378
788 1439 1378
794 1550 1378
796 1430 1378
812 683 1378
863 1503 1378
888 1342 1378
924 822 1378
926 825 1378
931 1032 1378
934 1119 1378
943 1480 1378
948 849 1378
968 674 1378
977 1466 1378
1003 1432 1378
1006 1156 1378
1008 1050 1378
1013 1101 1378
1030 1400 1378
1033 1241 1378
1060 1357 1378
206 1095 1379
207 1075 1379
208 1144 1379
210 1269 1379
210 1270 1379
210 1271 1379
210 1272 1379
211 1234 1379
212 1219 1379
226 989 1379
240 960 1379
251 936 1379
304 1069 1379
309 821 1379
317 1405 1379
318 1183 1379
318 1184 1379
318 1185 1379
320 1047 1379
321 1283 1379
322 1041 1379
326 801 1379
326 1434 1379
335 1464 1379
348 752 1379
391 1380 1379
392 1414 1379
394 672 1379
395 672 1379
399 872 1379
414 1571 1379
436 1588 1379
466 755 1379
472 1460 1379
476 1457 1379
506 647 1379
514 647 1379
542 641 1379
552 1397 1379
553 1621 1379
576 1377 1379
590 1669 1379
622 611 1379
636 1666 1379
669 1361 1379
683 539 1379
684 539 1379
689 539 1379
691 539 1379
816 684 1379
837 1511 1379
863 1502 1379
919 1338 1379
920 1338 1379
930 1031 1379
931 1127 1379
934 764 1379
947 850 1379
957 694 1379
965 1324 1379
970 648 1379
1005 1156 1379
1007 1144 1379
1010 1063 1379
1010 1424 1379
1017 1206 1379
1029 1400 1379
1040 1257 1379
1058 1311 1379
1059 1357 1379
207 1094 1380
212 1040 1380
214 1219 1380
215 1185 1380
234 971 1380
234 972 1380
234 973 1380
234 974 1380
234 1306 1380
239 963 1380
240 962 1380
250 945 1380
285 1352 1380
319 1165 1380
319 1188 1380
319 1189 1380
319 1190 1380
322 1283 1380
323 1043 1380
387 922 1380
387 1364 1380
390 673 1380
392 673 1380
392 1381 1380
393 673 1380
393 1414 1380
401 866 1380
414 1570 1380
436 1587 1380
469 1461 1380
505 648 1380
551 1616 1380
552 1396 1380
552 1618 1380
590 1668 1380
663 1644 1380
669 671 1380
670 1362 1380
673 1360 1380
689 1630 1380
722 555 1380
781 590 1380
887 1339 1380
946 851 1380
954 869 1380
967 674 1380
973 894 1380
993 1446 1380
1004 1155 1380
1005 957 1380
1006 1143 1380
1016 1205 1380
1028 1400 1380
1039 1256 1380
1049 1374 1380
1057 1312 1380
1057 1313 1380
1057 1314 1380
1057 1315 1380
1058 1321 1380
1059 1324 1380
208 1093 1381
209 1144 1381
211 1267 1381
213 1233 1381
218 1013 1381
221 1003 1381
222 998 1381
223 997 1381
224 1292 1381
235 1306 1381
236 969 1381
237 968 1381
284 1350 1381
299 860 1381
300 1118 1381
301 1119 1381
304 1124 1381
320 1194 1381
323 1176 1381
323 1283 1381
327 1432 1381
375 1335 1381
380 973 1381
381 973 1381
382 972 1381
383 972 1381
384 972 1381
385 972 1381
388 923 1381
393 1382 1381
394 1415 1381
414 1569 1381
417 789 1381
436 1586 1381
503 1594 1381
504 649 1381
544 642 1381
552 1395 1381
568 1646 1381
577 638 1381
604 1670 1381
605 1670 1381
634 1667 1381
675 1360 1381
676 1359 1381
698 1434 1381
698 1435 1381
701 538 1381
701 1409 1381
702 538 1381
703 538 1381
706 539 1381
777 1458 1381
782 591 1381
837 1508 1381
860 741 1381
863 1499 1381
905 1488 1381
906 1488 1381
907 1488 1381
908 1488 1381
930 1124 1381
930 1125 1381
932 1064 1381
964 882 1381
972 895 1381
978 1461 1381
997 1436 1381
1000 928 1381
1004 956 1381
1005 1143 1381
1006 1050 1381
1011 1097 1381
1013 1200 1381
1014 1202 1381
1015 1209 1381
1024 1232 1381
1025 1234 1381
1038 1255 1381
1049 1373 1381
209 1093 1382
213 1042 1382
218 1015 1382
220 1009 1382
221 1005 1382
305 830 1382
305 1125 1382
305 1126 1382
322 1159 1382
322 1196 1382
324 1045 1382
324 1284 1382
327 1425 1382
327 1426 1382
377 1336 1382
389 924 1382
394 1383 1382
395 1415 1382
409 819 1382
414 1568 1382
431 1477 1382
436 1585 1382
437 776 1382
502 1593 1382
552 1394 1382
563 1628 1382
594 1665 1382
596 1337 1382
596 1338 1382
633 1667 1382
651 689 1382
699 659 1382
700 1430 1382
700 1431 1382
702 538 1382
702 1408 1382
705 539 1382
707 540 1382
709 655 1382
819 686 1382
821 686 1382
841 1376 1382
855 764 1382
862 1498 1382
909 1487 1382
910 1487 1382
929 1029 1382
930 1122 1382
930 1123 1382
931 1065 1382
954 872 1382
964 883 1382
971 896 1382
979 1459 1382
998 927 1382
1003 956 1382
1008 1063 1382
1014 1211 1382
1028 1398 1382
1037 1254 1382
1049 1371 1382
1052 1301 1382
1053 1306 1382
1057 1354 1382
210 1093 1383
213 1265 1383
217 1186 1383
219 1017 1383
221 1008 1383
222 1006 1383
226 1291 1383
290 884 1383
301 863 1383
328 1428 1383
353 999 1383
353 1000 1383
353 1001 1383
353 1002 1383
353 1003 1383
374 1521 1383
379 1337 1383
395 1384 1383
405 674 1383
409 1561 1383
411 820 1383
431 1476 1383
435 1584 1383
459 1591 1383
472 759 1383
473 758 1383
503 1590 1383
535 643 1383
549 721 1383
552 1393 1383
592 1336 1383
593 1336 1383
594 1336 1383
595 1336 1383
631 1668 1383
643 600 1383
644 599 1383
652 689 1383
674 1639 1383
687 1631 1383
696 1461 1383
699 660 1383
702 539 1383
703 1407 1383
703 1427 1383
708 541 1383
709 1416 1383
710 1417 1383
728 560 1383
817 686 1383
835 624 1383
854 764 1383
885 1335 1383
903 946 1383
906 600 1383
911 1486 1383
930 1066 1383
965 674 1383
968 645 1383
970 897 1383
990 1446 1383
996 926 1383
1002 955 1383
1010 1090 1383
1013 1212 1383
1034 1250 1383
1035 1251 1383
1036 1253 1383
209 1123 1384
214 1265 1384
218 1187 1384
220 1018 1384
227 1290 1384
237 1304 1384
242 968 1384
283 1347 1384
302 864 1384
312 1064 1384
338 1470 1384
353 1006 1384
359 1507 1384
381 1339 1384
390 926 1384
413 822 1384
418 796 1384
431 1475 1384
436 1583 1384
441 778 1384
461 1591 1384
465 1459 1384
471 761 1384
474 758 1384
503 651 1384
503 1588 1384
510 1429 1384
511 1428 1384
523 1584 1384
536 644 1384
546 644 1384
565 1627 1384
593 1662 1384
630 1668 1384
680 1356 1384
702 541 1384
703 540 1384
709 542 1384
713 1419 1384
774 585 1384
815 686 1384
840 1374 1384
843 625 1384
844 625 1384
845 625 1384
858 862 1384
888 1482 1384
913 1484 1384
914 1484 1384
922 1481 1384
929 1067 1384
942 723 1384
964 674 1384
989 1446 1384
994 925 1384
1001 954 1384
1006 1193 1384
1009 1089 1384
1026 1243 1384
1042 1285 1384
1044 1288 1384
1046 1293 1384
215 1265 1385
216 1235 1385
219 1186 1385
219 1188 1385
221 1019 1385
228 1289 1385
243 969 1385
263 931 1385
288 890 1385
288 891 1385
322 1401 1385
323 1152 1385
348 1491 1385
353 1008 1385
366 725 1385
371 716 1385
374 1520 1385
396 1386 1385
396 1452 1385
407 1558 1385
412 673 1385
415 824 1385
420 797 1385
432 1474 1385
463 1591 1385
470 1590 1385
471 762 1385
471 1590 1385
472 1590 1385
473 1590 1385
492 1587 1385
516 1418 1385
517 1417 1385
537 645 1385
547 645 1385
551 722 1385
566 1626 1385
574 1365 1385
585 639 1385
661 1644 1385
676 1638 1385
685 1632 1385
710 1412 1385
714 1420 1385
855 624 1385
875 614 1385
916 1482 1385
920 1480 1385
926 1076 1385
926 1077 1385
927 1073 1385
927 1081 1385
942 722 1385
957 879 1385
961 882 1385
963 674 1385
988 1446 1385
1000 953 1385
1005 1126 1385
1013 992 1385
1017 1407 1385
212 1145 1386
217 1236 1386
220 1185 1386
220 1189 1386
222 1020 1386
229 1288 1386
239 1303 1386
244 970 1386
263 933 1386
289 893 1386
315 1062 1386
324 1280 1386
329 1045 1386
331 1435 1386
347 1010 1386
391 928 1386
396 1543 1386
398 1416 1386
416 825 1386
424 872 1386
432 1473 1386
441 781 1386
447 778 1386
450 777 1386
451 776 1386
452 775 1386
474 1589 1386
495 1584 1386
505 652 1386
505 1583 1386
506 652 1386
537 646 1386
547 646 1386
567 1625 1386
572 1642 1386
627 620 1386
654 1336 1386
660 567 1386
679 1346 1386
680 1347 1386
681 1348 1386
682 1349 1386
711 1410 1386
768 668 1386
771 583 1386
780 672 1386
805 1533 1386
806 1532 1386
837 1502 1386
856 624 1386
868 899 1386
869 900 1386
870 901 1386
871 902 1386
884 1331 1386
885 1330 1386
913 797 1386
932 1470 1386
987 1446 1386
999 952 1386
1016 1407 1386
1028 1393 1386
211 1120 1387
214 1052 1387
214 1053 1387
214 1054 1387
214 1055 1387
218 1237 1387
218 1238 1387
218 1239 1387
221 1184 1387
221 1190 1387
223 1021 1387
227 1008 1387
230 1287 1387
244 972 1387
264 934 1387
276 923 1387
323 1211 1387
324 1279 1387
325 1149 1387
359 1011 1387
374 1519 1387
399 1416 1387
413 853 1387
419 888 1387
421 671 1387
423 800 1387
433 1472 1387
436 1580 1387
439 783 1387
456 774 1387
463 1457 1387
478 1587 1387
485 1586 1387
507 1581 1387
508 1581 1387
515 653 1387
538 647 1387
573 1642 1387
586 640 1387
625 1667 1387
626 1667 1387
661 566 1387
673 1340 1387
683 1633 1387
710 1406 1387
712 1610 1387
799 680 1387
801 681 1387
806 683 1387
806 1403 1387
809 1529 1387
810 1528 1387
814 615 1387
828 1382 1387
829 1381 1387
830 1380 1387
833 794 1387
834 793 1387
834 1375 1387
835 1374 1387
838 1372 1387
857 624 1387
867 898 1387
885 1328 1387
913 792 1387
928 1475 1387
929 1473 1387
931 1201 1387
961 675 1387
967 901 1387
980 1450 1387
985 1446 1387
997 949 1387
1005 1064 1387
1015 1407 1387
1036 1373 1387
214 1070 1388
214 1146 1388
219 1240 1388
222 1184 1388
222 1191 1388
258 1323 1388
279 920 1388
287 1346 1388
321 1221 1388
322 819 1388
324 1278 1388
326 1148 1388
332 1206 1388
334 1443 1388
340 1472 1388
348 1490 1388
355 1013 1388
359 1012 1388
374 1518 1388
393 1360 1388
396 1542 1388
400 1416 1388
407 1556 1388
417 854 1388
417 855 1388
417 856 1388
418 849 1388
418 850 1388
424 671 1388
424 801 1388
428 670 1388
433 1471 1388
459 773 1388
499 1579 1388
554 724 1388
574 1642 1388
595 1657 1388
672 1325 1388
689 1351 1388
694 670 1388
791 677 1388
803 1534 1388
805 683 1388
821 1391 1388
825 1386 1388
832 795 1388
832 796 1388
832 797 1388
832 1377 1388
840 1369 1388
855 862 1388
857 1492 1388
866 897 1388
874 1481 1388
884 1326 1388
911 602 1388
915 1476 1388
930 1201 1388
957 883 1388
966 1456 1388
984 921 1388
989 930 1388
1003 1109 1388
1008 1415 1388
1009 1217 1388
1023 1245 1388
219 1267 1389
220 1032 1389
222 1029 1389
223 1184 1389
223 1191 1389
229 1009 1389
245 975 1389
245 976 1389
257 1322 1389
258 957 1389
281 919 1389
288 1346 1389
314 1230 1389
319 837 1389
323 819 1389
324 1277 1389
327 1147 1389
357 1014 1389
394 930 1389
394 1359 1389
408 1556 1389
433 670 1389
433 1470 1389
473 766 1389
575 1642 1389
617 1666 1389
620 1666 1389
621 1666 1389
622 1666 1389
662 1643 1389
673 1324 1389
694 672 1389
710 1611 1389
757 1577 1389
777 1559 1389
811 1526 1389
812 1525 1389
824 1387 1389
857 1491 1389
865 897 1389
912 1474 1389
915 990 1389
929 1200 1389
966 1455 1389
976 1450 1389
977 1449 1389
989 933 1389
994 946 1389
1002 1189 1389
1005 1418 1389
1022 1245 1389
1029 1386 1389
1032 1273 1389
1035 1277 1389
1035 1278 1389
1049 1360 1389
220 1036 1390
224 1184 1390
224 1192 1390
257 1321 1390
267 938 1390
314 1233 1390
324 1276 1390
328 1146 1390
341 1472 1390
395 931 1390
434 1469 1390
437 1578 1390
441 786 1390
461 1455 1390
473 767 1390
511 1409 1390
512 1408 1390
513 1408 1390
537 1574 1390
539 1575 1390
553 1387 1390
596 1655 1390
663 1642 1390
672 1323 1390
684 676 1390
692 674 1390
698 1352 1390
710 1611 1390
714 1402 1390
759 1574 1390
760 1573 1390
761 1572 1390
762 1571 1390
763 1570 1390
764 1569 1390
784 1431 1390
798 606 1390
801 1535 1390
833 804 1390
841 1366 1390
857 1490 1390
864 896 1390
911 1472 1390
913 603 1390
913 989 1390
914 990 1390
928 1200 1390
956 885 1390
965 1454 1390
975 1449 1390
1001 1051 1390
1001 1189 1390
1002 1128 1390
1002 1200 1390
1007 1216 1390
1009 1412 1390
1021 1245 1390
1048 1359 1390
1049 1358 1390
220 1043 1391
220 1044 1391
225 1184 1391
225 1194 1391
257 1320 1391
267 940 1391
286 914 1391
288 911 1391
289 909 1391
290 906 1391
290 1345 1391
324 1275 1391
337 1447 1391
340 1044 1391
349 1488 1391
356 1017 1391
363 1507 1391
391 1346 1391
392 1347 1391
396 932 1391
416 898 1391
423 832 1391
428 804 1391
437 1577 1391
439 670 1391
442 787 1391
471 769 1391
480 1579 1391
488 666 1391
503 753 1391
504 753 1391
508 1409 1391
557 725 1391
563 649 1391
574 1355 1391
577 1643 1391
597 1653 1391
648 1317 1391
649 1317 1391
650 1317 1391
653 1318 1391
664 1641 1391
683 1633 1391
715 1400 1391
749 1490 1391
765 578 1391
801 1534 1391
813 1523 1391
857 625 1391
870 1479 1391
932 735 1391
944 715 1391
955 885 1391
979 918 1391
984 1441 1391
991 942 1391
999 970 1391
1000 1189 1391
1001 1112 1391
1003 1419 1391
1005 1089 1391
1006 1216 1391
1011 1408 1391
221 1045 1392
221 1266 1392
226 1184 1392
226 1194 1392
233 1008 1392
233 1281 1392
251 980 1392
266 943 1392
283 924 1392
300 885 1392
314 856 1392
323 823 1392
393 1348 1392
396 1357 1392
397 932 1392
402 1391 1392
403 1418 1392
410 1554 1392
417 899 1392
424 833 1392
429 805 1392
438 1577 1392
440 671 1392
441 671 1392
442 671 1392
443 671 1392
444 671 1392
446 671 1392
447 671 1392
460 1453 1392
478 1577 1392
574 1625 1392
578 1643 1392
579 644 1392
598 1651 1392
647 1316 1392
657 1318 1392
682 680 1392
683 1633 1392
709 1611 1392
852 863 1392
856 1488 1392
875 911 1392
893 612 1392
904 971 1392
904 972 1392
906 604 1392
910 1466 1392
913 604 1392
915 1463 1392
920 1461 1392
925 1070 1392
927 1199 1392
934 853 1392
946 876 1392
977 917 1392
978 918 1392
998 969 1392
999 1189 1392
1005 1216 1392
1018 1243 1392
1048 1353 1392
1048 1354 1392
216 1071 1393
222 1045 1393
227 1185 1393
227 1194 1393
254 1315 1393
265 948 1393
266 946 1393
284 925 1393
312 871 1393
315 857 1393
323 1392 1393
324 825 1393
325 1056 1393
328 1139 1393
329 1140 1393
364 1507 1393
394 1349 1393
397 1357 1393
403 1391 1393
404 1418 1393
410 1553 1393
430 806 1393
439 1576 1393
470 772 1393
484 668 1393
560 725 1393
575 1625 1393
579 1643 1393
580 644 1393
682 682 1393
683 1633 1393
691 680 1393
718 1397 1393
752 1581 1393
786 1415 1393
813 1520 1393
816 1515 1393
845 746 1393
852 864 1393
874 913 1393
905 978 1393
933 852 1393
957 672 1393
960 1450 1393
961 1450 1393
962 1450 1393
985 1437 1393
986 1436 1393
998 1189 1393
1000 1064 1393
1047 1349 1393
1047 1350 1393
1047 1351 1393
1047 1352 1393
228 1185 1394
228 1195 1394
234 1279 1394
241 1002 1394
258 970 1394
260 967 1394
306 1101 1394
312 1368 1394
316 858 1394
322 1388 1394
326 828 1394
327 1055 1394
328 1054 1394
334 1144 1394
339 1156 1394
395 1350 1394
398 933 1394
404 1392 1394
405 1418 1394
410 1552 1394
436 1464 1394
439 1575 1394
449 672 1394
450 672 1394
470 773 1394
478 1574 1394
483 669 1394
498 664 1394
511 1566 1394
512 1567 1394
514 1568 1394
515 1568 1394
516 1568 1394
554 1383 1394
576 1625 1394
580 1642 1394
590 644 1394
615 1662 1394
628 704 1394
660 1316 1394
679 685 1394
691 682 1394
703 1352 1394
707 1612 1394
761 573 1394
762 574 1394
843 744 1394
862 894 1394
873 915 1394
910 605 1394
911 605 1394
920 604 1394
924 1070 1394
925 1455 1394
926 1454 1394
988 1433 1394
989 1432 1394
990 1431 1394
991 1430 1394
992 1429 1394
993 1428 1394
994 1427 1394
996 966 1394
997 1189 1394
1001 1122 1394
1001 1123 1394
1001 1124 1394
1001 1125 1394
1015 1241 1394
1046 1346 1394
1046 1347 1394
223 1266 1395
229 1185 1395
237 1012 1395
253 1313 1395
282 931 1395
294 1344 1395
295 1345 1395
309 1364 1395
310 1365 1395
317 859 1395
322 1387 1395
330 815 1395
330 1053 1395
342 1159 1395
353 755 1395
390 696 1395
392 695 1395
396 1351 1395
396 1536 1395
398 1355 1395
405 1392 1395
406 1418 1395
410 1551 1395
432 807 1395
440 1574 1395
447 792 1395
501 664 1395
554 1382 1395
562 726 1395
562 1597 1395
586 644 1395
601 1646 1395
615 1661 1395
661 1315 1395
673 688 1395
684 1632 1395
690 684 1395
720 1394 1395
754 567 1395
758 570 1395
759 571 1395
760 572 1395
789 1543 1395
790 1542 1395
791 1541 1395
792 1540 1395
793 1539 1395
838 629 1395
840 1359 1395
843 742 1395
851 865 1395
873 1315 1395
874 1314 1395
875 1314 1395
887 1470 1395
888 1469 1395
923 1032 1395
931 853 1395
956 1446 1395
996 1189 1395
997 1423 1395
998 1053 1395
998 1422 1395
999 1421 1395
1000 1120 1395
1000 1121 1395
1012 1401 1395
1038 1303 1395
1045 1344 1395
1045 1345 1395
218 1146 1396
224 1266 1396
230 1186 1396
281 935 1396
308 1100 1396
318 859 1396
322 1385 1396
328 1130 1396
343 1046 1396
344 1161 1396
354 755 1396
398 695 1396
406 1393 1396
452 673 1396
461 1449 1396
473 774 1396
475 672 1396
534 739 1396
554 1381 1396
563 1597 1396
581 1640 1396
592 645 1396
616 1660 1396
621 705 1396
623 705 1396
624 705 1396
625 705 1396
626 705 1396
631 1313 1396
632 1313 1396
656 1313 1396
663 566 1396
664 566 1396
665 566 1396
666 566 1396
669 567 1396
676 568 1396
677 568 1396
678 568 1396
689 686 1396
705 1613 1396
725 1394 1396
726 1395 1396
794 606 1396
832 823 1396
839 1357 1396
850 865 1396
853 1486 1396
872 917 1396
883 1469 1396
896 1462 1396
906 1460 1396
924 605 1396
942 875 1396
993 961 1396
999 1118 1396
1013 1398 1396
1014 1397 1396
232 1031 1397
246 1002 1397
261 1319 1397
270 954 1397
281 937 1397
304 1356 1397
305 1358 1397
306 1359 1397
309 1100 1397
321 1380 1397
322 1382 1397
357 1023 1397
394 1533 1397
399 1354 1397
400 934 1397
407 1394 1397
411 1550 1397
434 808 1397
438 1571 1397
448 794 1397
453 674 1397
470 776 1397
479 1570 1397
537 740 1397
557 1583 1397
564 1597 1397
581 1638 1397
585 645 1397
603 1643 1397
617 1659 1397
627 705 1397
630 1313 1397
645 1311 1397
654 1312 1397
655 1312 1397
674 691 1397
680 569 1397
685 1631 1397
688 688 1397
721 1390 1397
729 1396 1397
777 1554 1397
832 824 1397
839 1356 1397
874 1471 1397
897 1460 1397
903 986 1397
914 832 1397
925 606 1397
955 1443 1397
974 922 1397
997 1052 1397
1042 1341 1397
217 1075 1398
233 1189 1398
234 1028 1398
235 1025 1398
262 1319 1398
272 954 1398
278 943 1398
279 942 1398
328 1127 1398
340 1448 1398
341 1204 1398
344 1469 1398
347 1164 1398
394 1532 1398
408 1418 1398
411 1549 1398
444 1572 1398
453 675 1398
456 1571 1398
488 1568 1398
557 1581 1398
580 1628 1398
581 1632 1398
648 700 1398
650 1311 1398
651 1311 1398
674 692 1398
687 690 1398
699 1322 1398
700 1323 1398
711 1345 1398
722 1389 1398
747 1584 1398
818 1508 1398
839 1354 1398
850 866 1398
850 1485 1398
873 1470 1398
884 1306 1398
885 1306 1398
886 1306 1398
923 1192 1398
926 607 1398
926 738 1398
931 726 1398
933 722 1398
989 957 1398
993 1034 1398
995 1010 1398
1000 1092 1398
1041 1341 1398
227 1051 1399
234 1191 1399
237 1021 1399
238 1020 1399
247 1004 1399
277 947 1399
278 945 1399
302 1349 1399
303 900 1399
311 1099 1399
329 1126 1399
333 815 1399
342 1204 1399
344 1468 1399
351 1485 1399
365 1504 1399
366 1297 1399
367 1298 1399
368 1299 1399
371 1303 1399
372 1304 1399
393 1530 1399
411 1548 1399
436 1568 1399
437 854 1399
437 855 1399
448 1572 1399
449 796 1399
449 1572 1399
450 1572 1399
451 1572 1399
452 1572 1399
454 676 1399
459 1568 1399
475 675 1399
485 1568 1399
486 1568 1399
520 659 1399
540 1564 1399
585 646 1399
598 646 1399
618 1657 1399
619 706 1399
674 693 1399
699 1319 1399
710 1342 1399
710 1350 1399
723 1388 1399
740 1590 1399
746 1585 1399
793 606 1399
839 1352 1399
849 1484 1399
859 1320 1399
861 1473 1399
872 921 1399
872 1469 1399
873 922 1399
896 1457 1399
906 1455 1399
907 1454 1399
926 737 1399
927 608 1399
935 1442 1399
936 1442 1399
950 693 1399
958 902 1399
981 938 1399
999 1094 1399
1017 1388 1399
1038 1312 1399
1040 1341 1399
218 1077 1400
227 1262 1400
228 1053 1400
233 1202 1400
233 1203 1400
233 1204 1400
233 1205 1400
233 1206 1400
233 1207 1400
233 1208 1400
233 1209 1400
233 1210 1400
233 1211 1400
247 1006 1400
252 1308 1400
304 901 1400
304 1351 1400
321 1370 1400
322 865 1400
330 1125 1400
333 836 1400
343 1204 1400
344 1467 1400
351 1484 1400
364 1295 1400
392 1528 1400
412 1548 1400
436 1567 1400
454 677 1400
474 676 1400
475 778 1400
524 659 1400
530 1557 1400
531 658 1400
531 1557 1400
533 1558 1400
535 1559 1400
536 1560 1400
537 1561 1400
538 1562 1400
584 647 1400
655 1644 1400
675 694 1400
686 1629 1400
693 1317 1400
694 1317 1400
695 1317 1400
696 1317 1400
724 1387 1400
744 1587 1400
745 1586 1400
793 607 1400
817 1508 1400
832 830 1400
859 1319 1400
871 1468 1400
873 923 1400
907 1452 1400
916 1040 1400
922 1190 1400
928 609 1400
938 1440 1400
954 666 1400
958 903 1400
998 1095 1400
999 1090 1400
1016 1387 1400
1038 1344 1400
218 1115 1401
227 1147 1401
228 1261 1401
240 1173 1401
240 1174 1401
240 1175 1401
240 1176 1401
305 902 1401
323 1116 1401
324 1117 1401
325 1118 1401
326 1119 1401
327 1120 1401
331 1124 1401
336 1417 1401
344 1204 1401
359 1026 1401
365 1503 1401
392 1527 1401
402 701 1401
402 1355 1401
403 700 1401
421 684 1401
422 684 1401
423 684 1401
424 684 1401
436 1566 1401
455 678 1401
460 1565 1401
473 677 1401
476 779 1401
476 1563 1401
529 748 1401
537 745 1401
570 728 1401
585 647 1401
652 700 1401
652 1646 1401
676 695 1401
714 1349 1401
723 666 1401
725 1386 1401
743 1588 1401
830 1493 1401
831 1492 1401
832 831 1401
832 832 1401
832 1491 1401
833 1490 1401
848 1482 1401
874 924 1401
904 991 1401
907 1450 1401
924 738 1401
927 610 1401
929 610 1401
937 641 1401
940 1438 1401
946 1437 1401
953 665 1401
958 904 1401
963 1438 1401
995 1052 1401
997 1096 1401
1017 1385 1401
236 1216 1402
251 1306 1402
306 903 1402
322 1368 1402
332 1124 1402
335 1412 1402
345 1465 1402
354 1168 1402
375 1014 1402
378 1310 1402
411 1420 1402
423 910 1402
425 685 1402
426 685 1402
438 683 1402
451 799 1402
456 679 1402
458 1563 1402
472 678 1402
483 676 1402
525 1539 1402
526 1539 1402
534 748 1402
536 1540 1402
538 1543 1402
539 1545 1402
540 1546 1402
552 1377 1402
571 728 1402
586 1618 1402
599 1320 1402
600 1320 1402
621 1655 1402
650 1647 1402
677 696 1402
680 696 1402
682 695 1402
718 672 1402
734 1594 1402
841 729 1402
841 730 1402
860 1317 1402
889 1454 1402
900 1449 1402
904 992 1402
923 738 1402
930 611 1402
952 665 1402
958 905 1402
963 1437 1402
993 1164 1402
994 1203 1402
998 1088 1402
220 1081 1403
229 1146 1403
236 1226 1403
237 1219 1403
239 1198 1403
251 1304 1403
257 995 1403
307 904 1403
334 1125 1403
335 1400 1403
342 1443 1403
352 1482 1403
365 1502 1403
408 701 1403
427 686 1403
436 1563 1403
441 811 1403
444 682 1403
456 680 1403
469 1441 1403
478 780 1403
526 661 1403
572 728 1403
587 1617 1403
596 1320 1403
622 1654 1403
623 1654 1403
656 1642 1403
668 698 1403
669 698 1403
670 698 1403
671 698 1403
679 697 1403
700 1315 1403
716 677 1403
717 676 1403
717 1348 1403
742 1589 1403
824 1496 1403
833 834 1403
834 835 1403
838 1348 1403
911 1441 1403
919 1188 1403
920 744 1403
951 664 1403
953 899 1403
979 941 1403
992 1123 1403
992 1164 1403
993 1131 1403
993 1142 1403
1003 1228 1403
1018 1380 1403
230 1145 1404
237 1225 1404
241 1026 1404
276 961 1404
336 1402 1404
342 1438 1404
342 1439 1404
352 1481 1404
365 1501 1404
390 1522 1404
407 1358 1404
412 1397 1404
414 702 1404
425 914 1404
436 1561 1404
442 812 1404
446 682 1404
452 801 1404
456 681 1404
471 680 1404
478 679 1404
488 677 1404
525 662 1404
528 1518 1404
531 1517 1404
532 1518 1404
533 1519 1404
534 1520 1404
538 748 1404
540 658 1404
542 1512 1404
573 728 1404
624 1653 1404
631 636 1404
640 1651 1404
642 1650 1404
644 1649 1404
678 698 1404
715 679 1404
716 678 1404
732 1595 1404
838 1347 1404
865 627 1404
914 771 1404
914 1437 1404
915 770 1404
918 1187 1404
919 745 1404
931 614 1404
933 614 1404
933 866 1404
934 614 1404
934 867 1404
935 615 1404
936 616 1404
937 710 1404
950 664 1404
953 900 1404
957 907 1404
975 930 1404
978 941 1404
990 1192 1404
991 1124 1404
991 1164 1404
993 1204 1404
1002 1227 1404
221 1082 1405
239 1223 1405
246 1020 1405
257 1000 1405
297 931 1405
316 893 1405
319 1095 1405
328 865 1405
352 771 1405
353 1481 1405
365 1500 1405
389 1520 1405
399 990 1405
409 1360 1405
425 695 1405
426 693 1405
427 692 1405
427 916 1405
428 691 1405
429 690 1405
434 1559 1405
435 689 1405
443 812 1405
447 683 1405
458 1557 1405
470 681 1405
470 1558 1405
477 680 1405
492 677 1405
524 663 1405
539 748 1405
547 1520 1405
569 1592 1405
574 728 1405
589 1616 1405
625 1652 1405
626 1652 1405
627 1652 1405
628 1652 1405
634 1651 1405
635 1651 1405
636 1651 1405
637 1651 1405
638 1651 1405
639 1651 1405
677 699 1405
710 1316 1405
713 681 1405
730 1381 1405
741 1589 1405
790 609 1405
838 1346 1405
906 824 1405
918 1186 1405
922 615 1405
934 868 1405
945 1431 1405
949 664 1405
952 901 1405
977 942 1405
984 956 1405
988 1036 1405
990 1124 1405
993 999 1405
1001 1226 1405
1018 1377 1405
1027 1304 1405
1032 1352 1405
222 1082 1406
233 1144 1406
241 1029 1406
242 1200 1406
247 1020 1406
257 1003 1406
277 964 1406
277 965 1406
293 937 1406
294 936 1406
295 935 1406
318 889 1406
319 888 1406
320 887 1406
329 864 1406
332 1270 1406
351 1048 1406
366 1500 1406
368 1026 1406
388 1518 1406
389 1519 1406
391 1318 1406
392 1322 1406
392 1323 1406
392 1324 1406
392 1325 1406
413 1397 1406
417 1544 1406
437 690 1406
444 812 1406
449 683 1406
453 803 1406
458 1555 1406
467 1556 1406
469 682 1406
472 1436 1406
477 681 1406
477 1551 1406
481 781 1406
483 1430 1406
514 665 1406
523 664 1406
531 1386 1406
540 748 1406
545 658 1406
546 1528 1406
550 657 1406
552 1374 1406
553 1511 1406
557 657 1406
558 657 1406
559 657 1406
560 657 1406
561 657 1406
562 657 1406
563 657 1406
575 728 1406
590 1616 1406
639 707 1406
656 1641 1406
661 701 1406
674 700 1406
675 700 1406
676 700 1406
711 1317 1406
731 1595 1406
847 867 1406
857 1467 1406
862 628 1406
900 1443 1406
903 996 1406
912 1243 1406
933 869 1406
933 871 1406
951 902 1406
955 908 1406
964 1432 1406
986 978 1406
988 1014 1406
989 1123 1406
992 998 1406
992 1204 1406
993 1101 1406
1000 1225 1406
1020 1279 1406
1027 1329 1406
1031 1352 1406
223 1083 1407
226 1114 1407
234 1143 1407
240 1032 1407
242 1222 1407
243 1201 1407
248 1020 1407
272 1319 1407
273 1320 1407
278 967 1407
278 968 1407
294 939 1407
330 864 1407
339 820 1407
340 1127 1407
342 1429 1407
346 1459 1407
353 1479 1407
385 1311 1407
386 1515 1407
388 1517 1407
389 1315 1407
390 1316 1407
394 716 1407
412 1362 1407
432 1555 1407
433 1556 1407
445 812 1407
450 684 1407
465 1554 1407
468 683 1407
477 682 1407
482 1429 1407
483 781 1407
489 1542 1407
514 666 1407
516 1401 1407
522 665 1407
541 748 1407
548 1530 1407
552 657 1407
555 1552 1407
577 1348 1407
591 1616 1407
657 1640 1407
690 1622 1407
698 1614 1407
712 1317 1407
740 1589 1407
819 629 1407
822 1495 1407
847 868 1407
853 1468 1407
859 1465 1407
860 1464 1407
886 1299 1407
899 1442 1407
902 618 1407
903 618 1407
905 823 1407
909 1241 1407
917 1185 1407
922 1122 1407
946 899 1407
954 908 1407
965 1431 1407
988 1414 1407
992 1050 1407
1018 1273 1407
1019 1275 1407
1019 1276 1407
1019 1277 1407
1030 1353 1407
224 1083 1408
227 1114 1408
232 1251 1408
236 1142 1408
244 1202 1408
249 1021 1408
256 1009 1408
257 1008 1408
269 992 1408
275 1321 1408
313 1351 1408
331 863 1408
333 1382 1408
339 1406 1408
340 821 1408
342 1128 1408
343 1428 1408
353 1049 1408
387 1312 1408
387 1515 1408
388 1313 1408
388 1516 1408
389 1314 1408
394 717 1408
413 1363 1408
416 1542 1408
428 920 1408
432 1554 1408
441 693 1408
453 684 1408
467 684 1408
468 684 1408
473 1432 1408
479 1546 1408
480 1545 1408
491 1539 1408
499 679 1408
511 1525 1408
513 667 1408
521 666 1408
542 748 1408
552 1535 1408
556 1551 1408
574 1588 1408
576 729 1408
581 654 1408
584 1334 1408
607 713 1408
680 1631 1408
703 693 1408
704 692 1408
705 691 1408
706 690 1408
707 689 1408
713 1317 1408
730 1595 1408
813 1506 1408
823 630 1408
851 1468 1408
870 1299 1408
877 1454 1408
893 620 1408
896 620 1408
898 1441 1408
908 1239 1408
908 1240 1408
935 706 1408
952 906 1408
953 908 1408
964 930 1408
965 1430 1408
973 1427 1408
982 956 1408
986 1416 1408
987 1014 1408
991 1050 1408
991 1203 1408
992 1102 1408
994 1081 1408
1027 1308 1408
1027 1309 1408
1029 1354 1408
225 1082 1409
228 1115 1409
235 1260 1409
238 1141 1409
245 1202 1409
250 1022 1409
252 1299 1409
276 1321 1409
307 918 1409
308 917 1409
309 916 1409
332 863 1409
340 1406 1409
341 822 1409
343 1128 1409
344 1129 1409
344 1428 1409
388 1312 1409
389 1516 1409
394 718 1409
414 1364 1409
416 1541 1409
444 877 1409
446 875 1409
448 811 1409
455 805 1409
466 685 1409
470 685 1409
473 685 1409
474 685 1409
476 1429 1409
480 1542 1409
491 1537 1409
506 765 1409
509 1524 1409
513 668 1409
558 1548 1409
558 1549 1409
646 623 1409
658 704 1409
696 1615 1409
701 696 1409
702 695 1409
714 1317 1409
724 1340 1409
725 1341 1409
726 1342 1409
728 1344 1409
733 1376 1409
739 1589 1409
849 1468 1409
892 621 1409
901 794 1409
901 795 1409
904 822 1409
912 618 1409
913 618 1409
917 851 1409
920 1121 1409
945 663 1409
966 1429 1409
971 1427 1409
976 1424 1409
981 956 1409
983 1419 1409
986 1039 1409
990 1049 1409
991 1103 1409
993 1080 1409
1026 1310 1409
1028 1355 1409
226 1082 1410
229 1115 1410
236 1246 1410
236 1261 1410
241 1143 1410
241 1144 1410
242 1148 1410
246 1203 1410
251 1023 1410
252 1298 1410
271 1316 1410
277 1321 1410
328 882 1410
333 862 1410
341 1406 1410
346 1130 1410
348 1455 1410
370 753 1410
371 752 1410
371 1032 1410
372 751 1410
381 744 1410
390 1516 1410
395 719 1410
415 1365 1410
429 922 1410
436 701 1410
478 1426 1410
479 1425 1410
492 1533 1410
495 1532 1410
506 1525 1410
507 1524 1410
514 669 1410
521 669 1410
560 1546 1410
596 1616 1410
657 705 1410
678 1632 1410
699 699 1410
700 698 1410
716 1323 1410
730 1345 1410
734 1375 1410
738 1589 1410
777 1551 1410
821 1493 1410
827 631 1410
828 631 1410
829 631 1410
830 631 1410
873 1296 1410
875 1453 1410
877 622 1410
878 1294 1410
889 622 1410
890 622 1410
895 1439 1410
916 1183 1410
921 727 1410
971 943 1410
978 1422 1410
979 1421 1410
980 956 1410
980 970 1410
986 1193 1410
989 1048 1410
992 1079 1410
1006 1247 1410
227 1082 1411
230 1114 1411
237 1262 1411
238 1244 1411
247 1203 1411
252 1024 1411
255 1178 1411
316 1352 1411
321 903 1411
330 881 1411
333 1377 1411
342 1237 1411
343 800 1411
349 1454 1411
354 1477 1411
357 1049 1411
358 1048 1411
366 1496 1411
368 756 1411
368 1158 1411
372 1032 1411
372 1175 1411
373 1176 1411
374 750 1411
374 1178 1411
377 748 1411
378 747 1411
389 1311 1411
391 1516 1411
396 720 1411
416 1365 1411
417 1539 1411
459 871 1411
462 1547 1411
479 1424 1411
485 1534 1411
500 1528 1411
501 1527 1411
515 670 1411
652 707 1411
661 705 1411
678 1632 1411
731 1346 1411
735 1373 1411
735 1374 1411
737 1589 1411
777 1551 1411
823 786 1411
839 632 1411
866 929 1411
893 1439 1411
902 821 1411
915 850 1411
915 1183 1411
918 860 1411
950 912 1411
965 1426 1411
970 944 1411
979 956 1411
985 1040 1411
985 1120 1411
987 1046 1411
997 1227 1411
1014 1267 1411
231 1113 1412
238 1264 1412
248 1203 1412
256 1178 1412
336 859 1412
348 1231 1412
354 1054 1412
355 1053 1412
368 757 1412
368 1155 1412
373 1032 1412
376 1181 1412
389 739 1412
398 721 1412
401 720 1412
417 1366 1412
427 709 1412
436 1548 1412
461 1545 1412
462 1544 1412
480 1423 1412
490 784 1412
497 783 1412
510 766 1412
516 1399 1412
517 672 1412
526 671 1412
538 1477 1412
545 750 1412
549 1370 1412
566 1505 1412
566 1506 1412
566 1507 1412
566 1508 1412
566 1509 1412
580 730 1412
610 648 1412
677 1632 1412
696 703 1412
732 1347 1412
736 1372 1412
736 1589 1412
777 1551 1412
782 600 1412
838 1335 1412
857 632 1412
865 929 1412
878 1291 1412
886 1215 1412
891 1438 1412
914 850 1412
915 1182 1412
917 860 1412
939 685 1412
943 663 1412
978 956 1412
984 1040 1412
989 1076 1412
989 1101 1412
1023 1336 1412
230 1082 1413
239 1265 1413
244 1040 1413
249 1203 1413
253 1157 1413
253 1294 1413
257 1179 1413
269 1009 1413
271 1314 1413
344 826 1413
346 1066 1413
347 1065 1413
347 1425 1413
349 1062 1413
351 1059 1413
351 1229 1413
352 1228 1413
353 1227 1413
354 1055 1413
354 1226 1413
355 1225 1413
355 1476 1413
365 1213 1413
366 1212 1413
367 1211 1413
367 1495 1413
368 1210 1413
369 1208 1413
369 1209 1413
376 1029 1413
377 1183 1413
418 1367 1413
418 1537 1413
429 927 1413
437 1547 1413
461 1542 1413
462 869 1413
481 1422 1413
491 785 1413
496 784 1413
510 1502 1413
511 766 1413
527 1488 1413
564 1532 1413
565 1523 1413
566 1521 1413
567 1514 1413
569 1557 1413
569 1558 1413
577 1576 1413
581 730 1413
581 1477 1413
582 1476 1413
604 650 1413
611 648 1413
619 712 1413
625 1294 1413
674 706 1413
676 1632 1413
689 1296 1413
690 1296 1413
693 1297 1413
696 704 1413
714 1311 1413
735 1589 1413
804 1397 1413
821 1489 1413
853 633 1413
878 1290 1413
887 1438 1413
913 850 1413
916 860 1413
938 686 1413
942 664 1413
962 1423 1413
977 956 1413
984 1010 1413
988 1100 1413
995 1390 1413
1013 1268 1413
1025 1355 1413
234 1111 1414
240 1265 1414
244 1042 1414
250 1203 1414
254 1157 1414
258 1179 1414
271 1313 1414
325 900 1414
334 882 1414
338 1075 1414
339 1074 1414
348 1424 1414
361 1219 1414
362 1218 1414
367 1494 1414
371 1206 1414
377 1028 1414
378 1184 1414
381 1145 1414
392 738 1414
419 1368 1414
429 928 1414
482 1421 1414
495 785 1414
508 681 1414
508 1502 1414
512 766 1414
515 676 1414
527 673 1414
527 1486 1414
545 751 1414
549 1369 1414
565 1529 1414
572 1564 1414
574 1491 1414
575 1490 1414
576 1489 1414
577 1486 1414
586 1589 1414
587 1590 1414
675 1632 1414
684 1295 1414
685 1295 1414
686 1295 1414
687 1295 1414
703 1300 1414
706 1302 1414
713 1308 1414
715 1602 1414
734 1348 1414
734 1589 1414
776 1551 1414
864 931 1414
878 1289 1414
893 1210 1414
918 622 1414
937 687 1414
952 923 1414
978 974 1414
983 1192 1414
987 1100 1414
994 1390 1414
236 1110 1415
241 1266 1415
246 1045 1415
255 1157 1415
259 1179 1415
271 1312 1415
272 1010 1415
326 900 1415
335 883 1415
341 856 1415
345 1405 1415
352 1453 1415
361 1136 1415
363 1139 1415
364 1140 1415
368 1494 1415
373 1204 1415
379 1186 1415
385 1169 1415
393 738 1415
395 1517 1415
419 1535 1415
420 1368 1415
439 1544 1415
459 1537 1415
513 766 1415
571 1546 1415
594 1603 1415
675 1631 1415
680 708 1415
681 1294 1415
682 1294 1415
683 1294 1415
695 707 1415
735 1349 1415
738 1368 1415
761 1561 1415
787 1540 1415
788 1539 1415
791 1533 1415
819 774 1415
820 773 1415
839 1329 1415
878 1288 1415
898 1011 1415
916 1121 1415
918 623 1415
936 688 1415
940 665 1415
943 1420 1415
944 1420 1415
945 1420 1415
946 1420 1415
947 1420 1415
948 1420 1415
949 1420 1415
959 1420 1415
976 1415 1415
981 1155 1415
986 1100 1415
242 1266 1416
248 1048 1416
253 1202 1416
260 1180 1416
278 997 1416
282 983 1416
291 968 1416
297 1331 1416
300 954 1416
327 900 1416
336 885 1416
339 871 1416
346 831 1416
346 1405 1416
368 1493 1416
380 1187 1416
382 1022 1416
387 1168 1416
397 1518 1416
419 1534 1416
421 1369 1416
425 715 1416
428 714 1416
514 766 1416
615 715 1416
615 1304 1416
652 624 1416
662 710 1416
675 1630 1416
679 1293 1416
680 1293 1416
714 1603 1416
739 1367 1416
761 1561 1416
785 1542 1416
786 1541 1416
795 688 1416
798 689 1416
808 1509 1416
821 790 1416
837 855 1416
858 633 1416
878 1287 1416
914 862 1416
935 689 1416
941 1419 1416
944 912 1416
954 1419 1416
955 1419 1416
956 1419 1416
957 1419 1416
975 958 1416
980 1171 1416
982 1120 1416
985 1100 1416
997 1233 1416
1005 1250 1416
235 1082 1417
243 1266 1417
254 1202 1417
272 1311 1417
279 989 1417
279 990 1417
279 991 1417
282 985 1417
286 978 1417
310 941 1417
315 936 1417
324 918 1417
329 900 1417
347 1406 1417
368 1492 1417
384 1020 1417
388 1168 1417
398 1518 1417
399 1519 1417
403 1521 1417
406 1523 1417
410 1526 1417
419 1533 1417
422 1370 1417
452 888 1417
455 1535 1417
457 814 1417
515 766 1417
529 676 1417
574 1544 1417
575 1534 1417
575 1535 1417
575 1538 1417
575 1539 1417
579 1513 1417
586 1496 1417
603 1612 1417
604 1311 1417
631 714 1417
635 713 1417
653 624 1417
662 711 1417
675 1629 1417
679 711 1417
683 710 1417
694 710 1417
779 1548 1417
780 1547 1417
781 1546 1417
782 1545 1417
783 1544 1417
784 1543 1417
791 1530 1417
837 866 1417
859 633 1417
878 1286 1417
905 1062 1417
914 1122 1417
919 626 1417
939 1417 1417
943 912 1417
974 959 1417
977 977 1417
982 1069 1417
983 1005 1417
987 1204 1417
998 1235 1417
1011 1268 1417
1021 1341 1417
244 1267 1418
255 1203 1418
258 1156 1418
294 965 1418
295 964 1418
319 1350 1418
325 919 1418
345 857 1418
348 1407 1418
357 1472 1418
360 787 1418
369 1492 1418
386 1018 1418
389 1168 1418
393 1307 1418
397 740 1418
412 1527 1418
413 1528 1418
417 1531 1418
423 1371 1418
441 1540 1418
443 1540 1418
446 1538 1418
450 1537 1418
451 1537 1418
453 889 1418
455 886 1418
458 815 1418
492 1509 1418
516 766 1418
517 1395 1418
580 1515 1418
580 1516 1418
580 1522 1418
581 1521 1418
586 1566 1418
588 1499 1418
593 1494 1418
598 1464 1418
604 1612 1418
629 715 1418
674 1293 1418
680 712 1418
693 711 1418
713 1604 1418
861 633 1418
881 1207 1418
881 1208 1418
881 1209 1418
888 975 1418
891 1228 1418
897 804 1418
897 805 1418
897 806 1418
913 864 1418
913 1123 1418
972 959 1418
981 1121 1418
998 1236 1418
1021 1355 1418
238 1081 1419
256 1204 1419
259 1155 1419
310 944 1419
326 920 1419
330 903 1419
343 867 1419
355 1449 1419
368 767 1419
369 1491 1419
388 1016 1419
390 1168 1419
393 1306 1419
416 725 1419
453 891 1419
459 816 1419
480 696 1419
481 1512 1419
518 1394 1419
580 1545 1419
589 1502 1419
598 1495 1419
600 1462 1419
601 1313 1419
605 1612 1419
632 715 1419
655 624 1419
673 611 1419
676 1627 1419
679 713 1419
687 712 1419
693 712 1419
750 582 1419
781 685 1419
789 1531 1419
835 852 1419
861 934 1419
865 1447 1419
866 1446 1419
881 1210 1419
902 837 1419
906 847 1419
912 1123 1419
937 1414 1419
957 938 1419
958 939 1419
977 1405 1419
980 1192 1419
998 1237 1419
251 1278 1420
252 1280 1420
253 1282 1420
276 1017 1420
311 946 1420
318 940 1420
327 921 1420
331 904 1420
344 865 1420
345 862 1420
351 1409 1420
356 1449 1420
358 1471 1420
369 1490 1420
370 768 1420
376 767 1420
385 1192 1420
391 1013 1420
391 1168 1420
416 726 1420
492 692 1420
500 690 1420
586 1541 1420
589 1564 1420
590 1505 1420
590 1506 1420
591 1507 1420
592 1508 1420
592 1509 1420
592 1510 1420
593 1511 1420
594 1511 1420
597 1515 1420
601 1497 1420
604 1458 1420
605 1458 1420
606 1612 1420
609 1480 1420
653 1634 1420
678 714 1420
686 713 1420
688 713 1420
689 713 1420
704 1289 1420
705 1289 1420
706 1289 1420
708 1289 1420
739 1330 1420
740 1331 1420
772 1550 1420
861 935 1420
872 1439 1420
878 1430 1420
881 1204 1420
881 1211 1420
885 979 1420
887 1225 1420
902 838 1420
905 846 1420
911 1123 1420
919 630 1420
919 1145 1420
931 895 1420
936 1412 1420
937 663 1420
940 911 1420
975 975 1420
979 1136 1420
980 1123 1420
985 1207 1420
988 1388 1420
998 1238 1420
1010 1270 1420
1018 1358 1420
1020 1347 1420
1020 1348 1420
1020 1349 1420
1020 1350 1420
242 1081 1421
251 1277 1421
284 999 1421
328 922 1421
332 905 1421
338 1098 1421
350 1394 1421
352 1409 1421
386 1296 1421
387 1192 1421
387 1297 1421
394 1010 1421
396 1307 1421
417 728 1421
419 727 1421
451 896 1421
461 817 1421
523 1475 1421
528 1469 1421
531 1380 1421
582 1324 1421
589 1540 1421
592 1538 1421
593 1537 1421
596 1534 1421
599 1314 1421
603 1499 1421
611 1483 1421
620 717 1421
677 715 1421
714 1289 1421
715 1290 1421
741 1332 1421
742 1334 1421
744 1340 1421
744 1361 1421
745 1342 1421
745 1343 1421
745 1344 1421
745 1345 1421
758 1563 1421
850 1454 1421
861 936 1421
878 1283 1421
879 1427 1421
880 1203 1421
881 1424 1421
884 980 1421
886 1224 1421
904 844 1421
910 1123 1421
927 891 1421
933 687 1421
975 1400 1421
979 1123 1421
986 1389 1421
1010 1271 1421
1013 1292 1421
245 1111 1422
249 1266 1422
249 1271 1422
249 1272 1422
258 1291 1422
259 1207 1422
285 1000 1422
299 1330 1422
329 924 1422
333 907 1422
351 1396 1422
357 820 1422
364 1235 1422
365 1234 1422
370 1488 1422
383 1291 1422
400 744 1422
402 1314 1422
424 727 1422
427 726 1422
434 938 1422
462 818 1422
516 1483 1422
530 1465 1422
655 1633 1422
663 717 1422
673 616 1422
676 716 1422
681 600 1422
718 1291 1422
718 1296 1422
758 1563 1422
850 1453 1422
860 936 1422
880 1202 1422
881 1212 1422
883 981 1422
885 1223 1422
893 792 1422
894 1017 1422
898 831 1422
903 843 1422
909 865 1422
909 1123 1422
910 1174 1422
924 700 1422
935 1409 1422
936 662 1422
969 963 1422
973 1398 1422
977 1174 1422
978 1124 1422
980 1100 1422
985 1389 1422
1009 1272 1422
1015 1361 1422
246 1081 1423
246 1111 1423
250 1264 1423
259 1291 1423
260 1208 1423
286 1000 1423
321 1346 1423
330 925 1423
334 908 1423
334 1363 1423
348 1379 1423
349 869 1423
352 1398 1423
353 1407 1423
357 1444 1423
357 1445 1423
363 798 1423
366 781 1423
366 1233 1423
382 1288 1423
390 1192 1423
401 744 1423
407 1318 1423
432 725 1423
434 940 1423
515 1482 1423
521 1390 1423
597 1315 1423
608 1501 1423
609 1499 1423
611 1496 1423
646 1633 1423
651 629 1423
656 1632 1423
664 718 1423
675 717 1423
682 599 1423
683 598 1423
719 1292 1423
834 1319 1423
836 1318 1423
860 937 1423
861 938 1423
862 939 1423
863 940 1423
869 947 1423
874 631 1423
880 1201 1423
882 982 1423
893 1017 1423
902 841 1423
907 863 1423
908 1124 1423
909 1174 1423
923 701 1423
925 634 1423
932 685 1423
933 1407 1423
937 909 1423
963 1396 1423
966 1395 1423
969 965 1423
972 1394 1423
973 972 1423
1011 1365 1423
247 1082 1424
251 1263 1424
261 1209 1424
262 1221 1424
268 1169 1424
270 1185 1424
270 1186 1424
277 1023 1424
278 1309 1424
331 926 1424
335 908 1424
361 1469 1424
367 774 1424
368 773 1424
395 1176 1424
395 1177 1424
402 745 1424
434 941 1424
442 926 1424
500 1495 1424
511 1485 1424
512 1484 1424
560 1352 1424
597 1563 1424
612 656 1424
620 1448 1424
620 1449 1424
620 1450 1424
621 1435 1424
622 1631 1424
623 1631 1424
624 1631 1424
645 1632 1424
650 630 1424
656 1631 1424
665 719 1424
678 617 1424
703 584 1424
708 1284 1424
710 711 1424
714 710 1424
780 607 1424
803 1510 1424
820 805 1424
832 1319 1424
868 948 1424
875 631 1424
881 983 1424
893 1018 1424
907 1124 1424
922 702 1424
931 1405 1424
972 972 1424
975 1391 1424
977 1390 1424
978 1194 1424
983 1388 1424
997 1241 1424
1001 1255 1424
1009 1367 1424
249 1111 1425
253 1261 1425
261 1292 1425
262 1210 1425
263 1219 1425
269 1168 1425
271 1184 1425
277 1308 1425
322 1345 1425
332 927 1425
334 1360 1425
336 908 1425
358 1441 1425
362 1468 1425
371 1485 1425
379 1120 1425
396 1178 1425
396 1179 1425
396 1180 1425
397 1302 1425
414 1326 1425
434 942 1425
443 925 1425
454 901 1425
471 1511 1425
475 805 1425
527 1383 1425
532 1459 1425
595 1316 1425
611 1611 1425
615 655 1425
615 1509 1425
616 1625 1425
621 1630 1425
623 1473 1425
624 1471 1425
624 1484 1425
625 1630 1425
649 632 1425
650 631 1425
657 1630 1425
661 630 1425
666 720 1425
680 869 1425
681 869 1425
682 869 1425
683 869 1425
684 869 1425
707 1283 1425
707 1606 1425
716 710 1425
821 812 1425
823 1330 1425
859 937 1425
868 950 1425
880 984 1425
893 1019 1425
896 829 1425
898 1404 1425
900 840 1425
900 1403 1425
906 1124 1425
913 725 1425
921 703 1425
928 1401 1425
934 662 1425
950 1392 1425
965 963 1425
971 973 1425
976 1067 1425
976 1143 1425
976 1144 1425
997 1242 1425
1008 1367 1425
1012 1292 1425
262 1292 1426
263 1211 1426
270 1167 1426
333 928 1426
337 908 1426
363 1468 1426
372 1484 1426
379 1284 1426
384 1496 1426
385 1498 1426
386 1499 1426
387 1500 1426
388 1501 1426
434 943 1426
437 1377 1426
465 821 1426
491 798 1426
541 1366 1426
558 669 1426
560 1351 1426
600 1560 1426
605 1542 1426
606 1541 1426
612 1613 1426
612 1614 1426
615 1623 1426
616 655 1426
616 1512 1426
619 1628 1426
623 1477 1426
647 835 1426
648 634 1426
648 835 1426
649 633 1426
649 835 1426
650 835 1426
651 835 1426
652 835 1426
653 835 1426
654 835 1426
655 835 1426
656 835 1426
656 1629 1426
657 835 1426
658 834 1426
658 854 1426
659 834 1426
682 844 1426
683 844 1426
684 844 1426
685 844 1426
686 844 1426
687 844 1426
688 844 1426
689 844 1426
690 844 1426
691 844 1426
692 844 1426
695 844 1426
706 1606 1426
765 686 1426
813 773 1426
822 1329 1426
823 1323 1426
824 1322 1426
825 824 1426
876 632 1426
878 1280 1426
879 985 1426
893 1020 1426
927 1398 1426
930 683 1426
933 661 1426
947 931 1426
952 946 1426
970 973 1426
978 1098 1426
1006 1276 1426
263 1292 1427
264 1212 1427
271 1166 1427
272 1176 1427
298 983 1427
299 1326 1427
335 1359 1427
339 908 1427
355 1403 1427
364 811 1427
364 812 1427
364 1467 1427
418 1327 1427
419 1328 1427
434 944 1427
452 711 1427
456 902 1427
469 1510 1427
496 1494 1427
508 693 1427
511 692 1427
516 691 1427
556 670 1427
560 669 1427
579 662 1427
582 740 1427
603 1547 1427
603 1548 1427
604 1546 1427
613 1605 1427
613 1606 1427
613 1607 1427
614 1618 1427
614 1619 1427
615 829 1427
616 829 1427
617 829 1427
618 829 1427
619 829 1427
620 829 1427
621 829 1427
622 654 1427
622 829 1427
623 829 1427
624 829 1427
625 829 1427
626 829 1427
627 829 1427
628 829 1427
629 829 1427
630 829 1427
631 829 1427
632 828 1427
633 828 1427
634 827 1427
635 827 1427
636 827 1427
637 827 1427
638 826 1427
639 825 1427
640 824 1427
641 823 1427
642 813 1427
642 814 1427
642 815 1427
643 812 1427
643 816 1427
643 821 1427
644 813 1427
644 816 1427
644 817 1427
644 820 1427
645 813 1427
645 814 1427
645 815 1427
645 1630 1427
646 852 1427
647 852 1427
648 852 1427
649 852 1427
650 818 1427
650 851 1427
651 818 1427
651 849 1427
651 850 1427
652 818 1427
653 818 1427
654 812 1427
654 818 1427
655 813 1427
655 814 1427
655 855 1427
657 1628 1427
658 635 1427
665 833 1427
669 854 1427
669 855 1427
669 856 1427
670 853 1427
673 868 1427
760 1558 1427
813 772 1427
821 1328 1427
822 1324 1427
826 838 1427
826 839 1427
827 841 1427
872 1423 1427
878 986 1427
894 1403 1427
905 1397 1427
909 730 1427
932 661 1427
961 960 1427
977 1196 1427
996 1244 1427
1007 1362 1427
1011 1294 1427
1013 1328 1427
249 1087 1428
249 1088 1428
249 1089 1428
249 1090 1428
249 1091 1428
249 1092 1428
249 1093 1428
249 1094 1428
249 1095 1428
250 1097 1428
264 1292 1428
272 1165 1428
274 1178 1428
274 1179 1428
280 1027 1428
299 984 1428
336 1359 1428
345 1368 1428
352 885 1428
365 1468 1428
366 809 1428
394 1504 1428
403 751 1428
404 750 1428
421 1328 1428
426 736 1428
434 945 1428
440 1379 1428
445 725 1428
451 712 1428
457 902 1428
480 808 1428
482 1500 1428
490 801 1428
510 693 1428
520 1469 1428
527 766 1428
560 1350 1428
580 662 1428
611 1583 1428
620 1517 1428
628 1626 1428
635 1450 1428
635 1451 1428
635 1452 1428
635 1453 1428
635 1454 1428
645 1629 1428
649 809 1428
657 860 1428
658 861 1428
658 1627 1428
660 863 1428
661 793 1428
662 792 1428
663 791 1428
664 791 1428
667 869 1428
723 1290 1428
724 707 1428
729 581 1428
732 581 1428
744 687 1428
753 588 1428
756 1362 1428
821 1325 1428
877 987 1428
894 828 1428
905 1171 1428
907 1395 1428
918 705 1428
930 907 1428
931 661 1428
952 1388 1428
973 1037 1428
1008 1357 1428
1009 1348 1428
1009 1349 1428
1009 1350 1428
1009 1351 1428
1009 1352 1428
1009 1353 1428
1009 1354 1428
1010 1342 1428
1012 1331 1428
1012 1332 1428
1012 1333 1428
259 1062 1429
265 1291 1429
268 1050 1429
269 1049 1429
273 1164 1429
298 1324 1429
345 1367 1429
360 1072 1429
360 1434 1429
360 1435 1429
366 1468 1429
442 1517 1429
467 1509 1429
489 803 1429
494 1493 1429
520 1468 1429
573 753 1429
582 662 1429
638 1459 1429
645 796 1429
645 1628 1429
646 796 1429
647 796 1429
648 796 1429
649 796 1429
650 796 1429
651 796 1429
652 797 1429
653 797 1429
654 798 1429
654 799 1429
658 1626 1429
668 791 1429
675 824 1429
675 825 1429
675 829 1429
676 823 1429
677 822 1429
678 821 1429
679 819 1429
679 820 1429
680 816 1429
680 817 1429
680 818 1429
728 581 1429
730 581 1429
731 581 1429
753 589 1429
754 589 1429
820 1326 1429
827 844 1429
833 1466 1429
855 934 1429
866 1430 1429
875 1196 1429
877 988 1429
880 633 1429
907 1393 1429
917 706 1429
928 1389 1429
930 660 1429
954 1386 1429
956 955 1429
957 956 1429
966 973 1429
973 1039 1429
995 1245 1429
999 1257 1429
1010 1296 1429
1013 1320 1429
259 1263 1430
260 1063 1430
266 1291 1430
300 986 1430
344 1364 1430
350 892 1430
361 1433 1430
362 1072 1430
367 1468 1430
397 1504 1430
403 1507 1430
428 1331 1430
443 1516 1430
450 723 1430
493 1492 1430
501 699 1430
520 1467 1430
547 1362 1430
554 672 1430
559 1350 1430
570 837 1430
580 663 1430
584 814 1430
618 801 1430
619 802 1430
622 798 1430
623 797 1430
624 797 1430
625 797 1430
626 796 1430
627 796 1430
628 796 1430
629 796 1430
630 795 1430
631 795 1430
632 795 1430
633 794 1430
634 794 1430
635 794 1430
636 794 1430
637 794 1430
638 794 1430
639 794 1430
640 870 1430
640 871 1430
641 869 1430
642 868 1430
645 1627 1430
649 870 1430
650 871 1430
673 793 1430
674 792 1430
688 1616 1430
703 1606 1430
755 590 1430
755 1566 1430
801 1510 1430
814 715 1430
819 1327 1430
829 1306 1430
830 1306 1430
833 888 1430
873 1195 1430
876 988 1430
927 905 1430
927 1387 1430
929 660 1430
955 1384 1430
956 1383 1430
957 1382 1430
973 1041 1430
973 1066 1430
999 1258 1430
999 1370 1430
1009 1296 1430
261 1064 1431
267 1291 1431
273 1153 1431
301 988 1431
354 1382 1431
358 1405 1431
362 1431 1431
362 1432 1431
372 810 1431
398 1208 1431
404 1206 1431
406 1008 1431
428 740 1431
444 1382 1431
444 1515 1431
453 720 1431
454 718 1431
465 1508 1431
479 1499 1431
508 698 1431
553 673 1431
560 1349 1431
568 837 1431
571 817 1431
572 817 1431
573 817 1431
574 817 1431
575 754 1431
575 817 1431
578 814 1431
579 817 1431
580 817 1431
589 809 1431
612 1561 1431
614 800 1431
616 1600 1431
619 1528 1431
636 1430 1431
636 1431 1431
636 1432 1431
636 1433 1431
637 1434 1431
639 873 1431
639 1422 1431
639 1423 1431
640 1419 1431
641 1417 1431
645 1626 1431
671 880 1431
678 791 1431
684 804 1431
685 803 1431
724 583 1431
725 583 1431
750 693 1431
756 591 1431
800 1511 1431
814 1483 1431
818 1328 1431
826 845 1431
833 889 1431
833 890 1431
854 934 1431
867 965 1431
873 1194 1431
887 634 1431
902 766 1431
903 756 1431
928 659 1431
973 1043 1431
974 1045 1431
997 1370 1431
1012 1318 1431
262 1066 1432
268 1291 1432
295 1013 1432
297 1321 1432
318 1334 1432
359 1406 1432
363 1430 1432
377 786 1432
407 1008 1432
411 752 1432
433 1333 1432
445 1514 1432
463 1508 1432
470 826 1432
482 709 1432
552 674 1432
568 814 1432
583 838 1432
583 839 1432
583 840 1432
584 841 1432
585 842 1432
586 843 1432
593 805 1432
599 805 1432
600 804 1432
603 803 1432
604 802 1432
605 802 1432
608 801 1432
617 1595 1432
617 1596 1432
617 1597 1432
617 1598 1432
618 1539 1432
619 1534 1432
629 1621 1432
645 1625 1432
647 1460 1432
656 883 1432
656 884 1432
656 885 1432
657 886 1432
659 1622 1432
677 881 1432
681 788 1432
687 1617 1432
691 1272 1432
692 1272 1432
698 812 1432
698 813 1432
698 814 1432
699 809 1432
699 810 1432
699 811 1432
719 584 1432
720 584 1432
726 1287 1432
758 592 1432
811 718 1432
833 891 1432
833 893 1432
862 636 1432
862 957 1432
867 967 1432
875 988 1432
888 635 1432
889 635 1432
890 635 1432
891 635 1432
904 1169 1432
927 659 1432
971 1176 1432
973 1046 1432
973 1097 1432
989 1373 1432
994 1370 1432
998 1259 1432
1008 1298 1432
1011 1318 1432
261 1260 1433
269 1291 1433
274 1151 1433
284 1184 1433
338 1355 1433
355 1382 1433
360 1406 1433
371 1471 1433
398 1212 1433
398 1502 1433
404 1188 1433
407 1507 1433
408 1009 1433
436 1333 1433
446 1513 1433
447 1383 1433
469 710 1433
470 710 1433
471 710 1433
472 710 1433
473 710 1433
474 710 1433
476 1498 1433
486 882 1433
487 881 1433
488 809 1433
547 1446 1433
551 675 1433
581 848 1433
582 854 1433
583 855 1433
584 856 1433
584 857 1433
585 855 1433
586 855 1433
587 834 1433
587 854 1433
588 854 1433
589 854 1433
590 854 1433
591 854 1433
592 850 1433
592 851 1433
592 852 1433
592 853 1433
592 854 1433
592 855 1433
592 856 1433
592 857 1433
593 849 1433
593 853 1433
594 848 1433
594 853 1433
595 847 1433
595 854 1433
596 855 1433
596 856 1433
596 857 1433
597 854 1433
598 854 1433
600 855 1433
618 1543 1433
619 884 1433
620 883 1433
621 883 1433
622 883 1433
623 883 1433
624 883 1433
630 1620 1433
645 1624 1433
647 886 1433
647 887 1433
647 888 1433
647 891 1433
648 889 1433
648 890 1433
649 890 1433
649 1461 1433
650 890 1433
651 890 1433
652 890 1433
656 891 1433
660 890 1433
661 890 1433
665 643 1433
680 782 1433
689 787 1433
690 786 1433
695 782 1433
695 804 1433
696 781 1433
700 816 1433
701 1606 1433
704 1272 1433
705 588 1433
705 1272 1433
706 587 1433
706 805 1433
706 1272 1433
707 587 1433
707 1272 1433
708 587 1433
708 1272 1433
709 587 1433
709 804 1433
710 587 1433
710 805 1433
710 1273 1433
711 587 1433
711 806 1433
712 806 1433
712 807 1433
713 805 1433
713 808 1433
714 805 1433
714 808 1433
715 587 1433
715 806 1433
715 807 1433
726 1286 1433
729 1587 1433
761 593 1433
762 593 1433
762 696 1433
765 696 1433
766 696 1433
799 1511 1433
810 719 1433
828 1472 1433
833 894 1433
833 895 1433
853 934 1433
881 1402 1433
895 636 1433
926 658 1433
970 1017 1433
970 1120 1433
983 1374 1433
984 1374 1433
985 1374 1433
986 1374 1433
1010 1317 1433
263 1070 1434
264 1124 1434
270 1291 1434
275 1149 1434
338 1353 1434
351 903 1434
361 1406 1434
363 854 1434
376 813 1434
398 1214 1434
405 1188 1434
409 1010 1434
415 754 1434
431 744 1434
438 1333 1434
439 1334 1434
447 1512 1434
461 1507 1434
464 904 1434
490 881 1434
495 706 1434
526 857 1434
529 857 1434
530 857 1434
531 857 1434
532 857 1434
533 857 1434
534 857 1434
548 821 1434
549 820 1434
550 676 1434
550 820 1434
551 820 1434
552 819 1434
553 819 1434
554 818 1434
555 818 1434
558 816 1434
559 815 1434
562 813 1434
585 802 1434
585 862 1434
586 802 1434
592 860 1434
597 860 1434
617 886 1434
617 1583 1434
617 1584 1434
623 870 1434
645 1623 1434
651 1461 1434
656 894 1434
659 777 1434
663 890 1434
676 777 1434
681 883 1434
700 1270 1434
701 1270 1434
723 1592 1434
730 1586 1434
731 1585 1434
763 697 1434
764 697 1434
813 1371 1434
867 636 1434
873 987 1434
897 1084 1434
899 1094 1434
902 1125 1434
905 638 1434
908 639 1434
913 641 1434
925 656 1434
953 960 1434
969 1120 1434
972 1051 1434
972 1052 1434
974 1372 1434
980 1372 1434
1009 1317 1434
263 1121 1435
263 1122 1435
264 1254 1435
271 1292 1435
275 1144 1435
276 1148 1435
278 1211 1435
349 910 1435
351 906 1435
356 1381 1435
362 1406 1435
363 858 1435
363 859 1435
363 861 1435
363 862 1435
363 863 1435
363 864 1435
399 1500 1435
410 1011 1435
432 745 1435
448 1511 1435
523 857 1435
530 827 1435
544 822 1435
549 677 1435
565 853 1435
566 853 1435
597 863 1435
616 888 1435
618 888 1435
618 1580 1435
618 1581 1435
636 1506 1435
637 1504 1435
639 1501 1435
645 1622 1435
653 899 1435
655 772 1435
661 649 1435
661 772 1435
662 772 1435
663 648 1435
663 772 1435
668 754 1435
668 755 1435
669 756 1435
673 774 1435
685 1617 1435
702 609 1435
702 610 1435
702 611 1435
703 607 1435
706 601 1435
707 600 1435
708 599 1435
710 596 1435
712 739 1435
716 738 1435
717 736 1435
718 735 1435
719 734 1435
728 1285 1435
732 1584 1435
755 594 1435
763 698 1435
798 1511 1435
803 785 1435
807 802 1435
819 636 1435
820 636 1435
821 636 1435
825 849 1435
833 902 1435
839 1299 1435
850 1295 1435
859 637 1435
866 972 1435
872 986 1435
896 1082 1435
896 1083 1435
897 637 1435
914 883 1435
923 654 1435
924 683 1435
928 1379 1435
971 1091 1435
971 1098 1435
971 1099 1435
994 1254 1435
996 1257 1435
996 1258 1435
999 1278 1435
1008 1316 1435
264 1118 1436
264 1119 1436
265 1251 1436
265 1252 1436
265 1253 1436
266 1076 1436
266 1249 1436
282 1034 1436
294 1314 1436
299 1015 1436
380 814 1436
384 800 1436
384 801 1436
400 1500 1436
404 1149 1436
404 1283 1436
411 1011 1436
433 746 1436
437 955 1436
443 1333 1436
449 1510 1436
450 1510 1436
527 824 1436
528 824 1436
529 824 1436
530 824 1436
531 824 1436
532 824 1436
533 824 1436
536 829 1436
539 829 1436
563 855 1436
587 872 1436
588 872 1436
589 871 1436
590 870 1436
615 889 1436
623 891 1436
624 891 1436
635 656 1436
635 1513 1436
637 655 1436
640 654 1436
644 900 1436
645 902 1436
646 652 1436
653 902 1436
654 770 1436
656 902 1436
662 748 1436
684 632 1436
684 1617 1436
685 739 1436
687 885 1436
706 831 1436
717 799 1436
722 1593 1436
726 724 1436
727 723 1436
733 1583 1436
753 1565 1436
757 1346 1436
802 783 1436
802 784 1436
806 722 1436
806 802 1436
822 636 1436
825 850 1436
828 637 1436
832 903 1436
832 904 1436
855 1436 1436
860 637 1436
866 976 1436
869 637 1436
895 1081 1436
914 884 1436
917 646 1436
923 683 1436
928 1377 1436
970 1100 1436
977 1369 1436
1005 1302 1436
1007 1315 1436
265 1117 1437
267 1248 1437
292 1312 1437
357 1380 1437
361 1397 1437
361 1398 1437
361 1399 1437
362 1402 1437
370 843 1437
373 823 1437
376 1473 1437
378 1062 1437
379 1061 1437
380 1060 1437
381 1059 1437
382 1058 1437
405 1146 1437
405 1147 1437
405 1148 1437
413 1507 1437
445 1332 1437
451 1509 1437
456 1507 1437
476 1494 1437
477 829 1437
477 1493 1437
478 1492 1437
526 832 1437
526 833 1437
558 856 1437
567 672 1437
577 668 1437
578 668 1437
579 668 1437
580 668 1437
583 874 1437
584 874 1437
595 665 1437
614 890 1437
622 1572 1437
629 1606 1437
630 1608 1437
634 657 1437
645 905 1437
653 768 1437
656 742 1437
677 1261 1437
678 1261 1437
679 1261 1437
681 634 1437
708 834 1437
721 1593 1437
731 718 1437
735 1581 1437
805 723 1437
805 802 1437
831 638 1437
832 638 1437
832 906 1437
866 978 1437
894 1080 1437
900 1126 1437
910 1376 1437
922 684 1437
955 970 1437
960 985 1437
969 1101 1437
1006 1314 1437
266 1115 1438
268 1247 1438
275 1292 1438
283 1036 1438
304 1003 1438
362 1395 1438
365 869 1438
377 1473 1438
384 1056 1438
391 1231 1438
393 1227 1438
405 1145 1438
410 1185 1438
414 759 1438
447 1331 1438
451 1334 1438
464 913 1438
523 836 1438
569 672 1438
574 670 1438
576 669 1438
580 876 1438
597 665 1438
613 891 1438
624 1569 1438
624 1570 1438
629 1601 1438
629 1602 1438
630 1595 1438
644 1618 1438
645 1495 1438
647 907 1438
649 907 1438
650 907 1438
652 766 1438
655 907 1438
656 907 1438
656 1262 1438
664 1261 1438
665 1261 1438
665 1425 1438
666 1261 1438
667 1261 1438
668 1261 1438
669 1261 1438
670 1261 1438
671 1261 1438
681 636 1438
682 1261 1438
684 1262 1438
734 1582 1438
740 797 1438
803 723 1438
804 801 1438
832 907 1438
833 639 1438
839 1294 1438
851 1440 1438
862 638 1438
866 979 1438
868 638 1438
890 829 1438
894 1078 1438
908 721 1438
909 1375 1438
914 703 1438
921 685 1438
927 1373 1438
970 1057 1438
970 1058 1438
973 1001 1438
979 1366 1438
1005 1313 1438
284 1038 1439
284 1039 1439
293 1029 1439
345 1352 1439
358 1379 1439
378 1473 1439
404 1143 1439
438 958 1439
480 831 1439
495 1477 1439
499 815 1439
544 686 1439
548 1441 1439
577 878 1439
599 665 1439
612 892 1439
647 909 1439
647 1490 1439
661 911 1439
683 638 1439
686 1262 1439
696 885 1439
710 841 1439
710 842 1439
710 843 1439
710 844 1439
710 845 1439
711 751 1439
718 751 1439
719 750 1439
723 796 1439
734 1582 1439
738 713 1439
796 631 1439
802 724 1439
833 910 1439
835 640 1439
836 640 1439
837 640 1439
838 640 1439
839 640 1439
907 1374 1439
913 1373 1439
914 702 1439
920 685 1439
926 1372 1439
980 1364 1439
989 1251 1439
996 1341 1439
1003 1306 1439
1004 1310 1439
268 1112 1440
271 1244 1440
277 1291 1440
285 1041 1440
359 1379 1440
366 878 1440
367 873 1440
379 1473 1440
387 1053 1440
398 1225 1440
404 1142 1440
407 1030 1440
408 1029 1440
409 1028 1440
410 1027 1440
412 1024 1440
413 1022 1440
414 1018 1440
414 1019 1440
414 1020 1440
417 1506 1440
418 1506 1440
437 749 1440
494 1477 1440
560 1346 1440
574 879 1440
601 665 1440
611 893 1440
612 763 1440
613 764 1440
641 910 1440
642 910 1440
643 910 1440
644 910 1440
648 1492 1440
681 1614 1440
695 1604 1440
712 848 1440
713 759 1440
721 757 1440
721 758 1440
740 1576 1440
741 712 1440
752 598 1440
766 704 1440
800 724 1440
833 911 1440
840 641 1440
842 641 1440
843 641 1440
844 641 1440
845 641 1440
869 639 1440
893 850 1440
915 889 1440
925 1371 1440
964 1041 1440
964 1118 1440
981 1362 1440
995 1342 1440
268 1108 1441
268 1109 1441
278 1291 1441
282 1150 1441
285 1154 1441
285 1208 1441
289 1162 1441
294 1308 1441
307 1003 1441
325 1332 1441
326 1333 1441
327 1334 1441
360 1378 1441
381 1472 1441
394 778 1441
400 1038 1441
401 1037 1441
402 1036 1441
403 1035 1441
403 1140 1441
404 1034 1441
405 1033 1441
406 1032 1441
438 750 1441
475 720 1441
603 665 1441
622 766 1441
623 1261 1441
624 1262 1441
640 911 1441
643 1614 1441
649 1493 1441
661 1411 1441
671 918 1441
671 920 1441
672 919 1441
715 855 1441
715 856 1441
719 764 1441
730 1283 1441
746 598 1441
766 705 1441
824 853 1441
833 912 1441
846 1445 1441
861 1184 1441
867 1184 1441
873 1396 1441
894 857 1441
913 699 1441
966 1103 1441
967 1180 1441
994 1343 1441
269 1106 1442
283 1147 1442
294 1307 1442
350 921 1442
361 1377 1442
379 1106 1442
394 783 1442
394 784 1442
394 785 1442
394 786 1442
395 779 1442
395 1125 1442
396 1043 1442
397 1042 1442
398 1041 1442
398 1132 1442
399 1040 1442
401 777 1442
421 1505 1442
439 751 1442
459 1338 1442
475 721 1442
487 833 1442
561 884 1442
562 885 1442
568 885 1442
569 1421 1442
601 895 1442
602 895 1442
603 895 1442
604 895 1442
604 1272 1442
605 1272 1442
631 766 1442
631 1560 1442
632 766 1442
633 766 1442
634 766 1442
643 1613 1442
650 1494 1442
664 1411 1442
666 1414 1442
667 1416 1442
668 1418 1442
670 921 1442
680 918 1442
681 918 1442
682 918 1442
702 1262 1442
719 863 1442
721 766 1442
739 598 1442
743 598 1442
766 706 1442
790 628 1442
797 724 1442
797 772 1442
824 855 1442
833 913 1442
845 1446 1442
887 1034 1442
892 849 1442
894 858 1442
904 1371 1442
913 662 1442
913 697 1442
914 1369 1442
924 1368 1442
968 1059 1442
983 1359 1442
984 1357 1442
985 1355 1442
986 1354 1442
987 1251 1442
987 1353 1442
988 1352 1442
989 1351 1442
990 1350 1442
991 1349 1442
992 1347 1442
993 1344 1442
270 1104 1443
276 1073 1443
280 1234 1443
283 1141 1443
283 1142 1443
309 1002 1443
326 979 1443
336 945 1443
362 1377 1443
380 1106 1443
384 1472 1443
395 1123 1443
407 775 1443
419 1183 1443
424 1505 1443
425 1505 1443
439 962 1443
442 1318 1443
464 1496 1443
468 1494 1443
496 711 1443
531 694 1443
566 887 1443
569 887 1443
575 1417 1443
632 1557 1443
632 1558 1443
633 1534 1443
643 1612 1443
670 1447 1443
684 918 1443
708 1260 1443
709 1260 1443
710 1260 1443
711 1260 1443
712 1260 1443
715 1594 1443
721 867 1443
741 1574 1443
764 600 1443
766 707 1443
787 626 1443
796 725 1443
840 1286 1443
873 641 1443
874 641 1443
875 641 1443
877 641 1443
882 1384 1443
886 1035 1443
890 1375 1443
912 661 1443
923 1367 1443
965 1070 1443
967 1058 1443
986 1250 1443
284 1138 1444
284 1140 1444
287 1209 1444
293 1303 1444
296 1191 1444
310 1002 1444
351 923 1444
386 1472 1444
397 789 1444
401 1229 1444
412 773 1444
413 772 1444
420 1182 1444
426 1504 1444
440 1314 1444
460 1315 1444
461 1315 1444
462 1315 1444
462 1496 1444
463 1315 1444
464 1315 1444
464 1340 1444
465 726 1444
465 1314 1444
466 1314 1444
467 1314 1444
468 724 1444
468 1315 1444
468 1493 1444
469 1315 1444
489 1477 1444
492 843 1444
493 841 1444
496 712 1444
497 839 1444
498 839 1444
499 839 1444
500 839 1444
516 1458 1444
564 1340 1444
565 1339 1444
566 1338 1444
567 1337 1444
568 1336 1444
569 1335 1444
595 899 1444
606 665 1444
633 1556 1444
634 1536 1444
643 1611 1444
648 1382 1444
659 1481 1444
671 1448 1444
701 1599 1444
714 1594 1444
716 1258 1444
717 1258 1444
722 870 1444
722 871 1444
726 769 1444
729 598 1444
732 1583 1444
765 708 1444
783 625 1444
840 1284 1444
873 642 1444
878 642 1444
882 1383 1444
885 1036 1444
891 848 1444
911 661 1444
913 1367 1444
922 1366 1444
965 1179 1444
973 1148 1444
979 1211 1444
985 1249 1444
281 1235 1445
282 1289 1445
285 1137 1445
288 1210 1445
290 1299 1445
291 1300 1445
297 1191 1445
303 1024 1445
311 1002 1445
322 985 1445
331 973 1445
335 1334 1445
351 925 1445
364 1376 1445
367 889 1445
389 1475 1445
391 1478 1445
392 1480 1445
393 1482 1445
394 1483 1445
395 1118 1445
396 1485 1445
397 1486 1445
399 790 1445
402 1230 1445
427 1503 1445
428 1503 1445
431 1503 1445
440 964 1445
440 1503 1445
441 1503 1445
445 1501 1445
451 1499 1445
454 1498 1445
457 1312 1445
457 1497 1445
459 1496 1445
461 731 1445
462 730 1445
465 728 1445
469 725 1445
488 1477 1445
531 696 1445
560 681 1445
574 1328 1445
586 897 1445
587 898 1445
588 899 1445
591 901 1445
626 663 1445
634 1539 1445
634 1540 1445
634 1551 1445
634 1552 1445
634 1553 1445
634 1554 1445
635 1538 1445
643 1610 1445
645 1379 1445
646 1380 1445
663 1607 1445
672 1448 1445
686 919 1445
703 1598 1445
713 1594 1445
720 1257 1445
721 1257 1445
723 874 1445
731 1583 1445
732 1282 1445
764 709 1445
765 1337 1445
793 1514 1445
821 849 1445
843 1447 1445
872 643 1445
881 1382 1445
884 1037 1445
887 743 1445
891 646 1445
894 1127 1445
913 1365 1445
915 685 1445
984 1248 1445
988 1331 1445
994 1300 1445
994 1301 1445
276 1078 1446
285 1292 1446
286 1135 1446
286 1293 1446
287 1294 1446
296 1167 1446
298 1191 1446
299 1181 1446
322 986 1446
332 973 1446
385 1108 1446
395 1116 1446
421 771 1446
423 1012 1446
438 966 1446
438 1308 1446
447 1308 1446
452 1308 1446
469 1341 1446
497 714 1446
627 663 1446
635 1542 1446
635 1546 1446
635 1547 1446
635 1548 1446
643 1608 1446
662 926 1446
662 1606 1446
663 927 1446
666 926 1446
677 1610 1446
704 1597 1446
710 1595 1446
712 1594 1446
723 1256 1446
724 877 1446
741 1573 1446
773 1538 1446
793 1514 1446
829 1462 1446
833 1457 1446
861 1195 1446
871 644 1446
880 1381 1446
883 808 1446
892 647 1446
893 1127 1446
895 648 1446
913 1363 1446
914 685 1446
921 1362 1446
983 1247 1446
987 1332 1446
993 1305 1446
275 1099 1447
278 1249 1447
287 1056 1447
287 1133 1447
299 1191 1447
300 1180 1447
312 1003 1447
342 954 1447
397 803 1447
403 1232 1447
423 771 1447
424 1012 1447
425 770 1447
435 1304 1447
440 967 1447
449 1306 1447
456 936 1447
471 1342 1447
497 715 1447
620 926 1447
621 925 1447
646 1520 1447
661 1605 1447
665 1473 1447
676 1609 1447
677 1446 1447
688 920 1447
706 1596 1447
707 1596 1447
709 1595 1447
726 880 1447
733 1282 1447
735 773 1447
774 1537 1447
788 761 1447
823 860 1447
839 1279 1447
847 647 1447
871 645 1447
879 1380 1447
883 761 1447
883 1038 1447
893 648 1447
893 1126 1447
894 649 1447
900 714 1447
907 660 1447
913 685 1447
913 1361 1447
935 925 1447
948 968 1447
961 1345 1447
963 1099 1447
964 1057 1447
969 1204 1447
986 1332 1447
991 1308 1447
276 1097 1448
276 1098 1448
277 1094 1448
278 1251 1448
281 1280 1448
283 1237 1448
300 1191 1448
301 1169 1448
301 1180 1448
312 1004 1448
322 991 1448
333 975 1448
341 960 1448
342 957 1448
350 938 1448
351 935 1448
398 804 1448
402 1487 1448
425 1012 1448
425 1177 1448
432 770 1448
434 1300 1448
441 968 1448
448 1304 1448
456 941 1448
473 1342 1448
530 699 1448
532 887 1448
535 886 1448
537 1444 1448
540 887 1448
577 1413 1448
601 1382 1448
618 927 1448
644 1605 1448
647 1520 1448
666 1473 1448
667 928 1448
674 1608 1448
727 881 1448
727 882 1448
729 1256 1448
738 770 1448
775 1536 1448
784 761 1448
819 846 1448
835 1278 1448
839 1277 1448
840 1277 1448
871 646 1448
881 648 1448
883 1039 1448
891 1081 1448
904 659 1448
906 660 1448
912 685 1448
915 896 1448
962 1343 1448
981 1337 1448
982 1248 1448
982 1336 1448
983 1335 1448
984 1334 1448
988 1311 1448
991 1295 1448
993 1277 1448
277 1098 1449
287 1059 1449
298 1036 1449
302 1179 1449
361 1359 1449
365 1364 1449
380 874 1449
381 872 1449
403 1487 1449
405 1233 1449
426 1012 1449
426 1176 1449
442 969 1449
457 942 1449
531 888 1449
557 684 1449
580 910 1449
587 914 1449
616 929 1449
644 1602 1449
648 1521 1449
668 662 1449
674 1607 1449
693 919 1449
728 883 1449
728 884 1449
729 1582 1449
767 1545 1449
783 760 1449
839 1448 1449
854 1271 1449
861 646 1449
872 647 1449
875 648 1449
879 649 1449
883 756 1449
895 654 1449
896 655 1449
897 656 1449
898 657 1449
899 658 1449
910 685 1449
921 1357 1449
942 1352 1449
948 977 1449
960 1027 1449
962 1177 1449
964 1341 1449
981 1249 1449
278 1099 1450
279 1255 1450
288 1060 1450
295 1147 1450
296 1149 1450
297 1151 1450
298 1039 1450
298 1152 1450
302 1192 1450
303 1178 1450
304 1028 1450
334 977 1450
369 900 1450
370 899 1450
372 1380 1450
394 838 1450
396 1111 1450
404 1486 1450
406 1233 1450
427 1012 1450
437 1297 1450
457 945 1450
465 1489 1450
477 1344 1450
509 1461 1450
524 1449 1450
529 701 1450
534 890 1450
556 685 1450
564 901 1450
578 1411 1450
586 918 1450
600 1381 1450
604 670 1450
613 929 1450
621 666 1450
644 1598 1450
644 1599 1450
674 1606 1450
734 1255 1450
739 855 1450
739 856 1450
740 767 1450
791 1515 1450
839 1274 1450
888 1364 1450
913 1355 1450
943 1351 1450
948 979 1450
961 1097 1450
980 1249 1450
984 1317 1450
279 1100 1451
281 1261 1451
281 1262 1451
286 1237 1451
288 1062 1451
293 1142 1451
304 1029 1451
305 1178 1451
356 936 1451
360 1355 1451
369 903 1451
373 1380 1451
379 883 1451
426 1494 1451
427 1494 1451
438 1295 1451
443 971 1451
443 1295 1451
480 1346 1451
506 1463 1451
527 704 1451
528 703 1451
529 702 1451
536 1444 1451
549 1436 1451
551 690 1451
553 904 1451
556 686 1451
561 905 1451
579 1408 1451
630 665 1451
645 1593 1451
645 1594 1451
645 1595 1451
669 1472 1451
676 929 1451
681 1450 1451
729 1581 1451
731 891 1451
737 1255 1451
739 859 1451
741 853 1451
769 1332 1451
775 1536 1451
783 724 1451
888 1362 1451
913 1353 1451
933 939 1451
937 947 1451
943 1350 1451
960 1096 1451
961 1176 1451
962 1066 1451
962 1067 1451
982 1319 1451
989 1286 1451
280 1101 1452
287 1237 1452
289 1064 1452
358 936 1452
359 1352 1452
374 1380 1452
407 1486 1452
443 972 1452
462 1488 1452
463 1488 1452
501 1466 1452
536 893 1452
553 906 1452
579 1407 1452
632 665 1452
646 1570 1452
646 1571 1452
646 1572 1452
646 1573 1452
646 1574 1452
646 1575 1452
646 1589 1452
659 1505 1452
666 666 1452
670 1471 1452
674 1603 1452
681 1452 1452
733 893 1452
742 764 1452
840 1271 1452
944 1349 1452
948 982 1452
959 1095 1452
960 1058 1452
961 1062 1452
961 1063 1452
961 1064 1452
961 1065 1452
988 1292 1452
281 1104 1453
284 1267 1453
288 1236 1453
290 1065 1453
296 1216 1453
299 1044 1453
304 1196 1453
362 910 1453
375 1380 1453
388 847 1453
401 1110 1453
419 1490 1453
420 1139 1453
421 1140 1453
421 1491 1453
422 1141 1453
422 1491 1453
423 1142 1453
431 1011 1453
452 750 1453
460 1487 1453
461 1487 1453
482 1477 1453
500 1466 1453
510 892 1453
534 702 1453
535 894 1453
552 907 1453
593 673 1453
597 673 1453
634 666 1453
635 666 1453
636 666 1453
638 666 1453
639 666 1453
645 667 1453
647 1566 1453
647 1567 1453
647 1568 1453
647 1576 1453
647 1577 1453
647 1578 1453
647 1579 1453
647 1580 1453
647 1581 1453
652 668 1453
656 668 1453
659 668 1453
664 1380 1453
671 1470 1453
673 1602 1453
729 1580 1453
734 894 1453
734 895 1453
740 1255 1453
742 851 1453
770 1330 1453
817 1476 1453
821 865 1453
839 1270 1453
857 648 1453
859 993 1453
879 754 1453
882 788 1453
896 712 1453
925 1351 1453
944 1348 1453
958 1094 1453
963 1006 1453
965 1007 1453
968 1334 1453
987 1289 1453
285 1267 1454
289 1235 1454
291 1066 1454
305 1199 1454
317 1011 1454
352 1340 1454
376 1380 1454
391 849 1454
402 1109 1454
414 1487 1454
416 1488 1454
432 1011 1454
432 1284 1454
481 1477 1454
518 894 1454
519 894 1454
536 1443 1454
550 1434 1454
588 924 1454
592 925 1454
600 927 1454
665 1379 1454
670 667 1454
672 1469 1454
672 1601 1454
742 1254 1454
743 758 1454
744 805 1454
775 1536 1454
821 866 1454
835 935 1454
841 1444 1454
842 1443 1454
878 753 1454
883 837 1454
887 1358 1454
946 983 1454
957 1093 1454
969 1332 1454
970 1331 1454
971 1330 1454
972 1329 1454
973 1328 1454
974 1327 1454
975 1326 1454
976 1325 1454
980 1270 1454
286 1267 1455
291 1232 1455
292 1067 1455
292 1228 1455
293 1224 1455
294 1222 1455
295 1138 1455
300 1046 1455
302 1211 1455
310 1190 1455
312 1308 1455
314 1309 1455
337 982 1455
377 1381 1455
403 1109 1455
411 1235 1455
425 1143 1455
433 1012 1455
436 1204 1455
446 973 1455
447 972 1455
649 1562 1455
671 1600 1455
674 1468 1455
683 1456 1455
729 1579 1455
741 1569 1455
763 1547 1455
771 625 1455
816 1477 1455
842 1265 1455
842 1442 1455
855 1413 1455
867 653 1455
877 753 1455
882 836 1455
911 1346 1455
915 922 1455
927 1348 1455
944 1345 1455
956 1092 1455
957 1131 1455
970 1218 1455
976 1253 1455
986 1293 1455
287 1266 1456
301 1047 1456
304 1209 1456
306 1206 1456
309 1305 1456
310 1306 1456
318 1013 1456
351 1337 1456
378 1381 1456
378 1405 1456
378 1407 1456
378 1408 1456
378 1409 1456
379 1412 1456
380 1414 1456
404 1109 1456
412 1236 1456
443 1274 1456
444 1274 1456
445 1273 1456
446 1273 1456
447 1273 1456
448 1273 1456
449 1273 1456
450 1273 1456
451 1273 1456
453 1274 1456
457 958 1456
457 1273 1456
458 1273 1456
459 1273 1456
460 1273 1456
470 1273 1456
520 713 1456
551 910 1456
553 912 1456
566 687 1456
568 926 1456
569 926 1456
570 926 1456
571 926 1456
576 1308 1456
660 1510 1456
664 1374 1456
664 1375 1456
670 1599 1456
675 1468 1456
719 1226 1456
719 1227 1456
720 1228 1456
722 1233 1456
743 869 1456
762 1548 1456
772 748 1456
809 644 1456
815 1478 1456
833 937 1456
833 938 1456
843 1440 1456
868 654 1456
876 753 1456
887 1087 1456
894 714 1456
911 1344 1456
955 1091 1456
958 1173 1456
974 1249 1456
976 1256 1456
976 1257 1456
287 1110 1457
288 1266 1457
293 1231 1457
302 1048 1457
308 1303 1457
347 1332 1457
350 1335 1457
379 1382 1457
422 791 1457
437 1486 1457
438 1486 1457
439 1486 1457
440 1486 1457
441 1486 1457
442 1163 1457
442 1486 1457
443 1486 1457
444 1486 1457
452 764 1457
455 966 1457
456 965 1457
457 964 1457
458 955 1457
480 736 1457
490 726 1457
513 716 1457
514 716 1457
530 899 1457
550 1433 1457
563 926 1457
565 688 1457
577 1307 1457
583 677 1457
652 1559 1457
658 1589 1457
667 1596 1457
718 1224 1457
740 904 1457
740 905 1457
740 1569 1457
750 1253 1457
758 741 1457
759 740 1457
763 739 1457
764 740 1457
765 623 1457
772 1325 1457
775 1534 1457
779 630 1457
789 1516 1457
811 645 1457
815 1478 1457
833 939 1457
836 942 1457
843 1439 1457
854 1415 1457
868 655 1457
877 1030 1457
879 818 1457
883 728 1457
883 1048 1457
893 715 1457
911 1342 1457
944 1342 1457
975 1258 1457
975 1259 1457
983 1297 1457
289 1266 1458
294 1232 1458
297 1135 1458
303 1048 1458
307 1301 1458
308 1034 1458
308 1302 1458
314 1160 1458
320 1016 1458
349 1333 1458
350 1334 1458
380 1383 1458
380 1402 1458
389 871 1458
408 820 1458
423 792 1458
429 1146 1458
453 764 1458
464 1270 1458
465 1270 1458
466 1270 1458
467 1270 1458
477 1305 1458
478 1306 1458
479 1307 1458
480 1308 1458
481 1309 1458
482 1310 1458
483 1311 1458
484 1312 1458
496 726 1458
509 719 1458
529 900 1458
535 1442 1458
547 696 1458
551 1432 1458
578 1306 1458
583 678 1458
658 1526 1458
660 1587 1458
661 1589 1458
662 1590 1458
663 1591 1458
664 1592 1458
665 1593 1458
666 1594 1458
680 1390 1458
683 1463 1458
685 1460 1458
717 1222 1458
728 1578 1458
741 907 1458
741 908 1458
753 1252 1458
773 1324 1458
782 633 1458
788 1517 1458
815 1478 1458
869 656 1458
880 733 1458
884 846 1458
890 865 1458
892 716 1458
911 922 1458
912 1340 1458
931 1342 1458
940 981 1458
943 1340 1458
957 1170 1458
957 1171 1458
960 1202 1458
979 1303 1458
290 1113 1459
290 1266 1459
295 1233 1459
298 1288 1459
304 1049 1459
306 1299 1459
307 1300 1459
308 1035 1459
313 1156 1459
321 1017 1459
322 1309 1459
340 986 1459
364 942 1459
372 927 1459
381 1384 1459
386 1423 1459
409 821 1459
411 1115 1459
424 793 1459
438 1015 1459
438 1016 1459
477 1477 1459
494 1322 1459
494 1323 1459
497 1342 1459
502 724 1459
506 722 1459
507 721 1459
591 936 1459
592 937 1459
592 1383 1459
593 938 1459
594 939 1459
595 939 1459
596 939 1459
615 945 1459
623 949 1459
624 950 1459
626 951 1459
629 950 1459
630 950 1459
631 950 1459
659 1527 1459
663 1584 1459
666 1491 1459
666 1493 1459
667 1489 1459
680 1389 1459
696 1428 1459
715 1220 1459
717 1220 1459
718 1220 1459
727 1578 1459
742 909 1459
755 1251 1459
760 1549 1459
774 1323 1459
784 635 1459
815 1478 1459
820 870 1459
839 1259 1459
840 1257 1459
844 1435 1459
869 657 1459
876 1029 1459
881 729 1459
884 847 1459
914 1338 1459
957 1164 1459
290 1097 1460
291 1266 1460
292 1115 1460
292 1116 1460
293 1118 1460
296 1234 1460
298 1132 1460
298 1287 1460
303 1295 1460
304 1296 1460
305 1049 1460
305 1297 1460
306 1298 1460
309 1036 1460
351 1332 1460
382 1385 1460
382 1392 1460
382 1393 1460
382 1394 1460
382 1395 1460
383 1399 1460
387 1424 1460
413 1117 1460
425 794 1460
431 1147 1460
437 1027 1460
438 1020 1460
439 1017 1460
456 763 1460
495 1315 1460
496 1326 1460
498 1336 1460
547 697 1460
552 1430 1460
603 944 1460
611 945 1460
660 1527 1460
661 1565 1460
664 1578 1460
667 1495 1460
673 671 1460
681 1388 1460
695 1583 1460
713 1219 1460
720 1218 1460
739 1568 1460
757 1251 1460
774 1322 1460
785 637 1460
787 1518 1460
809 838 1460
819 648 1460
845 1432 1460
851 1166 1460
864 1382 1460
865 660 1460
866 660 1460
871 660 1460
872 660 1460
873 750 1460
884 848 1460
884 1091 1460
885 717 1460
945 1336 1460
978 1278 1460
978 1279 1460
978 1280 1460
291 1097 1461
292 1266 1461
294 1119 1461
298 1071 1461
299 1131 1461
305 1296 1461
306 1048 1461
322 1166 1461
388 1425 1461
414 1118 1461
422 797 1461
432 1148 1461
435 1037 1461
436 1035 1461
437 1030 1461
471 748 1461
474 745 1461
482 742 1461
496 1314 1461
498 1328 1461
499 1333 1461
523 1446 1461
548 698 1461
549 697 1461
551 921 1461
554 1428 1461
589 1385 1461
637 949 1461
655 1552 1461
655 1553 1461
661 1527 1461
663 1567 1461
665 1514 1461
688 1461 1461
696 1582 1461
712 1218 1461
722 1217 1461
734 915 1461
742 913 1461
758 1550 1461
760 1252 1461
774 1533 1461
775 1321 1461
785 638 1461
817 1473 1461
818 1471 1461
872 749 1461
875 1029 1461
880 661 1461
881 661 1461
883 718 1461
884 849 1461
894 1340 1461
895 682 1461
930 1337 1461
956 1157 1461
977 1281 1461
977 1282 1461
977 1283 1461
977 1284 1461
292 1097 1462
293 1266 1462
297 1237 1462
297 1282 1462
300 1129 1462
307 1048 1462
315 1034 1462
316 1033 1462
416 800 1462
417 1069 1462
419 1066 1462
434 1042 1462
474 1476 1462
497 1313 1462
514 907 1462
515 907 1462
550 698 1462
550 922 1462
551 698 1462
552 698 1462
556 698 1462
558 1421 1462
639 950 1462
640 949 1462
656 1551 1462
662 1527 1462
666 1514 1462
667 1569 1462
697 662 1462
697 1581 1462
706 654 1462
710 649 1462
724 1578 1462
756 1214 1462
756 1244 1462
776 1320 1462
789 642 1462
812 1482 1462
840 1252 1462
848 1425 1462
850 1161 1462
854 1160 1462
854 1245 1462
855 1160 1462
856 1160 1462
858 1160 1462
859 1160 1462
860 1160 1462
861 1160 1462
871 748 1462
884 850 1462
887 679 1462
914 1332 1462
948 1333 1462
966 1220 1462
976 1285 1462
976 1286 1462
293 1097 1463
294 1266 1463
299 1073 1463
308 1047 1463
325 1167 1463
352 971 1463
376 1356 1463
390 1426 1463
413 839 1463
414 1074 1463
415 1073 1463
419 802 1463
424 1061 1463
432 1047 1463
433 1046 1463
433 1148 1463
511 908 1463
550 924 1463
581 1303 1463
657 1549 1463
657 1550 1463
667 1514 1463
669 1567 1463
670 1207 1463
671 1207 1463
671 1499 1463
672 1207 1463
675 1208 1463
676 1207 1463
676 1209 1463
677 1210 1463
678 1210 1463
680 670 1463
681 1342 1463
685 1579 1463
698 1438 1463
717 965 1463
718 965 1463
737 1567 1463
756 1551 1463
758 1213 1463
759 1213 1463
761 1214 1463
763 1251 1463
776 1319 1463
786 1518 1463
812 649 1463
818 649 1463
824 1460 1463
849 1423 1463
870 747 1463
894 678 1463
894 679 1463
915 1330 1463
928 1333 1463
933 977 1463
950 1331 1463
952 1054 1463
955 1155 1463
959 1323 1463
966 1221 1463
975 1288 1463
294 1096 1464
295 1267 1464
297 1246 1464
306 1293 1464
310 1045 1464
311 1043 1464
326 1018 1464
329 1309 1464
352 972 1464
376 1354 1464
386 1383 1464
392 900 1464
416 805 1464
417 1120 1464
432 1050 1464
434 1149 1464
442 1191 1464
498 1311 1464
513 910 1464
542 1436 1464
578 1305 1464
585 1388 1464
658 677 1464
659 677 1464
659 1547 1464
660 677 1464
666 1207 1464
668 1209 1464
668 1514 1464
678 1205 1464
679 1205 1464
679 1376 1464
680 1205 1464
681 972 1464
681 1205 1464
684 972 1464
684 1383 1464
684 1577 1464
685 972 1464
686 973 1464
687 973 1464
692 1460 1464
696 665 1464
698 1442 1464
700 969 1464
708 967 1464
709 967 1464
716 1581 1464
723 965 1464
728 1213 1464
749 919 1464
755 1551 1464
756 1233 1464
765 1252 1464
769 1214 1464
770 1213 1464
771 1213 1464
772 1213 1464
869 746 1464
875 828 1464
880 674 1464
881 674 1464
882 674 1464
883 675 1464
884 675 1464
889 675 1464
890 674 1464
891 675 1464
892 675 1464
893 676 1464
916 1328 1464
929 1330 1464
954 1328 1464
955 1327 1464
956 1326 1464
957 1325 1464
965 1221 1464
973 1291 1464
295 1096 1465
307 1292 1465
327 1018 1465
331 1310 1465
334 1187 1465
350 975 1465
351 974 1465
352 973 1465
376 1352 1465
393 900 1465
397 1441 1465
400 879 1465
418 1121 1465
443 1190 1465
475 1473 1465
490 1462 1465
544 1434 1465
608 677 1465
612 677 1465
616 677 1465
617 677 1465
618 677 1465
619 677 1465
620 677 1465
651 677 1465
661 1545 1465
662 1543 1465
663 1541 1465
666 1530 1465
669 1514 1465
673 971 1465
677 1566 1465
680 1571 1465
681 1573 1465
682 1380 1465
682 1574 1465
683 1381 1465
686 1221 1465
690 975 1465
691 975 1465
693 974 1465
693 1460 1465
698 1446 1465
700 1411 1465
726 627 1465
726 965 1465
727 964 1465
736 1566 1465
751 921 1465
754 1551 1465
775 1213 1465
776 1214 1465
786 1517 1465
801 829 1465
808 1487 1465
809 1486 1465
810 650 1465
838 1149 1465
839 1150 1465
841 1245 1465
849 1422 1465
867 771 1465
868 745 1465
877 724 1465
878 723 1465
917 1326 1465
932 978 1465
953 1030 1465
953 1031 1465
954 1127 1465
972 1294 1465
296 1095 1466
300 1077 1466
311 1047 1466
332 1310 1466
338 1001 1466
365 953 1466
386 1378 1466
392 1426 1466
394 899 1466
401 880 1466
414 1087 1466
417 808 1466
441 1211 1466
444 1189 1466
469 1476 1466
474 1011 1466
475 1011 1466
476 1011 1466
477 1011 1466
488 745 1466
492 1298 1466
506 1325 1466
514 914 1466
521 1445 1466
540 1437 1466
548 928 1466
587 682 1466
614 678 1466
647 678 1466
661 970 1466
662 970 1466
663 970 1466
664 971 1466
667 1534 1466
670 1514 1466
691 977 1466
694 1460 1466
697 1578 1466
701 1411 1466
722 631 1466
723 630 1466
724 629 1466
725 628 1466
728 627 1466
729 627 1466
733 963 1466
741 961 1466
752 881 1466
767 1243 1466
770 1225 1466
771 1225 1466
772 1225 1466
775 1219 1466
777 1213 1466
835 964 1466
836 965 1466
837 966 1466
838 1148 1466
838 1153 1466
846 1173 1466
854 1399 1466
867 744 1466
873 806 1466
874 828 1466
883 854 1466
953 1105 1466
297 1094 1467
301 1079 1467
308 1227 1467
312 1048 1467
339 1000 1467
340 998 1467
354 975 1467
387 1376 1467
393 1426 1467
398 1443 1467
402 880 1467
436 1057 1467
442 1211 1467
445 1189 1467
467 1476 1467
490 746 1467
491 1460 1467
493 1296 1467
508 1323 1467
516 917 1467
518 916 1467
547 1431 1467
548 929 1467
570 934 1467
580 1392 1467
589 682 1467
622 678 1467
629 679 1467
637 971 1467
638 971 1467
639 971 1467
640 971 1467
641 971 1467
642 971 1467
643 971 1467
644 971 1467
646 971 1467
647 971 1467
648 971 1467
651 971 1467
652 971 1467
653 971 1467
671 1513 1467
681 1485 1467
681 1486 1467
681 1487 1467
681 1488 1467
681 1489 1467
681 1490 1467
687 1345 1467
689 979 1467
695 1460 1467
699 1449 1467
702 1411 1467
719 636 1467
740 1202 1467
741 626 1467
742 626 1467
743 626 1467
744 626 1467
745 626 1467
745 925 1467
746 626 1467
747 626 1467
748 626 1467
748 925 1467
749 626 1467
749 961 1467
750 961 1467
751 961 1467
753 882 1467
773 1530 1467
776 1223 1467
780 1314 1467
819 651 1467
838 1147 1467
866 744 1467
876 1351 1467
882 1128 1467
890 870 1467
931 979 1467
952 1151 1467
953 1022 1467
953 1106 1467
963 1223 1467
969 1298 1467
309 1227 1468
309 1289 1468
329 1204 1468
330 1018 1468
335 1310 1468
364 960 1468
388 1375 1468
394 1426 1468
403 881 1468
418 810 1468
427 1473 1468
428 1473 1468
446 1188 1468
476 1470 1468
517 919 1468
521 1444 1468
537 1436 1468
548 1430 1468
606 974 1468
633 971 1468
646 1220 1468
646 1221 1468
647 1222 1468
673 1513 1468
689 981 1468
694 1020 1468
695 1020 1468
696 1576 1468
711 1577 1468
717 642 1468
718 640 1468
719 638 1468
737 1199 1468
750 627 1468
751 627 1468
754 928 1468
757 926 1468
758 925 1468
774 1239 1468
779 1223 1468
781 1313 1468
820 652 1468
837 1146 1468
838 1160 1468
842 1167 1468
858 1390 1468
865 743 1468
872 805 1468
890 871 1468
897 894 1468
932 1322 1468
953 1107 1468
967 1300 1468
300 1092 1469
301 1270 1469
303 1082 1469
309 1125 1469
309 1126 1469
314 1222 1469
316 1219 1469
317 1218 1469
331 1018 1469
334 1014 1469
335 1013 1469
336 1012 1469
365 961 1469
395 1426 1469
398 899 1469
402 1447 1469
404 882 1469
419 811 1469
421 1122 1469
437 1060 1469
445 1209 1469
465 1475 1469
492 1458 1469
512 1319 1469
517 921 1469
567 935 1469
577 1395 1469
598 1254 1469
599 1254 1469
600 681 1469
625 971 1469
644 1218 1469
664 1197 1469
674 1514 1469
686 1478 1469
690 1377 1469
695 1575 1469
710 1576 1469
735 1196 1469
746 1555 1469
752 628 1469
756 931 1469
756 959 1469
782 1312 1469
806 1490 1469
820 653 1469
833 1157 1469
837 1145 1469
864 772 1469
871 805 1469
872 826 1469
874 837 1469
876 1061 1469
876 1062 1469
890 872 1469
891 1332 1469
899 908 1469
926 1320 1469
927 1320 1469
930 980 1469
953 1108 1469
302 1090 1470
310 1287 1470
314 1134 1470
318 1142 1470
321 1146 1470
322 1147 1470
336 1203 1470
347 991 1470
357 977 1470
396 1426 1470
405 884 1470
422 1123 1470
426 812 1470
446 1208 1470
477 1468 1470
498 1292 1470
509 1449 1470
549 933 1470
550 1427 1470
551 1426 1470
552 1425 1470
553 1424 1470
556 1421 1470
595 1254 1470
596 683 1470
599 682 1470
603 681 1470
604 681 1470
605 681 1470
637 1224 1470
687 1478 1470
691 1376 1470
695 1574 1470
706 987 1470
707 987 1470
708 987 1470
709 987 1470
710 987 1470
710 1575 1470
711 987 1470
712 987 1470
713 987 1470
714 987 1470
715 987 1470
732 1193 1470
745 1555 1470
753 629 1470
754 629 1470
757 936 1470
758 957 1470
759 959 1470
762 920 1470
763 921 1470
785 1516 1470
805 1491 1470
820 654 1470
837 1144 1470
857 1390 1470
860 759 1470
863 772 1470
870 804 1470
875 1063 1470
883 858 1470
890 1331 1470
948 1094 1470
950 1145 1470
950 1146 1470
952 1108 1470
952 1122 1470
952 1123 1470
965 1255 1470
302 1268 1471
304 1086 1471
311 1286 1471
316 1137 1471
317 1139 1471
336 1307 1471
347 992 1471
397 1425 1471
401 898 1471
405 1450 1471
408 877 1471
430 1470 1471
435 1076 1471
435 1077 1471
435 1078 1471
462 1474 1471
463 1474 1471
478 1466 1471
500 1292 1471
515 1316 1471
519 925 1471
550 934 1471
562 936 1471
563 936 1471
595 684 1471
599 683 1471
606 682 1471
607 682 1471
608 682 1471
612 682 1471
640 1203 1471
640 1204 1471
641 1205 1471
641 1209 1471
641 1210 1471
667 1191 1471
668 1190 1471
670 1189 1471
675 1000 1471
687 1479 1471
692 1375 1471
699 988 1471
710 1574 1471
718 1194 1471
719 1194 1471
720 1194 1471
721 1194 1471
722 1194 1471
727 1192 1471
728 1191 1471
730 1189 1471
736 1560 1471
754 1204 1471
758 937 1471
762 961 1471
821 655 1471
859 759 1471
862 772 1471
865 727 1471
869 803 1471
931 985 1471
951 1121 1471
964 1238 1471
964 1239 1471
312 1285 1472
314 1054 1472
336 1306 1472
382 935 1472
393 1371 1472
398 1425 1472
409 878 1472
434 1471 1472
436 1080 1472
451 1189 1472
478 1465 1472
494 1455 1472
501 1291 1472
514 1312 1472
517 1316 1472
520 927 1472
556 1419 1472
595 685 1472
599 684 1472
605 1359 1472
611 683 1472
638 1200 1472
649 681 1472
693 1374 1472
697 1573 1472
702 1195 1472
703 1195 1472
705 1195 1472
713 657 1472
713 658 1472
713 659 1472
714 652 1472
731 1187 1472
737 1559 1472
750 1547 1472
755 1203 1472
760 948 1472
764 963 1472
784 1219 1472
830 1235 1472
837 1143 1472
842 701 1472
861 772 1472
868 802 1472
870 824 1472
877 1101 1472
898 909 1472
933 990 1472
938 1317 1472
947 1092 1472
949 1143 1472
959 1301 1472
964 1256 1472
314 1057 1473
332 1024 1473
335 1158 1473
340 1206 1473
358 981 1473
395 1371 1473
399 1425 1473
410 879 1473
420 1463 1473
438 1471 1473
448 1472 1473
449 1472 1473
460 1473 1473
495 1454 1473
502 1290 1473
509 1448 1473
557 937 1473
575 1396 1473
595 686 1473
599 685 1473
637 1199 1473
645 682 1473
646 682 1473
650 682 1473
651 682 1473
652 682 1473
674 1183 1473
676 1530 1473
694 1373 1473
698 1572 1473
734 1186 1473
738 1558 1473
750 1546 1473
763 887 1473
766 964 1473
773 1527 1473
788 1228 1473
824 1460 1473
864 1368 1473
866 797 1473
867 801 1473
888 1328 1473
934 996 1473
934 997 1473
934 998 1473
938 1316 1473
946 1091 1473
957 1301 1473
963 1241 1473
963 1257 1473
306 1264 1474
340 1163 1474
400 1424 1474
411 880 1474
411 1452 1474
418 1461 1474
434 816 1474
436 1082 1474
451 1204 1474
454 1191 1474
457 1472 1474
459 1472 1474
521 931 1474
556 938 1474
636 1194 1474
636 1195 1474
636 1196 1474
637 1193 1474
639 1192 1474
640 1192 1474
641 1192 1474
642 1192 1474
644 683 1474
653 683 1474
699 1571 1474
707 1570 1474
710 1421 1474
735 1184 1474
758 1201 1474
766 884 1474
766 912 1474
768 966 1474
776 647 1474
784 1514 1474
791 1228 1474
822 658 1474
824 1460 1474
846 1422 1474
872 1346 1474
873 1069 1474
887 1327 1474
922 963 1474
927 982 1474
945 1090 1474
954 1186 1474
955 1300 1474
962 1258 1474
308 1088 1475
315 1061 1475
315 1281 1475
343 1207 1475
350 997 1475
359 983 1475
366 1330 1475
401 1401 1475
401 1424 1475
412 881 1475
413 1453 1475
414 1455 1475
415 855 1475
416 1459 1475
440 1470 1475
441 1470 1475
442 1066 1475
488 1268 1475
522 933 1475
555 939 1475
556 939 1475
635 1190 1475
635 1191 1475
656 684 1475
660 683 1475
661 683 1475
662 683 1475
663 683 1475
664 683 1475
665 683 1475
666 683 1475
667 683 1475
675 754 1475
677 1533 1475
687 1509 1475
691 749 1475
692 748 1475
692 1484 1475
700 1570 1475
701 1569 1475
706 1568 1475
736 1183 1475
741 643 1475
742 643 1475
743 643 1475
744 643 1475
768 910 1475
770 967 1475
772 1527 1475
793 1230 1475
794 1229 1475
795 1499 1475
823 659 1475
845 1423 1475
859 774 1475
861 726 1475
914 944 1475
922 974 1475
938 1313 1475
941 1057 1475
953 1185 1475
961 1259 1475
962 1244 1475
962 1245 1475
309 1087 1476
352 1197 1476
360 984 1476
366 1329 1476
383 943 1476
402 1402 1476
413 882 1476
457 1194 1476
489 1267 1476
524 935 1476
555 940 1476
556 940 1476
594 689 1476
599 688 1476
600 689 1476
608 980 1476
634 1188 1476
663 1028 1476
664 1027 1476
665 1027 1476
666 780 1476
666 1027 1476
667 780 1476
667 1028 1476
668 780 1476
668 1028 1476
672 780 1476
674 683 1476
674 779 1476
677 778 1476
679 777 1476
680 684 1476
680 776 1476
697 1363 1476
697 1364 1476
698 1355 1476
698 1356 1476
698 1357 1476
699 1160 1476
700 1160 1476
701 1160 1476
702 1161 1476
703 1161 1476
704 1161 1476
705 1162 1476
706 1162 1476
707 1162 1476
708 1162 1476
728 1178 1476
736 1180 1476
737 645 1476
767 895 1476
767 896 1476
771 1527 1476
772 969 1476
823 660 1476
824 1459 1476
833 1141 1476
860 727 1476
862 791 1476
862 1371 1476
871 1345 1476
872 1072 1476
893 886 1476
939 1311 1476
943 1089 1476
952 1185 1476
960 1258 1476
961 1246 1476
961 1247 1476
310 1086 1477
311 1084 1477
311 1254 1477
311 1255 1477
311 1256 1477
311 1257 1477
311 1258 1477
313 1249 1477
332 1031 1477
334 1301 1477
345 1164 1477
352 999 1477
352 1200 1477
357 1320 1477
377 1335 1477
403 1403 1477
408 896 1477
414 883 1477
445 1066 1477
458 1197 1477
459 1195 1477
489 1265 1477
493 952 1477
555 941 1477
593 690 1477
634 1184 1477
635 1183 1477
661 1028 1477
681 685 1477
681 1032 1477
682 685 1477
682 1032 1477
691 724 1477
693 1320 1477
697 1159 1477
698 1159 1477
711 1162 1477
712 1163 1477
730 646 1477
735 1175 1477
763 1199 1477
769 898 1477
771 1526 1477
787 1262 1477
789 653 1477
790 654 1477
792 1262 1477
793 1261 1477
823 661 1477
832 1141 1477
855 744 1477
859 726 1477
861 791 1477
892 885 1477
925 986 1477
940 1308 1477
941 1307 1477
959 1249 1477
312 1089 1478
312 1090 1478
312 1262 1478
316 1245 1478
316 1276 1478
317 1067 1478
323 1057 1478
329 1296 1478
330 1297 1478
331 1298 1478
346 1163 1478
353 1000 1478
378 1335 1478
404 1403 1478
406 1426 1478
415 884 1478
439 821 1478
446 1067 1478
508 1285 1478
517 1307 1478
518 1442 1478
523 940 1478
524 940 1478
554 942 1478
592 691 1478
632 688 1478
634 688 1478
634 1180 1478
641 688 1478
680 1538 1478
681 1539 1478
716 1164 1478
729 648 1478
764 1198 1478
787 653 1478
799 1493 1478
824 1458 1478
854 745 1478
860 791 1478
941 1305 1478
946 1136 1478
957 1251 1478
957 1256 1478
313 1265 1479
313 1266 1479
313 1267 1479
313 1268 1479
313 1269 1479
314 1093 1479
314 1271 1479
315 1272 1479
318 1068 1479
320 1239 1479
323 1061 1479
348 1162 1479
358 1319 1479
361 989 1479
376 959 1479
383 948 1479
404 1377 1479
404 1378 1479
404 1379 1479
405 1404 1479
406 1417 1479
440 822 1479
462 1194 1479
467 1236 1479
468 1237 1479
472 1240 1479
475 1241 1479
497 953 1479
502 952 1479
528 942 1479
549 944 1479
591 692 1479
609 1231 1479
634 1177 1479
651 1012 1479
652 1012 1479
653 1012 1479
654 1012 1479
678 688 1479
682 688 1479
684 1541 1479
685 1542 1479
686 688 1479
687 688 1479
687 1543 1479
688 688 1479
689 688 1479
689 1514 1479
691 1156 1479
697 688 1479
720 1165 1479
844 1423 1479
856 726 1479
859 791 1479
860 1374 1479
940 1302 1479
946 1278 1479
316 1078 1480
316 1097 1480
318 1104 1480
322 1235 1480
322 1236 1480
322 1237 1480
323 1064 1480
323 1234 1480
324 1285 1480
326 1289 1480
327 1053 1480
353 1164 1480
354 1165 1480
355 1001 1480
355 1166 1480
362 990 1480
379 956 1480
383 950 1480
405 1381 1480
406 1404 1480
408 1415 1480
435 835 1480
436 833 1480
438 827 1480
439 825 1480
440 1464 1480
463 1193 1480
478 1241 1480
510 1282 1480
530 944 1480
575 1391 1480
587 695 1480
602 1358 1480
607 1229 1480
636 1319 1480
645 1012 1480
669 1068 1480
670 1067 1480
675 1068 1480
676 1068 1480
677 1067 1480
678 1067 1480
678 1149 1480
690 1515 1480
721 1552 1480
723 1164 1480
739 650 1480
747 1543 1480
779 975 1480
825 1456 1480
838 1009 1480
853 1391 1480
858 791 1480
865 822 1480
939 1300 1480
945 1277 1480
948 1190 1480
317 1077 1481
318 1075 1481
319 1105 1481
319 1106 1481
320 1108 1481
327 1231 1481
329 1051 1481
335 1225 1481
356 1001 1481
358 1317 1481
370 1325 1481
381 1335 1481
382 953 1481
406 1382 1481
407 1404 1481
411 900 1481
439 1463 1481
532 946 1481
545 947 1481
559 720 1481
560 1410 1481
590 695 1481
617 717 1481
641 1014 1481
641 1015 1481
672 1148 1481
673 1151 1481
673 1152 1481
674 1153 1481
676 1146 1481
691 1516 1481
693 1543 1481
707 1467 1481
708 1379 1481
721 1551 1481
722 1014 1481
728 662 1481
783 978 1481
790 1506 1481
798 1492 1481
830 1446 1481
838 1011 1481
843 1423 1481
854 773 1481
857 791 1481
868 1081 1481
882 1321 1481
910 1309 1481
944 1276 1481
953 1249 1481
954 1220 1481
331 1049 1482
342 1025 1482
344 1022 1482
345 1021 1482
346 1020 1482
347 1019 1482
348 1018 1482
358 1316 1482
374 968 1482
383 1336 1482
407 1384 1482
408 1404 1482
412 1433 1482
413 1435 1482
414 1437 1482
416 1441 1482
417 1443 1482
484 771 1482
486 1240 1482
512 1277 1482
514 1443 1482
543 949 1482
560 720 1482
576 1389 1482
577 1388 1482
580 1200 1482
601 1218 1482
601 1219 1482
601 1220 1482
601 1223 1482
604 1216 1482
605 1215 1482
606 1214 1482
607 1215 1482
621 1038 1482
622 1038 1482
634 1017 1482
635 1015 1482
635 1018 1482
636 1013 1482
636 1019 1482
637 1012 1482
670 1147 1482
676 1143 1482
721 1550 1482
728 1012 1482
728 1016 1482
741 989 1482
826 1454 1482
827 1216 1482
849 750 1482
852 1393 1482
881 873 1482
942 1277 1482
948 1196 1482
949 1202 1482
949 1203 1482
320 1082 1483
331 1229 1483
333 1228 1483
336 1141 1483
342 1030 1483
352 1211 1483
359 1001 1483
362 996 1483
393 928 1483
408 1385 1483
410 906 1483
411 1399 1483
419 1445 1483
438 1460 1483
467 1191 1483
473 779 1483
513 1275 1483
513 1276 1483
535 949 1483
542 950 1483
598 1212 1483
615 1039 1483
617 1038 1483
624 1039 1483
634 1003 1483
640 1166 1483
660 1307 1483
675 1141 1483
687 708 1483
688 708 1483
694 1516 1483
721 1549 1483
724 1154 1483
725 1155 1483
728 1020 1483
730 1010 1483
744 1541 1483
785 1508 1483
797 1492 1483
827 1451 1483
842 1016 1483
842 1423 1483
848 751 1483
851 731 1483
852 772 1483
857 1378 1483
866 1347 1483
880 872 1483
883 1318 1483
893 911 1483
906 1308 1483
939 1280 1483
943 1273 1483
948 1206 1483
949 1211 1483
950 1214 1483
334 1046 1484
337 1140 1484
358 1313 1484
373 1323 1484
374 973 1484
386 1336 1484
402 1353 1484
470 782 1484
492 765 1484
493 764 1484
494 763 1484
514 1274 1484
591 699 1484
596 1226 1484
629 1169 1484
632 1038 1484
644 1159 1484
645 1154 1484
645 1158 1484
646 1153 1484
646 1155 1484
646 1157 1484
647 1156 1484
650 1157 1484
651 1157 1484
676 1139 1484
677 1139 1484
678 1139 1484
685 704 1484
686 702 1484
687 701 1484
688 696 1484
688 699 1484
688 700 1484
689 697 1484
689 698 1484
689 701 1484
690 702 1484
691 703 1484
705 768 1484
715 1410 1484
715 1411 1484
715 1412 1484
715 1415 1484
721 1548 1484
726 1023 1484
727 1023 1484
728 1023 1484
743 1540 1484
765 1524 1484
771 1520 1484
772 1519 1484
773 1518 1484
777 653 1484
790 985 1484
850 732 1484
851 1393 1484
893 912 1484
900 936 1484
905 1307 1484
942 1131 1484
949 1243 1484
327 1270 1485
328 1116 1485
336 1044 1485
338 1139 1485
359 1312 1485
385 955 1485
387 1335 1485
423 1447 1485
435 1457 1485
437 846 1485
457 1464 1485
468 784 1485
488 1452 1485
511 1444 1485
515 1271 1485
538 952 1485
563 1406 1485
585 1378 1485
590 700 1485
630 1321 1485
648 1150 1485
652 1149 1485
653 1149 1485
658 1306 1485
672 704 1485
675 1137 1485
676 703 1485
677 703 1485
697 1514 1485
720 1547 1485
721 1547 1485
729 1026 1485
733 1024 1485
741 1541 1485
776 654 1485
792 987 1485
814 1471 1485
834 1437 1485
848 734 1485
850 771 1485
887 883 1485
891 906 1485
893 913 1485
899 935 1485
936 1052 1485
949 1223 1485
949 1224 1485
949 1225 1485
326 1267 1486
327 1268 1486
330 1121 1486
331 1124 1486
333 1127 1486
334 1128 1486
335 1129 1486
345 1296 1486
360 1311 1486
388 1334 1486
402 1350 1486
420 891 1486
425 1448 1486
439 845 1486
457 1463 1486
458 1068 1486
461 790 1486
468 787 1486
499 1237 1486
500 1237 1486
504 1238 1486
505 1238 1486
506 1016 1486
510 1444 1486
516 1264 1486
516 1265 1486
516 1266 1486
516 1267 1486
516 1268 1486
516 1269 1486
568 715 1486
586 1377 1486
589 701 1486
598 1194 1486
598 1195 1486
598 1196 1486
601 1199 1486
602 1199 1486
603 1199 1486
604 1199 1486
605 1199 1486
620 1055 1486
626 1164 1486
627 1162 1486
628 1159 1486
628 1322 1486
629 1158 1486
650 1307 1486
651 752 1486
667 704 1486
698 1515 1486
716 1406 1486
716 1407 1486
716 1417 1486
719 1143 1486
719 1546 1486
724 1546 1486
735 1158 1486
754 1003 1486
754 1004 1486
755 1005 1486
756 1006 1486
756 1007 1486
756 1008 1486
757 1009 1486
758 1010 1486
759 1011 1486
761 1523 1486
774 1188 1486
780 1187 1486
781 1187 1486
809 1476 1486
810 1475 1486
811 1474 1486
812 1473 1486
813 1472 1486
815 1470 1486
835 1435 1486
846 735 1486
887 884 1486
893 914 1486
903 1304 1486
939 1104 1486
948 1226 1486
948 1227 1486
948 1228 1486
948 1229 1486
326 1265 1487
328 1252 1487
329 1250 1487
335 1240 1487
339 1044 1487
345 1295 1487
376 1322 1487
389 1333 1487
402 1346 1487
410 1360 1487
417 1407 1487
429 1450 1487
431 1451 1487
458 1150 1487
462 791 1487
463 792 1487
464 792 1487
465 791 1487
466 790 1487
476 1206 1487
477 1205 1487
479 1203 1487
480 1201 1487
487 1452 1487
495 1042 1487
495 1046 1487
495 1047 1487
495 1048 1487
495 1049 1487
496 1041 1487
496 1050 1487
496 1051 1487
504 1446 1487
508 1239 1487
509 1240 1487
514 1017 1487
515 1017 1487
516 1017 1487
516 1260 1487
517 1017 1487
599 1359 1487
611 1045 1487
615 1338 1487
619 1058 1487
622 1059 1487
630 1155 1487
637 1131 1487
638 1131 1487
639 1131 1487
640 1131 1487
641 1045 1487
641 1131 1487
642 1045 1487
642 1131 1487
645 1044 1487
662 701 1487
681 1135 1487
701 1538 1487
712 1442 1487
717 1417 1487
718 1545 1487
719 1140 1487
726 1545 1487
728 1544 1487
730 1543 1487
731 1035 1487
732 1034 1487
732 1542 1487
736 1541 1487
759 1523 1487
781 1184 1487
787 1186 1487
792 1495 1487
797 1489 1487
803 1482 1487
816 1468 1487
826 1452 1487
853 802 1487
863 1353 1487
890 904 1487
893 915 1487
937 1088 1487
946 1240 1487
947 1234 1487
326 1258 1488
326 1259 1488
326 1260 1488
326 1261 1488
327 1092 1488
327 1094 1488
327 1256 1488
332 1245 1488
333 1244 1488
343 1231 1488
344 1229 1488
345 1036 1488
345 1228 1488
345 1294 1488
346 1227 1488
356 1306 1488
357 1307 1488
361 1210 1488
375 978 1488
387 958 1488
418 1406 1488
443 844 1488
459 1149 1488
477 1187 1488
483 1196 1488
495 1058 1488
496 1056 1488
565 1402 1488
582 971 1488
586 704 1488
587 1376 1488
624 1060 1488
636 1131 1488
644 1130 1488
703 1536 1488
713 1542 1488
715 1543 1488
717 1402 1488
717 1403 1488
718 1418 1488
719 1137 1488
721 1033 1488
732 1038 1488
757 1523 1488
766 999 1488
770 998 1488
795 992 1488
797 670 1488
802 1483 1488
817 1465 1488
836 1433 1488
838 1430 1488
839 1427 1488
841 738 1488
847 769 1488
893 916 1488
905 1301 1488
912 976 1488
937 1089 1488
938 1103 1488
944 1247 1488
328 1096 1489
345 1293 1489
356 1305 1489
366 1004 1489
437 867 1489
460 1134 1489
460 1148 1489
461 1136 1489
466 1097 1489
467 1097 1489
468 1098 1489
469 1098 1489
479 1187 1489
492 1061 1489
499 1054 1489
501 1447 1489
566 1400 1489
576 1042 1489
576 1043 1489
577 1044 1489
577 1045 1489
577 1046 1489
577 1047 1489
577 1048 1489
577 1049 1489
578 1050 1489
578 1051 1489
578 1052 1489
579 971 1489
579 1053 1489
579 1054 1489
579 1055 1489
580 1056 1489
580 1057 1489
581 1058 1489
582 709 1489
583 708 1489
588 706 1489
595 1364 1489
604 1184 1489
605 1183 1489
635 1130 1489
678 1132 1489
679 1132 1489
700 1519 1489
707 1536 1489
708 1537 1489
709 1037 1489
709 1538 1489
710 1539 1489
711 1540 1489
715 1372 1489
720 1136 1489
733 1040 1489
755 1523 1489
766 1014 1489
769 657 1489
770 657 1489
771 657 1489
771 1002 1489
772 657 1489
773 1000 1489
777 998 1489
790 1496 1489
799 1486 1489
800 1485 1489
826 1451 1489
839 739 1489
846 768 1489
849 1031 1489
885 885 1489
893 917 1489
894 919 1489
939 1264 1489
943 1248 1489
351 1030 1490
360 1213 1490
377 986 1490
382 1322 1490
388 960 1490
414 1357 1490
420 1405 1490
444 848 1490
444 849 1490
447 843 1490
452 1122 1490
454 1124 1490
455 1125 1490
461 1147 1490
462 1137 1490
462 1138 1490
462 1139 1490
497 1062 1490
500 1447 1490
501 1054 1490
501 1094 1490
502 1094 1490
567 1398 1490
584 1062 1490
587 1031 1490
588 1031 1490
589 1032 1490
590 1033 1490
593 1367 1490
601 1355 1490
634 1130 1490
655 1304 1490
669 1130 1490
701 1523 1490
702 1527 1490
703 1529 1490
704 1488 1490
704 1531 1490
713 1445 1490
721 1135 1490
735 1042 1490
751 1522 1490
777 1002 1490
894 920 1490
907 1298 1490
919 1292 1490
920 1291 1490
921 1290 1490
922 1289 1490
923 1288 1490
924 1287 1490
932 1053 1490
936 1269 1490
941 1254 1490
942 1249 1490
942 1250 1490
942 1251 1490
329 1085 1491
330 1083 1491
331 1075 1491
331 1076 1491
331 1077 1491
331 1078 1491
332 1071 1491
340 1050 1491
340 1051 1491
354 1028 1491
360 1215 1491
392 1328 1491
409 919 1491
421 1404 1491
423 896 1491
438 870 1491
455 1457 1491
463 1141 1491
484 1451 1491
487 1189 1491
489 1072 1491
489 1073 1491
490 1074 1491
490 1075 1491
490 1078 1491
491 1079 1491
491 1080 1491
503 1054 1491
509 1442 1491
520 1245 1491
546 993 1491
547 993 1491
548 993 1491
549 993 1491
550 993 1491
573 972 1491
581 1228 1491
585 1065 1491
589 1373 1491
592 995 1491
592 1368 1491
596 1078 1491
597 1079 1491
597 1080 1491
601 1354 1491
607 1180 1491
633 1131 1491
715 1381 1491
722 1134 1491
746 1521 1491
747 1521 1491
748 1521 1491
761 659 1491
774 1165 1491
775 1165 1491
776 1165 1491
777 1165 1491
778 1165 1491
779 1004 1491
785 1173 1491
790 1174 1491
839 1425 1491
894 924 1491
894 925 1491
894 926 1491
907 1297 1491
915 1294 1491
916 1293 1491
927 1283 1491
928 1282 1491
929 1280 1491
931 1277 1491
932 1276 1491
933 1273 1491
933 1274 1491
937 1100 1491
333 1103 1492
346 1290 1492
355 1300 1492
357 1026 1492
361 1216 1492
370 1007 1492
375 1199 1492
385 1322 1492
390 1326 1492
423 1402 1492
455 1456 1492
488 1188 1492
497 1081 1492
498 1446 1492
506 1052 1492
507 995 1492
511 996 1492
523 1244 1492
551 1412 1492
553 993 1492
567 1021 1492
568 1020 1492
568 1396 1492
569 1020 1492
570 972 1492
571 1020 1492
572 1020 1492
573 1020 1492
574 1015 1492
574 1020 1492
575 1016 1492
575 1017 1492
575 1018 1492
575 1019 1492
575 1020 1492
576 1021 1492
577 1022 1492
577 1028 1492
578 1024 1492
578 1026 1492
579 1022 1492
580 998 1492
580 1021 1492
581 998 1492
582 998 1492
583 998 1492
599 1085 1492
600 1086 1492
601 1353 1492
632 1131 1492
656 1303 1492
716 1382 1492
720 765 1492
723 1133 1492
723 1420 1492
731 1047 1492
736 1048 1492
759 660 1492
770 1165 1492
780 1005 1492
812 678 1492
830 731 1492
847 1044 1492
936 1093 1492
936 1260 1492
335 1105 1493
346 1288 1493
355 1299 1493
362 1217 1493
373 1204 1493
378 1163 1493
411 920 1493
417 1352 1493
453 1453 1493
508 1442 1493
509 1053 1493
511 991 1493
512 1046 1493
514 1043 1493
515 1042 1493
516 1041 1493
517 1040 1493
518 1039 1493
519 1038 1493
521 1037 1493
531 1424 1493
532 1040 1493
532 1042 1493
533 1043 1493
534 1037 1493
534 1038 1493
570 1007 1493
570 1008 1493
570 1009 1493
574 1002 1493
574 1229 1493
601 1352 1493
602 1089 1493
615 1334 1493
639 1087 1493
640 1087 1493
641 1087 1493
642 1087 1493
643 1087 1493
644 1087 1493
667 1084 1493
700 1081 1493
701 1082 1493
702 1083 1493
702 1084 1493
702 1085 1493
709 1499 1493
709 1500 1493
710 1496 1493
710 1510 1493
710 1511 1493
717 1382 1493
721 730 1493
724 1132 1493
726 1051 1493
736 1051 1493
739 664 1493
757 661 1493
787 1497 1493
838 1424 1493
842 1050 1493
852 1379 1493
871 848 1493
934 1259 1493
937 1123 1493
940 1140 1493
342 1276 1494
361 1025 1494
363 1218 1494
370 1153 1494
371 1154 1494
373 1206 1494
380 991 1494
424 1359 1494
425 899 1494
452 1451 1494
453 842 1494
481 1108 1494
510 1055 1494
518 987 1494
531 1242 1494
536 1035 1494
550 1412 1494
564 1225 1494
565 1226 1494
565 1227 1494
566 1229 1494
568 1395 1494
576 1263 1494
604 1092 1494
624 1148 1494
676 1293 1494
713 1520 1494
718 1383 1494
722 1394 1494
735 1054 1494
740 665 1494
749 664 1494
752 1048 1494
753 1048 1494
754 663 1494
756 662 1494
786 1497 1494
818 684 1494
819 684 1494
820 685 1494
821 686 1494
823 688 1494
824 689 1494
824 690 1494
826 1449 1494
827 731 1494
840 1050 1494
845 1058 1494
856 1366 1494
859 821 1494
933 1254 1494
936 1123 1494
339 1110 1495
340 1270 1495
347 1284 1495
356 1296 1495
364 1219 1495
371 1307 1495
419 1349 1495
428 1397 1495
491 1184 1495
529 1425 1495
535 747 1495
536 746 1495
537 745 1495
540 1055 1495
541 1054 1495
542 1054 1495
543 1053 1495
562 1104 1495
563 1104 1495
564 1104 1495
565 1104 1495
566 1074 1495
567 1075 1495
568 1076 1495
569 1077 1495
570 1078 1495
571 1079 1495
572 1080 1495
573 1081 1495
579 717 1495
602 1349 1495
616 1332 1495
623 1102 1495
623 1103 1495
623 1104 1495
624 1099 1495
624 1100 1495
624 1101 1495
625 1097 1495
625 1098 1495
629 847 1495
630 847 1495
631 847 1495
656 1301 1495
699 1094 1495
715 1335 1495
715 1338 1495
718 1524 1495
719 1384 1495
727 1526 1495
741 666 1495
745 666 1495
761 1043 1495
762 1044 1495
763 1045 1495
826 732 1495
838 1049 1495
882 886 1495
907 1289 1495
928 1261 1495
929 1057 1495
929 1058 1495
933 1249 1495
935 1122 1495
939 1142 1495
341 1112 1496
348 1283 1496
356 1136 1496
357 1295 1496
358 1140 1496
359 1141 1496
360 1142 1496
361 1143 1496
365 1146 1496
420 1347 1496
431 1395 1496
484 1112 1496
493 1445 1496
501 777 1496
535 748 1496
535 749 1496
535 750 1496
536 751 1496
536 1245 1496
537 1244 1496
539 745 1496
542 1061 1496
543 1062 1496
549 1412 1496
558 1069 1496
559 1069 1496
569 1393 1496
576 720 1496
577 719 1496
616 845 1496
616 1331 1496
622 1147 1496
646 843 1496
647 843 1496
648 843 1496
654 839 1496
655 839 1496
656 839 1496
657 839 1496
658 838 1496
659 838 1496
660 837 1496
661 837 1496
662 836 1496
663 836 1496
665 835 1496
666 833 1496
666 834 1496
716 1334 1496
718 1346 1496
719 709 1496
719 1349 1496
720 1384 1496
723 1527 1496
724 1527 1496
725 1528 1496
726 1437 1496
730 1076 1496
731 1076 1496
742 670 1496
766 1047 1496
781 670 1496
809 1007 1496
843 1066 1496
923 1266 1496
924 1265 1496
925 1264 1496
934 1121 1496
935 1096 1496
344 1114 1497
345 1116 1497
346 1119 1497
348 1122 1497
349 1123 1497
349 1282 1497
352 1128 1497
358 1294 1497
373 1211 1497
383 992 1497
388 971 1497
389 970 1497
395 960 1497
396 959 1497
410 1332 1497
448 1446 1497
455 845 1497
455 855 1497
458 828 1497
485 1114 1497
499 778 1497
505 777 1497
506 777 1497
507 1440 1497
527 1426 1497
537 1253 1497
547 744 1497
547 1079 1497
548 1080 1497
548 1081 1497
549 1082 1497
549 1083 1497
550 1084 1497
607 1101 1497
611 844 1497
616 1330 1497
631 733 1497
657 1299 1497
671 827 1497
673 1108 1497
674 1108 1497
717 1334 1497
718 1453 1497
720 708 1497
724 1392 1497
725 723 1497
726 690 1497
726 1078 1497
729 686 1497
730 684 1497
731 682 1497
731 683 1497
731 1130 1497
732 681 1497
733 680 1497
734 679 1497
735 678 1497
736 677 1497
736 1072 1497
737 676 1497
768 1049 1497
780 670 1497
782 1497 1497
825 1448 1497
833 1133 1497
834 1049 1497
835 1427 1497
839 1100 1497
842 1094 1497
855 1366 1497
867 1325 1497
881 886 1497
904 1287 1497
928 1065 1497
928 1066 1497
933 1120 1497
938 1144 1497
347 1248 1498
350 1281 1498
359 1293 1498
362 1030 1498
362 1228 1498
382 1198 1498
386 976 1498
386 977 1498
386 978 1498
386 979 1498
387 974 1498
407 941 1498
413 1334 1498
414 1335 1498
415 924 1498
415 1336 1498
443 1435 1498
444 1439 1498
463 828 1498
497 1181 1498
498 794 1498
509 1079 1498
509 1205 1498
510 1204 1498
511 1203 1498
512 1202 1498
515 777 1498
551 1087 1498
556 742 1498
566 729 1498
586 816 1498
587 816 1498
588 816 1498
589 816 1498
591 817 1498
592 818 1498
593 819 1498
607 825 1498
616 1329 1498
631 734 1498
648 864 1498
652 855 1498
657 815 1498
658 854 1498
659 854 1498
660 1110 1498
664 853 1498
668 815 1498
673 847 1498
689 1105 1498
718 1333 1498
723 1103 1498
723 1387 1498
724 1103 1498
725 694 1498
725 1103 1498
725 1391 1498
726 1103 1498
727 1103 1498
770 1051 1498
775 1051 1498
783 1024 1498
786 1022 1498
833 1132 1498
834 1069 1498
835 1070 1498
840 1092 1498
848 1388 1498
902 1286 1498
930 1245 1498
347 1110 1499
351 1280 1499
362 1032 1499
384 995 1499
437 1371 1499
443 1432 1499
480 1446 1499
489 1445 1499
499 1179 1499
515 1197 1499
515 1198 1499
525 1427 1499
556 1244 1499
557 1246 1499
557 1247 1499
557 1248 1499
557 1249 1499
557 1252 1499
557 1253 1499
557 1254 1499
567 730 1499
571 727 1499
573 1186 1499
583 830 1499
584 830 1499
585 830 1499
603 822 1499
603 842 1499
604 822 1499
605 823 1499
605 843 1499
631 863 1499
632 735 1499
657 860 1499
658 861 1499
662 858 1499
672 815 1499
678 848 1499
711 1296 1499
719 1332 1499
720 1508 1499
724 698 1499
724 699 1499
725 696 1499
734 1129 1499
739 1104 1499
740 1104 1499
770 1052 1499
774 1052 1499
778 671 1499
790 1023 1499
821 733 1499
832 1067 1499
833 1131 1499
850 1381 1499
899 1287 1499
907 960 1499
927 1048 1499
348 1105 1500
349 1108 1500
350 1245 1500
352 1279 1500
363 1033 1500
372 1216 1500
375 1303 1500
376 1021 1500
382 1202 1500
426 910 1500
468 1445 1500
472 1446 1500
473 1446 1500
474 1446 1500
475 1446 1500
476 1446 1500
477 1446 1500
509 1438 1500
516 788 1500
517 1193 1500
517 1194 1500
522 776 1500
547 1411 1500
559 1272 1500
568 1391 1500
569 733 1500
570 1184 1500
570 1390 1500
584 804 1500
585 804 1500
586 804 1500
587 1115 1500
595 833 1500
596 833 1500
597 833 1500
612 796 1500
613 795 1500
639 736 1500
640 736 1500
641 736 1500
642 736 1500
655 872 1500
657 1297 1500
666 863 1500
674 817 1500
675 818 1500
682 848 1500
683 847 1500
692 811 1500
694 810 1500
712 1295 1500
720 1453 1500
721 1507 1500
741 1104 1500
770 672 1500
772 1053 1500
773 1053 1500
775 1053 1500
779 1496 1500
824 1447 1500
833 1083 1500
833 1084 1500
847 1390 1500
854 1367 1500
897 1286 1500
927 1245 1500
928 1037 1500
932 1097 1500
936 1147 1500
353 1242 1501
356 1053 1501
361 1233 1501
364 1035 1501
372 1218 1501
376 1302 1501
385 997 1501
425 1334 1501
439 1372 1501
510 1437 1501
518 1432 1501
519 1190 1501
523 1428 1501
525 775 1501
548 1268 1501
549 1266 1501
549 1267 1501
550 1265 1501
566 814 1501
567 738 1501
567 814 1501
567 1391 1501
568 814 1501
569 815 1501
570 1389 1501
595 804 1501
596 804 1501
597 803 1501
598 802 1501
599 801 1501
604 798 1501
605 798 1501
607 797 1501
608 797 1501
609 797 1501
618 1324 1501
626 865 1501
629 1312 1501
635 737 1501
636 738 1501
637 738 1501
658 1296 1501
687 847 1501
699 809 1501
713 1294 1501
722 1506 1501
727 1477 1501
742 1104 1501
747 1498 1501
774 672 1501
775 672 1501
776 672 1501
776 1054 1501
806 1471 1501
807 1470 1501
808 1468 1501
832 1431 1501
912 989 1501
919 1018 1501
934 1198 1501
935 1148 1501
935 1194 1501
354 1278 1502
355 1056 1502
355 1240 1502
356 1055 1502
360 1235 1502
365 1036 1502
389 1312 1502
404 1320 1502
429 1341 1502
438 892 1502
441 1372 1502
443 1424 1502
464 1440 1502
465 1441 1502
466 1442 1502
475 828 1502
493 1167 1502
495 1168 1502
497 1169 1502
498 1170 1502
505 1174 1502
505 1438 1502
513 1435 1502
533 773 1502
534 773 1502
535 773 1502
536 773 1502
556 796 1502
557 796 1502
560 820 1502
561 794 1502
561 819 1502
562 748 1502
562 793 1502
563 748 1502
563 793 1502
564 748 1502
564 793 1502
565 748 1502
565 793 1502
566 748 1502
567 748 1502
568 748 1502
571 1387 1502
572 1386 1502
589 844 1502
590 844 1502
624 867 1502
653 879 1502
654 879 1502
687 876 1502
691 846 1502
700 810 1502
707 807 1502
723 1505 1502
726 1352 1502
727 1385 1502
728 1478 1502
740 1130 1502
756 1144 1502
777 1495 1502
787 1036 1502
791 1031 1502
792 1030 1502
793 1029 1502
794 1028 1502
819 735 1502
831 1432 1502
832 1086 1502
852 817 1502
872 872 1502
924 1247 1502
934 1149 1502
352 1251 1503
356 1279 1503
357 1239 1503
358 1238 1503
359 1237 1503
370 1225 1503
379 1300 1503
386 1000 1503
390 990 1503
402 1317 1503
410 944 1503
433 1342 1503
435 895 1503
437 894 1503
443 1367 1503
444 1421 1503
444 1422 1503
449 882 1503
477 827 1503
489 1123 1503
505 1437 1503
515 803 1503
519 796 1503
520 795 1503
522 795 1503
523 796 1503
524 796 1503
525 796 1503
526 795 1503
527 795 1503
528 795 1503
529 795 1503
530 794 1503
531 794 1503
544 796 1503
545 796 1503
546 775 1503
546 797 1503
547 775 1503
547 797 1503
548 776 1503
549 776 1503
550 777 1503
550 822 1503
551 777 1503
551 823 1503
552 778 1503
553 778 1503
554 778 1503
555 778 1503
556 778 1503
560 779 1503
561 780 1503
562 780 1503
562 1179 1503
563 781 1503
564 781 1503
565 781 1503
566 781 1503
567 781 1503
574 791 1503
581 789 1503
582 789 1503
583 788 1503
583 847 1503
584 784 1503
584 787 1503
597 791 1503
609 865 1503
647 882 1503
648 882 1503
694 846 1503
702 811 1503
722 1455 1503
724 1504 1503
727 1353 1503
729 1479 1503
746 1070 1503
775 1494 1503
776 1494 1503
802 1475 1503
818 735 1503
830 1433 1503
920 1249 1503
922 1248 1503
389 1308 1504
391 991 1504
404 957 1504
444 1363 1504
445 1419 1504
447 1377 1504
447 1378 1504
447 1379 1504
479 827 1504
490 1125 1504
524 1426 1504
543 821 1504
563 834 1504
563 1391 1504
575 770 1504
580 849 1504
591 743 1504
592 783 1504
593 788 1504
604 866 1504
630 1310 1504
657 885 1504
724 1322 1504
725 1501 1504
725 1502 1504
726 1333 1504
730 1480 1504
800 1476 1504
801 1475 1504
832 1089 1504
845 1394 1504
848 1377 1504
916 1250 1504
928 1215 1504
932 1203 1504
353 1062 1505
353 1063 1505
353 1064 1505
353 1065 1505
355 1258 1505
356 1259 1505
361 1281 1505
362 1282 1505
363 1283 1505
364 1284 1505
365 1285 1505
368 1038 1505
385 1302 1505
387 1003 1505
387 1305 1505
392 992 1505
405 957 1505
412 945 1505
482 826 1505
491 1127 1505
503 1436 1505
514 1172 1505
528 1177 1505
537 821 1505
557 1178 1505
558 836 1505
573 765 1505
573 766 1505
574 850 1505
575 850 1505
576 850 1505
577 850 1505
593 744 1505
636 890 1505
673 891 1505
698 1279 1505
723 1455 1505
725 1319 1505
727 1498 1505
727 1499 1505
728 1337 1505
728 1338 1505
728 1339 1505
728 1340 1505
729 1381 1505
729 1382 1505
731 1481 1505
749 1071 1505
750 1132 1505
799 1476 1505
817 1061 1505
828 1434 1505
853 1366 1505
885 909 1505
931 1203 1505
398 1186 1506
400 1310 1506
422 1315 1506
441 1339 1506
446 1349 1506
446 1350 1506
446 1412 1506
447 1410 1506
457 874 1506
503 1435 1506
517 1172 1506
523 1425 1506
525 1174 1506
534 822 1506
562 839 1506
566 851 1506
570 762 1506
574 1381 1506
593 860 1506
595 746 1506
595 861 1506
596 747 1506
597 747 1506
598 747 1506
599 747 1506
600 747 1506
601 746 1506
602 746 1506
603 747 1506
648 889 1506
656 889 1506
659 1292 1506
700 859 1506
706 814 1506
724 1455 1506
729 1496 1506
730 1496 1506
731 1349 1506
732 1482 1506
768 1142 1506
770 1143 1506
798 1476 1506
803 1058 1506
804 1057 1506
805 1056 1506
806 1055 1506
807 1054 1506
827 1435 1506
849 816 1506
930 1204 1506
367 1236 1507
367 1237 1507
368 1283 1507
369 1040 1507
369 1232 1507
370 1231 1507
380 1029 1507
381 1215 1507
384 1019 1507
388 1005 1507
422 921 1507
444 1337 1507
450 1406 1507
451 1386 1507
458 874 1507
486 826 1507
521 1172 1507
522 1425 1507
531 822 1507
534 1174 1507
535 1174 1507
545 1408 1507
547 1176 1507
548 1176 1507
558 852 1507
574 1379 1507
583 1151 1507
583 1152 1507
584 1145 1507
584 1146 1507
584 1150 1507
585 1147 1507
585 1149 1507
586 1148 1507
587 861 1507
587 1148 1507
588 1148 1507
589 1148 1507
616 881 1507
617 882 1507
618 883 1507
650 891 1507
652 890 1507
653 890 1507
654 890 1507
725 1455 1507
731 1357 1507
737 728 1507
751 1072 1507
752 1110 1507
762 1131 1507
796 1477 1507
802 1060 1507
848 815 1507
905 1254 1507
915 1232 1507
916 1230 1507
929 1205 1507
356 1075 1508
370 1041 1508
373 1128 1508
380 1031 1508
382 1145 1508
386 1016 1508
395 994 1508
408 956 1508
422 922 1508
440 902 1508
450 1341 1508
451 1390 1508
451 1391 1508
452 1395 1508
452 1404 1508
459 874 1508
466 860 1508
492 825 1508
512 816 1508
513 815 1508
514 814 1508
515 814 1508
516 815 1508
517 816 1508
522 1424 1508
524 1118 1508
528 824 1508
541 1174 1508
544 1408 1508
547 839 1508
582 862 1508
648 894 1508
660 1290 1508
694 885 1508
726 1456 1508
729 1311 1508
731 1377 1508
754 1111 1508
765 1488 1508
791 1065 1508
802 1062 1508
847 815 1508
853 1364 1508
893 944 1508
928 1205 1508
932 1178 1508
371 1042 1509
371 1280 1509
374 1129 1509
379 1290 1509
380 1140 1509
387 1150 1509
389 1011 1509
396 995 1509
409 956 1509
423 923 1509
441 903 1509
467 860 1509
494 827 1509
495 827 1509
496 827 1509
501 1433 1509
513 818 1509
514 819 1509
516 819 1509
521 1424 1509
522 825 1509
525 1120 1509
542 841 1509
544 841 1509
571 862 1509
573 862 1509
579 863 1509
660 1289 1509
711 841 1509
732 1375 1509
764 1487 1509
792 1478 1509
824 1438 1509
843 1394 1509
846 815 1509
870 874 1509
871 849 1509
884 909 1509
886 928 1509
893 945 1509
926 1207 1509
372 1043 1510
375 1130 1510
378 1285 1510
379 1137 1510
380 1138 1510
381 1034 1510
397 996 1510
410 956 1510
420 940 1510
442 906 1510
456 1407 1510
469 859 1510
499 829 1510
500 829 1510
501 829 1510
504 829 1510
505 828 1510
506 828 1510
507 829 1510
508 829 1510
509 829 1510
510 829 1510
511 829 1510
512 828 1510
513 827 1510
517 827 1510
527 1122 1510
569 864 1510
583 1364 1510
603 1338 1510
660 1288 1510
665 904 1510
691 1270 1510
694 890 1510
704 878 1510
712 846 1510
715 832 1510
733 1362 1510
733 1363 1510
733 1364 1510
761 1115 1510
784 1483 1510
786 1482 1510
823 1439 1510
842 1395 1510
845 815 1510
357 1082 1511
357 1083 1511
357 1084 1511
357 1085 1511
359 1090 1511
378 1134 1511
379 1135 1511
382 1035 1511
400 1299 1511
418 945 1511
420 942 1511
459 1410 1511
463 874 1511
472 857 1511
519 1423 1511
543 1407 1511
576 1370 1511
605 883 1511
634 1303 1511
661 1286 1511
689 896 1511
719 807 1511
730 1455 1511
737 1391 1511
760 1486 1511
779 1484 1511
780 1484 1511
781 1484 1511
841 1396 1511
844 814 1511
856 1346 1511
860 1331 1511
862 1323 1511
869 874 1511
931 1178 1511
361 1094 1512
367 1066 1512
373 1275 1512
400 996 1512
401 1197 1512
403 1191 1512
411 960 1512
462 1413 1512
464 875 1512
475 856 1512
500 1431 1512
519 1422 1512
521 842 1512
543 1406 1512
603 883 1512
622 897 1512
634 1302 1512
654 909 1512
662 1284 1512
696 1268 1512
709 862 1512
719 1283 1512
731 1454 1512
734 1443 1512
737 1435 1512
755 1485 1512
756 1485 1512
757 1485 1512
816 1447 1512
822 1439 1512
840 1397 1512
843 813 1512
901 988 1512
919 1052 1512
922 1209 1512
930 1179 1512
363 1096 1513
375 1271 1513
375 1272 1513
376 1268 1513
377 1265 1513
401 1200 1513
402 995 1513
409 966 1513
442 1321 1513
463 1352 1513
463 1353 1513
463 1360 1513
465 1416 1513
466 874 1513
479 855 1513
480 854 1513
481 853 1513
484 852 1513
496 845 1513
497 844 1513
498 843 1513
499 1430 1513
518 845 1513
529 1129 1513
585 1360 1513
587 1357 1513
600 883 1513
616 896 1513
625 901 1513
625 1313 1513
654 911 1513
662 909 1513
662 1283 1513
698 1266 1513
699 1266 1513
718 815 1513
719 828 1513
720 1282 1513
722 806 1513
734 1447 1513
734 1448 1513
734 1449 1513
734 1450 1513
736 1440 1513
737 1437 1513
815 1448 1513
839 1398 1513
842 813 1513
854 1356 1513
854 1357 1513
854 1358 1513
854 1359 1513
859 1334 1513
865 1313 1513
869 1304 1513
892 947 1513
921 1209 1513
927 1161 1513
399 1205 1514
402 1294 1514
464 1364 1514
464 1380 1514
465 1374 1514
468 1419 1514
469 1420 1514
470 1421 1514
471 1422 1514
472 1423 1514
473 1424 1514
474 1425 1514
476 1426 1514
478 1427 1514
479 1427 1514
480 1427 1514
497 1429 1514
501 846 1514
502 847 1514
503 846 1514
505 847 1514
509 849 1514
510 849 1514
511 849 1514
515 847 1514
541 858 1514
542 858 1514
543 858 1514
576 878 1514
577 878 1514
578 878 1514
579 878 1514
580 878 1514
581 878 1514
582 878 1514
583 878 1514
594 882 1514
596 883 1514
602 1337 1514
617 900 1514
624 1314 1514
636 1296 1514
663 1280 1514
664 1279 1514
701 900 1514
735 1369 1514
738 1389 1514
814 1449 1514
838 1399 1514
841 812 1514
865 1312 1514
870 1301 1514
871 1299 1514
892 948 1514
919 1210 1514
386 1042 1515
397 1015 1515
397 1210 1515
398 1287 1515
399 1290 1515
405 974 1515
405 1294 1515
407 1295 1515
433 1310 1515
437 1313 1515
441 1316 1515
446 1320 1515
465 1381 1515
469 874 1515
487 1427 1515
493 1427 1515
494 1427 1515
516 1420 1515
541 1404 1515
573 1368 1515
588 1354 1515
602 1336 1515
689 917 1515
703 902 1515
737 1457 1515
738 1388 1515
840 812 1515
865 1311 1515
871 1297 1515
874 1292 1515
875 1289 1515
922 1067 1515
924 1100 1515
367 1097 1516
377 1058 1516
382 1126 1516
394 1215 1516
398 1016 1516
414 1298 1516
416 1299 1516
419 1300 1516
420 951 1516
421 1301 1516
425 1303 1516
450 1321 1516
489 1425 1516
490 1425 1516
491 1425 1516
515 1419 1516
601 1336 1516
622 1315 1516
627 908 1516
718 1269 1516
727 799 1516
736 1370 1516
738 1461 1516
738 1462 1516
838 811 1516
881 910 1516
926 1160 1516
927 1181 1516
371 1098 1517
384 1128 1517
390 1229 1517
391 1223 1517
392 1219 1517
393 1217 1517
394 1216 1517
399 1017 1517
454 1323 1517
469 1386 1517
470 1366 1517
470 1389 1517
474 873 1517
490 1423 1517
514 1418 1517
531 862 1517
587 885 1517
601 1335 1517
620 1316 1517
708 905 1517
728 798 1517
737 1370 1517
740 1464 1517
740 1465 1517
741 1467 1517
743 722 1517
748 1482 1517
803 738 1517
820 1438 1517
881 911 1517
926 1182 1517
370 1074 1518
370 1075 1518
370 1076 1518
370 1077 1518
370 1078 1518
370 1079 1518
379 1059 1518
386 1048 1518
391 1233 1518
392 1039 1518
400 1018 1518
421 954 1518
432 932 1518
461 1323 1518
471 1370 1518
472 1361 1518
472 1362 1518
488 1421 1518
513 1417 1518
557 1382 1518
571 1367 1518
586 886 1518
588 1352 1518
619 1316 1518
629 912 1518
630 913 1518
648 919 1518
656 924 1518
660 925 1518
660 1275 1518
685 1260 1518
697 920 1518
729 797 1518
738 1370 1518
739 1386 1518
744 1346 1518
789 1474 1518
810 1450 1518
819 1438 1518
876 1278 1518
925 1183 1518
381 1061 1519
383 1058 1519
384 1056 1519
385 1054 1519
386 1053 1519
387 1245 1519
388 1242 1519
388 1251 1519
389 1241 1519
390 1240 1519
393 1236 1519
394 1037 1519
401 1149 1519
403 1018 1519
412 981 1519
412 982 1519
412 1182 1519
412 1183 1519
431 934 1519
432 933 1519
440 1304 1519
443 1305 1519
474 1354 1519
474 1355 1519
474 1356 1519
474 1357 1519
475 1350 1519
480 872 1519
487 1417 1519
512 1416 1519
528 864 1519
557 1381 1519
558 879 1519
584 887 1519
618 1316 1519
659 1274 1519
730 796 1519
739 1369 1519
744 720 1519
745 1396 1519
745 1470 1519
788 1474 1519
801 737 1519
818 1438 1519
845 783 1519
880 911 1519
915 1207 1519
921 1100 1519
925 1158 1519
394 1134 1520
396 1036 1520
402 1149 1520
406 1018 1520
411 1203 1520
412 1198 1520
413 985 1520
413 1194 1520
431 938 1520
446 1304 1520
482 872 1520
483 872 1520
484 872 1520
485 872 1520
486 872 1520
487 872 1520
488 872 1520
489 872 1520
499 872 1520
521 866 1520
522 866 1520
544 877 1520
545 877 1520
546 877 1520
547 877 1520
553 878 1520
554 878 1520
556 879 1520
557 1380 1520
601 1332 1520
617 1316 1520
658 1273 1520
713 894 1520
721 1265 1520
731 795 1520
740 1369 1520
740 1384 1520
745 720 1520
746 1397 1520
787 1473 1520
800 737 1520
808 1451 1520
832 812 1520
834 778 1520
834 1404 1520
836 782 1520
895 983 1520
914 1032 1520
914 1207 1520
919 1070 1520
923 1184 1520
925 1154 1520
925 1155 1520
383 1067 1521
383 1111 1521
383 1112 1521
383 1113 1521
397 1135 1521
402 1148 1521
414 987 1521
415 1189 1521
415 1190 1521
415 1191 1521
418 967 1521
418 968 1521
419 965 1521
420 964 1521
432 939 1521
472 910 1521
488 1411 1521
489 1412 1521
511 1414 1521
536 1402 1521
541 1398 1521
599 899 1521
602 1330 1521
616 1316 1521
627 917 1521
657 1272 1521
677 927 1521
685 1256 1521
717 875 1521
722 1264 1521
732 794 1521
740 1382 1521
741 1369 1521
746 720 1521
758 1474 1521
786 1472 1521
807 1451 1521
833 1406 1521
844 837 1521
879 913 1521
883 934 1521
893 965 1521
899 996 1521
913 1207 1521
922 1185 1521
385 1108 1522
392 1256 1522
399 1039 1522
435 1298 1522
481 1376 1522
490 1406 1522
490 1407 1522
510 1413 1522
515 869 1522
571 1362 1522
634 1289 1522
656 1271 1522
684 1253 1522
723 895 1522
723 1263 1522
727 850 1522
732 812 1522
741 1380 1522
742 1369 1522
746 1335 1522
747 720 1522
761 1472 1522
785 1471 1522
806 1451 1522
829 813 1522
874 897 1522
892 966 1522
899 997 1522
384 1073 1523
385 1072 1523
393 1258 1523
397 1118 1523
400 1041 1523
403 1146 1523
405 1274 1523
410 1023 1523
410 1215 1523
416 1170 1523
417 990 1523
433 1296 1523
485 888 1523
488 878 1523
489 877 1523
490 876 1523
510 1412 1523
557 1377 1523
566 1369 1523
586 1348 1523
610 1318 1523
633 1289 1523
655 1270 1523
679 930 1523
713 924 1523
721 865 1523
724 1262 1523
726 896 1523
733 811 1523
742 1375 1523
742 1376 1523
742 1377 1523
742 1378 1523
742 1379 1523
743 1371 1523
748 721 1523
797 738 1523
804 1452 1523
805 1451 1523
815 1436 1523
866 884 1523
874 898 1523
878 915 1523
919 1186 1523
381 1089 1524
385 1082 1524
396 1262 1524
397 1263 1524
398 1265 1524
399 1267 1524
400 1120 1524
400 1268 1524
401 1269 1524
404 1145 1524
409 1277 1524
410 1278 1524
411 1216 1524
484 1374 1524
486 888 1524
510 1411 1524
514 872 1524
532 1402 1524
556 1377 1524
565 1369 1524
586 1347 1524
592 904 1524
596 1334 1524
621 918 1524
622 918 1524
623 919 1524
624 920 1524
632 1289 1524
655 1268 1524
679 932 1524
684 1248 1524
685 1247 1524
695 1245 1524
714 1253 1524
725 1260 1524
736 789 1524
739 1293 1524
749 722 1524
803 1452 1524
814 1436 1524
874 899 1524
876 1271 1524
881 932 1524
899 1002 1524
906 1025 1524
405 1141 1525
411 1218 1525
413 1279 1525
414 1279 1525
415 1279 1525
416 1279 1525
417 1279 1525
418 1279 1525
419 1279 1525
423 1183 1525
434 1290 1525
441 933 1525
442 932 1525
443 931 1525
486 1372 1525
487 887 1525
488 1371 1525
489 1357 1525
492 1394 1525
510 1408 1525
512 875 1525
512 1407 1525
514 1406 1525
515 1405 1525
526 1403 1525
527 1403 1525
528 1403 1525
529 1403 1525
542 1394 1525
555 1377 1525
560 1373 1525
561 1372 1525
562 1371 1525
565 1368 1525
575 895 1525
577 895 1525
578 896 1525
585 901 1525
595 1334 1525
614 1312 1525
617 919 1525
671 1248 1525
711 1250 1525
727 1258 1525
737 788 1525
740 1296 1525
740 1297 1525
740 1298 1525
748 1341 1525
748 1396 1525
749 1317 1525
750 722 1525
750 1321 1525
790 734 1525
802 1452 1525
813 1436 1525
830 1409 1525
842 1376 1525
851 849 1525
874 900 1525
877 916 1525
880 932 1525
893 982 1525
899 1004 1525
923 1123 1525
389 1087 1526
406 1244 1526
406 1245 1526
406 1246 1526
408 1239 1526
410 1221 1526
410 1222 1526
431 960 1526
436 1286 1526
438 938 1526
486 1338 1526
488 887 1526
490 1381 1526
490 1382 1526
490 1386 1526
490 1387 1526
490 1388 1526
491 1377 1526
491 1378 1526
491 1379 1526
491 1380 1526
491 1389 1526
491 1390 1526
492 1391 1526
507 1405 1526
554 1377 1526
565 1367 1526
585 1345 1526
710 1248 1526
716 928 1526
738 787 1526
747 1368 1526
748 1395 1526
749 1341 1526
751 723 1526
769 720 1526
787 731 1526
829 1410 1526
849 1349 1526
851 850 1526
865 884 1526
876 1269 1526
879 932 1526
905 1025 1526
917 1185 1526
918 1183 1526
921 1152 1526
391 1088 1527
408 1256 1527
414 1034 1527
419 1163 1527
420 997 1527
426 1189 1527
428 967 1527
428 968 1527
428 969 1527
436 1283 1527
489 887 1527
502 1403 1527
503 1404 1527
509 880 1527
541 1392 1527
553 1377 1527
565 1366 1527
566 896 1527
582 903 1527
583 904 1527
651 1262 1527
669 1244 1527
686 938 1527
710 1246 1527
717 930 1527
724 910 1527
737 833 1527
738 807 1527
739 786 1527
743 1301 1527
748 1368 1527
749 1394 1527
750 1342 1527
754 1452 1527
755 723 1527
756 723 1527
757 723 1527
758 723 1527
759 723 1527
762 722 1527
765 721 1527
767 720 1527
768 720 1527
785 731 1527
798 1453 1527
806 759 1527
828 1411 1527
843 1373 1527
844 1371 1527
906 1210 1527
907 1209 1527
908 1208 1527
918 1181 1527
394 1089 1528
415 1035 1528
420 1162 1528
422 999 1528
436 1280 1528
493 1352 1528
507 882 1528
541 1390 1528
550 1377 1528
565 1365 1528
684 939 1528
711 1243 1528
715 936 1528
716 934 1528
717 933 1528
731 1249 1528
741 752 1528
751 1343 1528
755 1451 1528
759 1463 1528
783 731 1528
825 1415 1528
826 1414 1528
838 1383 1528
844 1370 1528
877 933 1528
888 958 1528
891 983 1528
916 1099 1528
397 1077 1529
397 1078 1529
397 1079 1529
398 1073 1529
399 1070 1529
417 1037 1529
457 1295 1529
483 1321 1529
494 887 1529
495 888 1529
496 888 1529
497 888 1529
498 888 1529
499 888 1529
500 888 1529
501 888 1529
503 887 1529
504 886 1529
505 885 1529
506 884 1529
511 1391 1529
541 1388 1529
548 892 1529
551 892 1529
552 892 1529
555 893 1529
558 894 1529
590 1332 1529
615 1307 1529
622 1295 1529
634 932 1529
653 942 1529
657 942 1529
660 942 1529
661 942 1529
669 1240 1529
680 940 1529
712 1240 1529
731 1245 1529
743 784 1529
744 752 1529
755 1424 1529
755 1425 1529
755 1426 1529
756 1450 1529
782 732 1529
794 1454 1529
808 1436 1529
818 785 1529
821 1418 1529
822 1417 1529
823 1416 1529
847 1359 1529
848 1352 1529
848 1353 1529
848 1354 1529
848 1355 1529
858 872 1529
874 918 1529
904 1027 1529
918 1176 1529
424 1005 1530
424 1006 1530
432 975 1530
461 1299 1530
464 1301 1530
486 1328 1530
487 1329 1530
493 1345 1530
496 1349 1530
513 1389 1530
514 1389 1530
515 1389 1530
544 1378 1530
545 1377 1530
564 1363 1530
573 908 1530
583 1342 1530
620 1297 1530
632 933 1530
655 1245 1530
713 1237 1530
725 930 1530
745 1278 1530
747 781 1530
755 1433 1530
761 1462 1530
792 1455 1530
806 1437 1530
837 1384 1530
845 1365 1530
846 1363 1530
858 873 1530
873 918 1530
904 1028 1530
906 1205 1530
410 1059 1531
413 1143 1531
417 1046 1531
417 1049 1531
425 1007 1531
425 1212 1531
497 1347 1531
588 1331 1531
597 916 1531
598 917 1531
643 1270 1531
715 1235 1531
752 1390 1531
757 1437 1531
764 1461 1531
766 1462 1531
789 1456 1531
790 1455 1531
803 1437 1531
816 786 1531
872 919 1531
879 944 1531
889 986 1531
917 1173 1531
404 1095 1532
408 1069 1532
409 1067 1532
412 1123 1532
414 1143 1532
427 1009 1532
427 1010 1532
427 1209 1532
430 1266 1532
431 994 1532
455 926 1532
496 1339 1532
497 1341 1532
511 899 1532
562 1360 1532
613 1303 1532
623 936 1532
636 940 1532
666 946 1532
677 944 1532
731 929 1532
753 1389 1532
754 1371 1532
755 774 1532
758 1438 1532
769 736 1532
771 1462 1532
778 734 1532
786 1456 1532
796 756 1532
799 1435 1532
800 1435 1532
812 786 1532
813 786 1532
814 786 1532
847 851 1532
889 989 1532
916 1173 1532
921 1125 1532
407 1098 1533
409 1072 1533
415 1143 1533
423 1046 1533
424 1219 1533
425 1256 1533
427 1023 1533
427 1260 1533
428 1261 1533
428 1262 1533
428 1263 1533
429 1264 1533
430 1205 1533
431 1013 1533
432 995 1533
437 967 1533
437 968 1533
438 962 1533
441 951 1533
460 1284 1533
531 1384 1533
543 897 1533
558 1359 1533
559 1359 1533
560 1359 1533
582 1339 1533
587 1329 1533
635 941 1533
677 945 1533
680 946 1533
692 1223 1533
733 930 1533
748 1297 1533
754 1389 1533
755 1348 1533
755 1372 1533
759 1439 1533
772 737 1533
773 1460 1533
774 736 1533
774 1460 1533
775 1459 1533
776 1458 1533
777 1457 1533
778 1457 1533
779 1456 1533
785 745 1533
834 1386 1533
855 867 1533
862 1279 1533
874 938 1533
916 1159 1533
410 1100 1534
411 1075 1534
416 1142 1534
424 1222 1534
425 1251 1534
433 996 1534
435 984 1534
441 956 1534
463 928 1534
518 1367 1534
531 1381 1534
531 1382 1534
532 1379 1534
532 1380 1534
533 1378 1534
534 1376 1534
534 1377 1534
535 1373 1534
535 1374 1534
535 1375 1534
536 1372 1534
581 1338 1534
582 1336 1534
587 1327 1534
607 930 1534
608 931 1534
631 941 1534
634 942 1534
638 1258 1534
639 1254 1534
639 1255 1534
639 1256 1534
656 1233 1534
675 1228 1534
685 951 1534
693 1221 1534
729 940 1534
731 939 1534
732 938 1534
734 932 1534
734 933 1534
734 934 1534
740 911 1534
742 827 1534
755 1389 1534
756 1349 1534
760 1410 1534
760 1440 1534
761 748 1534
762 747 1534
770 741 1534
771 740 1534
772 739 1534
783 745 1534
872 1263 1534
894 1002 1534
894 1003 1534
900 1027 1534
915 1169 1534
921 1124 1534
412 1102 1535
423 1242 1535
424 1245 1535
425 1223 1535
428 1044 1535
434 997 1535
436 984 1535
462 1281 1535
480 1297 1535
520 1365 1535
541 900 1535
564 1355 1535
579 1339 1535
587 1325 1535
633 944 1535
635 1259 1535
654 1231 1535
669 1230 1535
671 1229 1535
673 1228 1535
686 953 1535
742 864 1535
749 1275 1535
755 1310 1535
756 1389 1535
757 1350 1535
761 1444 1535
766 746 1535
768 745 1535
791 755 1535
858 1299 1535
871 1263 1535
893 1001 1535
899 1027 1535
910 1040 1535
913 1174 1535
921 1123 1535
415 1103 1536
422 1236 1536
423 1239 1536
435 998 1536
456 1273 1536
457 1274 1536
458 1275 1536
459 1276 1536
460 1277 1536
461 931 1536
461 1278 1536
507 1347 1536
522 1363 1536
530 900 1536
531 900 1536
539 902 1536
565 1353 1536
609 1299 1536
622 941 1536
624 942 1536
652 1229 1536
690 1216 1536
745 868 1536
750 1274 1536
757 1376 1536
757 1388 1536
758 1351 1536
775 747 1536
776 747 1536
789 755 1536
790 756 1536
859 883 1536
862 1274 1536
867 1267 1536
892 1000 1536
896 1022 1536
912 1175 1536
914 1053 1536
914 1166 1536
418 1131 1537
421 1139 1537
430 1162 1537
433 1029 1537
434 1172 1537
437 999 1537
446 1259 1537
447 1260 1537
448 1261 1537
449 1262 1537
483 1294 1537
534 903 1537
537 904 1537
567 1351 1537
577 920 1537
610 1297 1537
622 943 1537
634 948 1537
683 1214 1537
687 957 1537
689 1213 1537
689 1214 1537
720 1219 1537
721 1220 1537
751 1273 1537
751 1298 1537
752 1265 1537
758 1378 1537
758 1388 1537
762 1411 1537
788 756 1537
843 850 1537
851 1323 1537
856 1304 1537
856 1305 1537
856 1306 1537
858 883 1537
895 1021 1537
905 1196 1537
906 1194 1537
911 1176 1537
420 1106 1538
421 1134 1538
435 1030 1538
435 1173 1538
436 1029 1538
439 1001 1538
440 987 1538
483 1292 1538
509 1346 1538
569 1346 1538
570 1345 1538
585 1322 1538
586 1321 1538
622 945 1538
630 949 1538
636 951 1538
670 956 1538
675 956 1538
687 959 1538
723 1219 1538
747 941 1538
752 1298 1538
753 1266 1538
759 1387 1538
760 1381 1538
763 1411 1538
787 757 1538
852 865 1538
852 1321 1538
853 1319 1538
854 1313 1538
857 883 1538
894 1021 1538
906 1193 1538
910 1080 1538
910 1178 1538
430 1159 1539
435 1047 1539
435 1222 1539
436 1173 1539
436 1220 1539
437 1217 1539
459 937 1539
470 1279 1539
510 1345 1539
527 1355 1539
569 919 1539
587 1318 1539
613 1293 1539
621 947 1539
628 1254 1539
629 951 1539
635 952 1539
635 1237 1539
648 1218 1539
649 957 1539
650 957 1539
651 957 1539
652 957 1539
669 961 1539
672 1213 1539
675 961 1539
675 1212 1539
689 961 1539
699 962 1539
700 962 1539
701 962 1539
702 962 1539
703 962 1539
749 927 1539
749 928 1539
749 929 1539
754 1267 1539
754 1268 1539
754 1269 1539
761 1386 1539
762 1354 1539
764 1411 1539
768 1437 1539
781 759 1539
786 758 1539
842 850 1539
865 909 1539
910 1082 1539
425 1078 1540
427 1139 1540
432 1232 1540
432 1233 1540
432 1234 1540
433 1229 1540
433 1230 1540
442 1001 1540
448 946 1540
458 939 1540
482 1287 1540
576 923 1540
615 1289 1540
616 1285 1540
617 1283 1540
628 1251 1540
633 1239 1540
633 1240 1540
655 1210 1540
663 1209 1540
674 1210 1540
675 1207 1540
687 963 1540
717 1211 1540
731 960 1540
732 960 1540
748 819 1540
755 1299 1540
764 1355 1540
765 1411 1540
769 1433 1540
769 1434 1540
769 1435 1540
850 864 1540
892 1022 1540
899 1202 1540
906 1187 1540
911 1088 1540
911 1089 1540
426 1110 1541
427 1080 1541
429 1141 1541
429 1142 1541
429 1143 1541
429 1144 1541
429 1145 1541
429 1146 1541
429 1147 1541
429 1148 1541
429 1149 1541
430 1154 1541
449 958 1541
449 963 1541
449 964 1541
461 1261 1541
481 1282 1541
513 1343 1541
526 1348 1541
528 909 1541
567 920 1541
576 924 1541
579 1322 1541
587 1315 1541
647 962 1541
651 1209 1541
652 1209 1541
663 1207 1541
724 962 1541
726 1214 1541
738 961 1541
739 961 1541
740 961 1541
741 961 1541
741 1226 1541
742 961 1541
743 961 1541
744 961 1541
749 816 1541
753 933 1541
753 934 1541
753 935 1541
753 936 1541
764 1387 1541
766 1412 1541
770 1431 1541
771 1430 1541
776 764 1541
777 763 1541
823 1397 1541
833 1381 1541
841 850 1541
846 1332 1541
891 1022 1541
906 1185 1541
440 1052 1542
443 1037 1542
446 1208 1542
463 1259 1542
474 1275 1542
515 1341 1542
543 1347 1542
544 1347 1542
547 1348 1542
548 1348 1542
549 1348 1542
564 920 1542
565 920 1542
576 925 1542
586 1314 1542
604 940 1542
605 941 1542
619 1274 1542
647 965 1542
665 1205 1542
714 963 1542
718 1207 1542
720 964 1542
721 964 1542
722 964 1542
728 1212 1542
749 1238 1542
750 814 1542
760 1316 1542
767 1412 1542
771 1426 1542
822 1397 1542
840 849 1542
890 1022 1542
890 1232 1542
432 1082 1543
433 1088 1543
433 1089 1543
438 1169 1543
444 1053 1543
448 1206 1543
452 1028 1543
515 915 1543
523 1342 1543
524 912 1543
593 1307 1543
619 1269 1543
619 1270 1543
626 1246 1543
651 969 1543
668 1202 1543
671 1201 1543
707 1192 1543
719 1204 1543
720 966 1543
736 971 1543
742 1224 1543
755 923 1543
767 1389 1543
768 1413 1543
772 1424 1543
833 1377 1543
834 1375 1543
839 849 1543
896 1203 1543
430 1114 1544
435 1091 1544
446 1051 1544
448 1047 1544
450 1194 1544
450 1203 1544
453 1032 1544
453 1033 1544
458 950 1544
458 951 1544
476 931 1544
477 1273 1544
520 1338 1544
522 914 1544
523 1340 1544
558 1339 1544
617 1266 1544
622 1250 1544
630 960 1544
686 970 1544
720 1202 1544
722 968 1544
752 826 1544
763 1320 1544
764 1323 1544
769 1355 1544
769 1389 1544
771 1415 1544
773 1423 1544
819 1398 1544
834 1373 1544
837 1364 1544
838 849 1544
838 1362 1544
841 1357 1544
852 876 1544
900 1044 1544
432 1116 1545
453 1239 1545
453 1240 1545
456 970 1545
456 1014 1545
473 1254 1545
474 1255 1545
476 1258 1545
479 931 1545
479 1271 1545
492 924 1545
495 923 1545
496 923 1545
497 923 1545
498 923 1545
512 1319 1545
518 916 1545
591 1306 1545
616 1260 1545
617 1259 1545
618 1257 1545
619 1254 1545
619 1255 1545
622 1216 1545
624 1210 1545
627 1206 1545
628 1204 1545
629 1203 1545
630 962 1545
652 1192 1545
653 1191 1545
654 1190 1545
655 1189 1545
670 1196 1545
670 1197 1545
671 1194 1545
671 1195 1545
672 1192 1545
672 1193 1545
673 1182 1545
685 972 1545
723 971 1545
745 839 1545
757 803 1545
771 1356 1545
774 1421 1545
816 1400 1545
835 1367 1545
837 849 1545
841 1354 1545
841 1355 1545
841 1356 1545
847 866 1545
851 875 1545
874 955 1545
885 1017 1545
894 1204 1545
900 1045 1545
904 1184 1545
440 1167 1546
455 1243 1546
456 1245 1546
456 1246 1546
457 1012 1546
457 1247 1546
458 969 1546
458 1248 1546
459 1248 1546
485 928 1546
489 927 1546
505 1301 1546
512 1312 1546
524 1337 1546
607 1265 1546
620 1213 1546
629 964 1546
639 1197 1546
684 979 1546
703 1185 1546
725 975 1546
727 1195 1546
744 1221 1546
746 838 1546
759 921 1546
761 1272 1546
767 1308 1546
768 1333 1546
769 1338 1546
772 1390 1546
780 785 1546
810 1405 1546
811 1404 1546
812 1403 1546
813 1402 1546
836 849 1546
845 1333 1546
850 875 1546
862 914 1546
874 978 1546
886 1239 1546
893 1204 1546
900 1046 1546
440 1098 1547
440 1164 1547
452 1070 1547
452 1071 1547
452 1072 1547
458 1010 1547
485 1264 1547
492 929 1547
500 927 1547
505 1299 1547
517 920 1547
555 1334 1547
579 930 1547
580 930 1547
589 1305 1547
614 1231 1547
629 966 1547
693 1179 1547
709 981 1547
745 1220 1547
746 980 1547
754 889 1547
757 1248 1547
762 1273 1547
765 932 1547
770 1339 1547
770 1340 1547
770 1341 1547
773 1391 1547
777 1362 1547
778 1364 1547
805 1409 1547
806 1408 1547
827 1383 1547
840 1352 1547
873 977 1547
881 1011 1547
892 1204 1547
446 1172 1548
447 1173 1548
457 1217 1548
457 1218 1548
457 1219 1548
457 1220 1548
458 1222 1548
459 1224 1548
460 1008 1548
462 967 1548
470 1243 1548
487 1263 1548
500 929 1548
506 1298 1548
516 1308 1548
518 921 1548
527 1334 1548
549 926 1548
566 931 1548
567 931 1548
570 931 1548
571 931 1548
575 931 1548
578 931 1548
588 1304 1548
597 1286 1548
616 1212 1548
627 969 1548
642 975 1548
687 985 1548
687 1173 1548
688 1174 1548
689 1175 1548
690 1176 1548
691 1177 1548
695 988 1548
711 983 1548
712 983 1548
720 982 1548
723 980 1548
732 1191 1548
733 1191 1548
734 1191 1548
735 1191 1548
736 1192 1548
737 1192 1548
738 1193 1548
739 1194 1548
740 1195 1548
747 1218 1548
749 981 1548
757 886 1548
758 1249 1548
763 1274 1548
771 1343 1548
772 1344 1548
798 1412 1548
799 1412 1548
801 1411 1548
861 915 1548
442 1161 1549
455 1081 1549
456 1078 1549
457 1186 1549
459 1207 1549
459 1208 1549
459 1209 1549
460 1213 1549
461 1000 1549
461 1001 1549
461 1002 1549
461 1003 1549
462 1227 1549
464 1037 1549
471 1241 1549
489 1262 1549
521 1312 1549
530 1329 1549
530 1330 1549
543 924 1549
577 1310 1549
584 1305 1549
586 1303 1549
635 979 1549
640 979 1549
668 993 1549
696 992 1549
749 984 1549
749 986 1549
759 976 1549
759 1250 1549
762 917 1549
767 929 1549
770 948 1549
770 950 1549
794 1410 1549
795 1410 1549
828 1371 1549
833 850 1549
839 1351 1549
843 1330 1549
846 870 1549
855 904 1549
871 974 1549
903 1062 1549
442 1148 1550
442 1149 1550
442 1150 1550
442 1151 1550
444 1102 1550
455 1088 1550
458 1185 1550
464 1054 1550
465 1039 1550
465 1231 1550
466 966 1550
466 1007 1550
466 1232 1550
467 1008 1550
467 1233 1550
468 1234 1550
469 1235 1550
470 1236 1550
470 1237 1550
496 1254 1550
496 1255 1550
496 1256 1550
508 1294 1550
534 1325 1550
551 929 1550
553 932 1550
610 1232 1550
635 1182 1550
639 983 1550
664 995 1550
682 992 1550
705 1172 1550
725 1181 1550
725 1182 1550
725 1183 1550
760 1251 1550
761 976 1550
768 928 1550
779 1394 1550
792 1408 1550
823 1384 1550
832 850 1550
877 1010 1550
443 1147 1551
444 1155 1551
446 1101 1551
455 1092 1551
465 1214 1551
466 990 1551
466 991 1551
467 967 1551
467 1042 1551
470 1008 1551
493 938 1551
502 1262 1551
508 1290 1551
508 1291 1551
514 930 1551
519 928 1551
520 927 1551
520 928 1551
521 929 1551
522 929 1551
523 929 1551
524 929 1551
525 930 1551
526 930 1551
527 931 1551
528 931 1551
529 931 1551
537 1322 1551
548 931 1551
549 932 1551
555 1328 1551
575 935 1551
590 1291 1551
600 952 1551
608 1233 1551
643 1178 1551
646 1176 1551
651 1174 1551
652 999 1551
652 1173 1551
653 1172 1551
654 1171 1551
655 1170 1551
660 998 1551
661 998 1551
672 1162 1551
685 1164 1551
703 1170 1551
708 1170 1551
714 991 1551
727 998 1551
729 999 1551
732 1000 1551
761 1252 1551
766 790 1551
767 789 1551
768 789 1551
769 1282 1551
774 1313 1551
776 790 1551
781 1395 1551
782 1396 1551
820 1385 1551
838 1351 1551
854 904 1551
870 977 1551
892 1042 1551
901 1184 1551
444 1146 1552
450 1100 1552
451 1099 1552
453 1098 1552
464 1062 1552
467 1216 1552
468 1045 1552
468 1050 1552
468 1216 1552
469 1216 1552
484 1230 1552
490 1240 1552
536 1318 1552
537 1319 1552
557 1326 1552
558 1325 1552
561 1323 1552
562 1322 1552
563 1321 1552
568 1315 1552
609 962 1552
609 963 1552
609 964 1552
635 990 1552
635 991 1552
649 1172 1552
655 1005 1552
655 1006 1552
656 1166 1552
674 1159 1552
678 1158 1552
679 999 1552
680 997 1552
693 1001 1552
695 1164 1552
696 1165 1552
697 1166 1552
698 1167 1552
699 1167 1552
713 994 1552
718 994 1552
762 1252 1552
770 1281 1552
771 790 1552
772 790 1552
774 969 1552
784 1396 1552
785 1397 1552
786 1397 1552
787 1398 1552
788 1399 1552
788 1400 1552
789 1401 1552
790 1402 1552
790 1403 1552
790 1404 1552
790 1405 1552
837 1351 1552
840 867 1552
841 1327 1552
876 1012 1552
887 1036 1552
892 1043 1552
897 1052 1552
901 1063 1552
901 1183 1552
448 1159 1553
464 1065 1553
464 1066 1553
470 969 1553
470 976 1553
471 968 1553
472 967 1553
485 1227 1553
491 1237 1553
491 1238 1553
498 943 1553
569 1313 1553
586 1293 1553
587 1292 1553
588 1290 1553
604 957 1553
633 996 1553
647 1170 1553
723 1165 1553
757 998 1553
763 905 1553
764 906 1553
768 1261 1553
771 924 1553
771 1280 1553
823 1372 1553
829 851 1553
836 1350 1553
840 868 1553
840 1326 1553
875 1013 1553
886 1036 1553
892 1044 1553
897 1056 1553
900 1063 1553
447 1142 1554
450 1160 1554
454 1167 1554
465 1070 1554
468 1195 1554
471 972 1554
471 973 1554
474 1053 1554
477 1007 1554
480 961 1554
485 1005 1554
487 1225 1554
489 946 1554
514 1279 1554
541 1316 1554
579 942 1554
582 942 1554
615 980 1554
631 998 1554
687 1005 1554
689 1004 1554
704 1004 1554
721 1005 1554
730 1008 1554
752 1007 1554
753 1005 1554
754 1003 1554
764 866 1554
766 986 1554
768 983 1554
772 923 1554
772 1279 1554
774 939 1554
815 1386 1554
822 1372 1554
829 852 1554
833 869 1554
836 869 1554
837 869 1554
838 870 1554
839 1325 1554
892 1045 1554
895 1051 1554
452 1162 1555
452 1163 1555
453 1164 1555
457 1169 1555
467 1072 1555
469 1093 1555
475 974 1555
475 1057 1555
488 954 1555
497 1230 1555
512 1270 1555
512 1271 1555
513 1259 1555
513 1261 1555
513 1262 1555
513 1263 1555
513 1264 1555
513 1265 1555
513 1272 1555
540 1312 1555
541 1313 1555
545 1314 1555
546 1314 1555
578 944 1555
587 1286 1555
615 982 1555
629 1000 1555
629 1016 1555
636 1023 1555
695 1155 1555
698 1008 1555
705 1006 1555
711 1160 1555
763 1197 1555
764 864 1555
770 985 1555
773 922 1555
773 1278 1555
775 938 1555
778 1318 1555
781 969 1555
786 818 1555
807 820 1555
812 1386 1555
820 1373 1555
851 905 1555
860 920 1555
868 980 1555
892 1046 1555
894 1050 1555
898 1063 1555
451 1139 1556
469 1074 1556
470 1190 1556
471 1090 1556
476 1063 1556
478 974 1556
479 974 1556
483 1042 1556
486 967 1556
492 1222 1556
497 1226 1556
498 1227 1556
536 1305 1556
571 1305 1556
585 1283 1556
587 1281 1556
588 1274 1556
588 1275 1556
588 1276 1556
588 1277 1556
589 1267 1556
589 1268 1556
589 1269 1556
589 1270 1556
589 1271 1556
592 1257 1556
594 1251 1556
595 1249 1556
599 1237 1556
616 988 1556
634 1026 1556
637 1028 1556
637 1029 1556
681 1014 1556
697 1153 1556
698 1011 1556
698 1012 1556
698 1013 1556
736 1161 1556
737 1161 1556
743 1162 1556
760 1009 1556
764 862 1556
765 863 1556
767 991 1556
774 1277 1556
776 937 1556
777 1287 1556
779 1320 1556
779 1321 1556
792 818 1556
793 818 1556
794 818 1556
795 818 1556
796 818 1556
797 818 1556
798 818 1556
799 818 1556
800 818 1556
804 820 1556
817 1375 1556
834 1347 1556
868 983 1556
868 984 1556
868 985 1556
869 1248 1556
892 1047 1556
893 1048 1556
910 1114 1556
911 1116 1556
911 1117 1556
911 1118 1556
473 1088 1557
483 972 1557
484 972 1557
484 1044 1557
490 1218 1557
491 1219 1557
492 1011 1557
493 975 1557
494 975 1557
522 1276 1557
530 960 1557
537 1303 1557
576 948 1557
596 1241 1557
604 1019 1557
608 1018 1557
618 996 1557
619 997 1557
621 1021 1557
622 1021 1557
624 1021 1557
636 1046 1557
637 1045 1557
638 1044 1557
639 1042 1557
640 1040 1557
641 1039 1557
642 1038 1557
701 1153 1557
702 1154 1557
703 1155 1557
711 1015 1557
712 1012 1557
712 1014 1557
713 1013 1557
714 1013 1557
715 1014 1557
716 1015 1557
730 1016 1557
734 1018 1557
759 1014 1557
759 1176 1557
760 1013 1557
761 850 1557
762 1218 1557
765 860 1557
765 861 1557
769 829 1557
772 1236 1557
774 829 1557
775 987 1557
775 1277 1557
777 937 1557
778 920 1557
778 1286 1557
780 1322 1557
780 1323 1557
810 1383 1557
815 1376 1557
833 1346 1557
849 904 1557
867 986 1557
868 1249 1557
892 1048 1557
454 1132 1558
454 1133 1558
455 1130 1558
456 1123 1558
474 1080 1558
475 1083 1558
481 1200 1558
482 1202 1558
484 1047 1558
494 1012 1558
498 1026 1558
513 1238 1558
526 1276 1558
534 1287 1558
540 1301 1558
561 956 1558
570 1303 1558
590 959 1558
599 1228 1558
599 1229 1558
599 1230 1558
616 1017 1558
616 1018 1558
658 1151 1558
689 1146 1558
690 1146 1558
691 1146 1558
698 1147 1558
724 1015 1558
725 1016 1558
726 1017 1558
726 1018 1558
726 1019 1558
727 1017 1558
727 1020 1558
728 1017 1558
734 1020 1558
761 1018 1558
761 1174 1558
765 1217 1558
767 854 1558
767 855 1558
767 856 1558
773 994 1558
773 1234 1558
775 898 1558
776 989 1558
776 1276 1558
777 988 1558
779 936 1558
781 1324 1558
782 1313 1558
809 1380 1558
812 1378 1558
813 1377 1558
832 1345 1558
848 904 1558
867 993 1558
867 1249 1558
891 1048 1558
898 1184 1558
456 1138 1559
473 1185 1559
485 1049 1559
487 1209 1559
488 1210 1559
496 1013 1559
497 1013 1559
516 1240 1559
517 1241 1559
518 1242 1559
520 1245 1559
520 1257 1559
521 1246 1559
521 1247 1559
521 1248 1559
521 1249 1559
521 1250 1559
521 1251 1559
521 1252 1559
521 1253 1559
521 1256 1559
522 1254 1559
522 1255 1559
522 1256 1559
530 1276 1559
555 1306 1559
571 1301 1559
575 955 1559
580 957 1559
592 1239 1559
595 1204 1559
595 1205 1559
595 1206 1559
596 1226 1559
639 1056 1559
657 1149 1559
664 1035 1559
673 1126 1559
680 1021 1559
704 1029 1559
721 1030 1559
722 1030 1559
729 1029 1559
731 1028 1559
733 1028 1559
737 1029 1559
738 1029 1559
739 1029 1559
763 1172 1559
767 1214 1559
767 1215 1559
770 1193 1559
770 1209 1559
771 850 1559
777 1275 1559
782 1325 1559
783 1312 1559
855 941 1559
863 968 1559
890 1048 1559
897 1184 1559
458 1140 1560
459 1142 1560
474 1183 1560
486 1051 1560
497 1206 1560
498 1209 1560
499 1210 1560
500 957 1560
500 1211 1560
501 957 1560
501 1033 1560
502 1212 1560
503 993 1560
504 1024 1560
537 1286 1560
556 1303 1560
564 958 1560
572 959 1560
572 1296 1560
572 1297 1560
572 1298 1560
577 958 1560
578 958 1560
589 964 1560
591 1211 1560
591 1212 1560
598 1049 1560
605 1047 1560
606 1046 1560
607 1046 1560
608 1046 1560
609 1045 1560
610 1046 1560
611 1047 1560
612 1048 1560
613 1049 1560
614 1050 1560
614 1052 1560
615 1050 1560
616 1049 1560
622 1056 1560
623 1172 1560
656 1147 1560
660 1040 1560
669 1034 1560
673 1032 1560
675 1030 1560
676 1028 1560
678 1024 1560
679 1023 1560
733 1150 1560
771 1191 1560
778 1274 1560
783 935 1560
783 1326 1560
784 1311 1560
788 987 1560
789 986 1560
792 949 1560
844 1304 1560
863 970 1560
863 971 1560
869 1012 1560
889 1048 1560
896 1184 1560
462 1146 1561
476 1181 1561
484 1187 1561
487 1053 1561
488 1055 1561
503 959 1561
505 960 1561
506 960 1561
507 961 1561
508 1023 1561
515 1233 1561
535 1272 1561
538 1285 1561
546 960 1561
556 1301 1561
564 964 1561
588 968 1561
588 1024 1561
589 970 1561
589 1025 1561
590 1026 1561
591 982 1561
591 1048 1561
592 1049 1561
601 989 1561
602 990 1561
603 991 1561
624 1170 1561
655 1046 1561
711 1036 1561
715 1036 1561
732 1148 1561
778 847 1561
779 1273 1561
780 896 1561
780 1255 1561
782 1285 1561
784 1327 1561
785 935 1561
785 1310 1561
788 990 1561
807 841 1561
834 1316 1561
844 1303 1561
846 916 1561
851 936 1561
852 944 1561
868 1011 1561
888 1048 1561
895 1185 1561
474 1114 1562
481 1182 1562
510 989 1562
511 988 1562
514 967 1562
515 967 1562
516 1230 1562
520 989 1562
521 990 1562
522 989 1562
523 989 1562
524 989 1562
525 989 1562
561 1293 1562
562 968 1562
571 1280 1562
583 1245 1562
583 1246 1562
585 1025 1562
586 1046 1562
587 987 1562
588 971 1562
588 985 1562
588 986 1562
620 1061 1562
621 1063 1562
636 1160 1562
654 1144 1562
658 1056 1562
659 1056 1562
674 1050 1562
696 1035 1562
746 1153 1562
774 1180 1562
780 847 1562
780 1259 1562
780 1272 1562
781 895 1562
783 1285 1562
785 997 1562
785 1327 1562
786 1308 1562
786 1309 1562
789 934 1562
789 993 1562
792 834 1562
794 833 1562
795 832 1562
796 831 1562
797 831 1562
799 831 1562
799 1369 1562
800 830 1562
800 1371 1562
801 1372 1562
804 841 1562
842 908 1562
844 914 1562
844 1302 1562
849 936 1562
850 946 1562
861 975 1562
867 1010 1562
887 1048 1562
894 1185 1562
465 1147 1563
473 1166 1563
488 1070 1563
515 1024 1563
522 968 1563
523 968 1563
535 975 1563
537 974 1563
538 974 1563
539 973 1563
540 973 1563
541 973 1563
541 1265 1563
541 1283 1563
542 972 1563
542 1265 1563
543 1264 1563
544 1263 1563
547 974 1563
548 975 1563
549 975 1563
550 974 1563
551 974 1563
553 973 1563
554 973 1563
555 973 1563
560 1047 1563
564 1289 1563
566 1285 1563
567 1284 1563
568 973 1563
580 1229 1563
581 1248 1563
582 1023 1563
582 1043 1563
600 1068 1563
600 1179 1563
601 1178 1563
602 1177 1563
619 1069 1563
668 1058 1563
674 1055 1563
680 1042 1563
680 1043 1563
681 1041 1563
682 1039 1563
683 1036 1563
738 1041 1563
747 1152 1563
756 1039 1563
761 1038 1563
775 1186 1563
777 1178 1563
779 1232 1563
781 1262 1563
781 1263 1563
781 1271 1563
782 846 1563
782 1013 1563
783 846 1563
783 1012 1563
784 846 1563
784 1285 1563
786 1328 1563
787 1307 1563
788 999 1563
790 997 1563
790 1342 1563
792 920 1563
793 933 1563
799 846 1563
800 845 1563
801 844 1563
802 843 1563
839 891 1563
840 910 1563
841 911 1563
842 912 1563
847 935 1563
866 1009 1563
886 1048 1563
474 1165 1564
478 1174 1564
478 1175 1564
488 1074 1564
488 1075 1564
488 1076 1564
488 1077 1564
520 1219 1564
527 973 1564
528 974 1564
533 1025 1564
551 1050 1564
552 1050 1564
558 1266 1564
559 1266 1564
560 1266 1564
560 1287 1564
561 1265 1564
562 1264 1564
563 1054 1564
563 1263 1564
569 977 1564
572 1039 1564
572 1256 1564
573 1040 1564
573 1255 1564
574 1041 1564
574 1255 1564
575 1058 1564
575 1254 1564
576 1253 1564
577 1059 1564
577 1252 1564
578 1019 1564
578 1230 1564
578 1252 1564
579 1020 1564
579 1250 1564
579 1251 1564
588 1186 1564
589 1185 1564
597 1180 1564
601 1071 1564
612 1077 1564
613 1077 1564
617 1074 1564
623 1076 1564
635 1158 1564
654 1062 1564
669 1062 1564
674 1113 1564
675 1113 1564
676 1113 1564
677 1113 1564
678 1113 1564
689 1037 1564
748 1151 1564
772 1163 1564
785 1286 1564
788 1305 1564
788 1306 1564
788 1330 1564
788 1331 1564
788 1332 1564
789 1333 1564
789 1334 1564
790 1001 1564
790 1335 1564
790 1336 1564
790 1337 1564
790 1338 1564
790 1339 1564
792 845 1564
792 1344 1564
793 846 1564
794 846 1564
797 949 1564
800 1363 1564
832 913 1564
833 913 1564
834 913 1564
835 912 1564
838 892 1564
845 935 1564
845 1299 1564
859 978 1564
859 979 1564
859 980 1564
861 1258 1564
865 1008 1564
871 1223 1564
885 1048 1564
468 1147 1565
470 1124 1565
477 1163 1565
504 1043 1565
504 1044 1565
507 1051 1565
517 1030 1565
517 1031 1565
517 1032 1565
517 1033 1565
518 1034 1565
518 1035 1565
518 1038 1565
519 1036 1565
530 1029 1565
531 1027 1565
531 1028 1565
531 1030 1565
531 1031 1565
541 1232 1565
542 1233 1565
542 1234 1565
542 1235 1565
542 1236 1565
542 1237 1565
542 1238 1565
542 1239 1565
543 1240 1565
543 1241 1565
543 1242 1565
544 1243 1565
544 1244 1565
548 1053 1565
548 1284 1565
549 1284 1565
550 1285 1565
551 1284 1565
552 1285 1565
553 1285 1565
554 1284 1565
555 1284 1565
556 1285 1565
557 1285 1565
558 1285 1565
559 1062 1565
561 1066 1565
566 1008 1565
567 1029 1565
567 1072 1565
568 981 1565
569 1073 1565
571 1237 1565
572 1018 1565
572 1237 1565
573 993 1565
573 1236 1565
574 1235 1565
575 1007 1565
575 1233 1565
575 1234 1565
579 1052 1565
619 1081 1565
623 1159 1565
637 1155 1565
638 1083 1565
639 1082 1565
640 1081 1565
641 1080 1565
652 1140 1565
655 1066 1565
680 1068 1565
709 1049 1565
736 1044 1565
746 1048 1565
747 1048 1565
749 1150 1565
785 892 1565
789 1304 1565
794 1346 1565
794 1347 1565
797 918 1565
798 948 1565
798 1359 1565
815 1345 1565
832 892 1565
832 1313 1565
833 892 1565
834 892 1565
835 892 1565
843 935 1565
846 1296 1565
847 1295 1565
858 981 1565
858 982 1565
860 1259 1565
884 1049 1565
478 1159 1566
484 1103 1566
507 1192 1566
511 1056 1566
514 1056 1566
515 1056 1566
516 1055 1566
516 1056 1566
517 1054 1566
517 1057 1566
518 1052 1566
519 1051 1566
520 1050 1566
521 1049 1566
523 1044 1566
523 1045 1566
534 1224 1566
539 1224 1566
566 986 1566
567 988 1566
567 1026 1566
568 990 1566
568 1024 1566
568 1025 1566
570 991 1566
570 1006 1566
591 1087 1566
593 1088 1566
623 1084 1566
624 1084 1566
625 1084 1566
626 1084 1566
630 1156 1566
639 1152 1566
640 1150 1566
647 1140 1566
648 1140 1566
649 1140 1566
660 1072 1566
664 1071 1566
668 1073 1566
669 1073 1566
670 1109 1566
672 1073 1566
673 1072 1566
707 1056 1566
707 1057 1566
707 1058 1566
708 1053 1566
708 1054 1566
708 1055 1566
714 1138 1566
715 1138 1566
716 1138 1566
717 1138 1566
722 1052 1566
723 1051 1566
724 1051 1566
725 1050 1566
726 1049 1566
727 1048 1566
728 1048 1566
729 1048 1566
730 1047 1566
751 1148 1566
786 891 1566
790 1303 1566
795 909 1566
796 1349 1566
797 1350 1566
798 1351 1566
799 917 1566
799 1352 1566
800 1352 1566
801 947 1566
801 1353 1566
801 1354 1566
802 1352 1566
803 1351 1566
804 1350 1566
805 1349 1566
806 1349 1566
807 1348 1566
808 1348 1566
809 1347 1566
810 1347 1566
811 1346 1566
812 1346 1566
813 1345 1566
814 915 1566
838 935 1566
847 1291 1566
848 1290 1566
857 983 1566
472 1146 1567
479 1155 1567
485 1103 1567
487 1100 1567
488 1099 1567
490 1096 1567
491 1094 1567
503 1187 1567
507 1063 1567
523 1207 1567
533 1047 1567
538 1215 1567
538 1216 1567
538 1217 1567
538 1218 1567
539 1211 1567
539 1212 1567
539 1213 1567
539 1214 1567
540 1208 1567
541 1207 1567
544 1057 1567
544 1206 1567
545 1206 1567
555 1236 1567
555 1237 1567
555 1238 1567
559 1230 1567
560 1229 1567
561 1227 1567
561 1228 1567
562 1226 1567
566 1214 1567
567 1213 1567
569 1201 1567
569 1202 1567
569 1203 1567
569 1204 1567
569 1205 1567
569 1206 1567
569 1207 1567
569 1208 1567
569 1209 1567
569 1210 1567
583 1085 1567
601 1092 1567
626 1155 1567
627 1155 1567
628 1155 1567
630 1146 1567
631 1094 1567
631 1145 1567
632 1144 1567
638 1144 1567
639 1145 1567
639 1146 1567
639 1147 1567
640 1145 1567
651 1081 1567
651 1082 1567
652 1078 1567
652 1079 1567
652 1080 1567
653 1077 1567
653 1121 1567
654 1076 1567
664 1078 1567
668 1100 1567
668 1101 1567
668 1102 1567
668 1105 1567
669 1103 1567
669 1104 1567
699 1114 1567
700 1115 1567
703 1121 1567
704 1124 1567
705 1127 1567
753 1146 1567
767 1053 1567
782 1030 1567
788 1273 1567
791 1303 1567
798 910 1567
798 1006 1567
804 946 1567
806 945 1567
806 970 1567
808 915 1567
809 915 1567
809 943 1567
810 915 1567
810 942 1567
819 936 1567
820 936 1567
821 936 1567
823 893 1567
825 935 1567
826 935 1567
827 935 1567
828 935 1567
829 935 1567
830 935 1567
848 1287 1567
849 1284 1567
850 1281 1567
851 1279 1567
852 1277 1567
854 1272 1567
856 984 1567
856 985 1567
857 1262 1567
882 1050 1567
480 1126 1568
500 1182 1568
501 1183 1568
502 1184 1568
506 1067 1568
529 1054 1568
530 1052 1568
530 1053 1568
531 1050 1568
531 1051 1568
532 1049 1568
542 1059 1568
542 1060 1568
557 1201 1568
557 1214 1568
558 1202 1568
558 1214 1568
559 1203 1568
559 1204 1568
559 1205 1568
559 1206 1568
559 1208 1568
559 1213 1568
560 1207 1568
560 1213 1568
561 1211 1568
561 1212 1568
561 1213 1568
562 1214 1568
566 1196 1568
607 1095 1568
609 1096 1568
611 1097 1568
617 1100 1568
619 1100 1568
623 1098 1568
637 1128 1568
650 1117 1568
651 1118 1568
652 1119 1568
665 1087 1568
665 1088 1568
666 1089 1568
666 1090 1568
667 1091 1568
688 1105 1568
692 1074 1568
692 1101 1568
700 1072 1568
730 1133 1568
737 1132 1568
751 1139 1568
752 1140 1568
757 1146 1568
785 1027 1568
789 889 1568
790 1287 1568
792 1019 1568
792 1302 1568
801 912 1568
802 913 1568
807 971 1568
814 942 1568
815 943 1568
829 1312 1568
834 955 1568
835 953 1568
835 954 1568
839 970 1568
854 1270 1568
855 986 1568
855 1264 1568
860 1008 1568
881 1051 1568
889 1190 1568
496 1177 1569
497 1178 1569
506 1071 1569
527 1202 1569
563 1192 1569
564 1193 1569
575 1182 1569
576 1181 1569
577 1179 1569
578 1177 1569
579 1176 1569
580 1175 1569
588 1172 1569
589 1172 1569
617 1105 1569
619 1153 1569
634 1126 1569
641 1109 1569
642 1110 1569
682 1099 1569
683 1100 1569
684 1100 1569
685 1100 1569
686 1100 1569
694 1076 1569
698 1075 1569
699 1075 1569
707 1084 1569
707 1085 1569
707 1086 1569
707 1087 1569
707 1088 1569
707 1089 1569
707 1090 1569
707 1091 1569
707 1092 1569
708 1083 1569
709 1082 1569
710 1081 1569
711 1079 1569
711 1080 1569
724 1076 1569
725 1075 1569
726 1074 1569
726 1130 1569
749 1061 1569
761 1147 1569
787 1026 1569
789 1025 1569
790 885 1569
791 1287 1569
793 1021 1569
793 1272 1569
808 972 1569
822 943 1569
823 943 1569
824 943 1569
825 943 1569
826 943 1569
827 944 1569
828 945 1569
828 1312 1569
829 946 1569
830 947 1569
831 948 1569
831 949 1569
838 971 1569
854 987 1569
854 988 1569
868 1225 1569
880 1052 1569
888 1191 1569
906 1121 1569
484 1125 1570
491 1166 1570
493 1170 1570
494 1172 1570
495 1174 1570
496 1175 1570
592 1168 1570
613 1110 1570
613 1111 1570
617 1152 1570
624 1121 1570
625 1122 1570
626 1122 1570
627 1122 1570
628 1122 1570
637 1113 1570
638 1112 1570
639 1111 1570
686 1095 1570
690 1081 1570
691 1080 1570
692 1079 1570
710 1104 1570
711 1106 1570
725 1128 1570
736 1078 1570
737 1081 1570
745 1062 1570
792 1287 1570
793 883 1570
794 884 1570
795 1303 1570
796 879 1570
797 878 1570
814 898 1570
816 897 1570
817 896 1570
826 1312 1570
836 973 1570
848 989 1570
852 1267 1570
854 1005 1570
887 1192 1570
486 1123 1571
487 1122 1571
488 1115 1571
488 1120 1571
506 1178 1571
508 1077 1571
508 1084 1571
509 1078 1571
509 1079 1571
509 1080 1571
594 1165 1571
613 1149 1571
688 1087 1571
688 1088 1571
688 1089 1571
688 1090 1571
689 1085 1571
689 1086 1571
715 1113 1571
715 1114 1571
715 1115 1571
717 1099 1571
718 1099 1571
720 1098 1571
745 1065 1571
793 1288 1571
794 1288 1571
796 1302 1571
800 894 1571
801 895 1571
802 896 1571
803 896 1571
804 897 1571
805 897 1571
806 897 1571
807 897 1571
808 897 1571
809 995 1571
809 996 1571
811 974 1571
822 1311 1571
823 1311 1571
824 1311 1571
834 975 1571
850 1267 1571
851 1000 1571
852 1002 1571
852 1003 1571
886 1193 1571
508 1176 1572
509 1090 1572
533 1191 1572
533 1192 1572
535 1082 1572
594 1163 1572
614 1135 1572
718 1118 1572
719 1119 1572
720 1120 1572
723 1104 1572
724 1105 1572
724 1106 1572
742 1071 1572
743 1068 1572
780 1153 1572
789 1206 1572
797 1030 1572
797 1031 1572
798 1297 1572
798 1301 1572
799 1273 1572
799 1302 1572
801 1025 1572
802 1024 1572
803 1023 1572
804 1022 1572
812 992 1572
813 975 1572
814 975 1572
814 1310 1572
815 975 1572
816 975 1572
816 1310 1572
817 975 1572
817 1310 1572
818 975 1572
819 975 1572
820 975 1572
833 977 1572
836 980 1572
839 981 1572
840 982 1572
841 982 1572
884 1197 1572
901 1097 1572
509 1172 1573
596 1158 1573
603 1112 1573
606 1136 1573
728 1113 1573
728 1114 1573
728 1115 1573
728 1116 1573
728 1117 1573
728 1118 1573
728 1119 1573
744 1093 1573
780 1151 1573
782 1054 1573
790 1205 1573
793 1171 1573
803 1273 1573
803 1297 1573
815 1307 1573
822 979 1573
823 980 1573
829 981 1573
830 981 1573
883 1198 1573
901 1097 1573
493 1155 1574
506 1168 1574
510 1096 1574
512 1170 1574
534 1179 1574
535 1180 1574
536 1181 1574
537 1085 1574
537 1086 1574
537 1087 1574
537 1182 1574
538 1181 1574
539 1180 1574
540 1179 1574
541 1179 1574
542 1178 1574
543 1178 1574
546 1177 1574
547 1176 1574
548 1175 1574
555 1086 1574
556 1087 1574
556 1088 1574
556 1089 1574
557 1090 1574
558 1090 1574
564 1168 1574
596 1152 1574
599 1111 1574
749 1074 1574
784 1053 1574
786 1052 1574
787 1051 1574
788 1050 1574
791 1204 1574
807 1294 1574
808 1293 1574
809 1292 1574
819 988 1574
820 987 1574
866 1226 1574
882 1199 1574
494 1149 1575
494 1150 1575
504 1111 1575
504 1161 1575
504 1162 1575
504 1163 1575
504 1164 1575
504 1165 1575
505 1107 1575
505 1108 1575
505 1109 1575
505 1110 1575
506 1105 1575
506 1106 1575
507 1103 1575
507 1104 1575
514 1101 1575
514 1168 1575
515 1102 1575
540 1090 1575
540 1091 1575
541 1092 1575
542 1093 1575
543 1094 1575
547 1162 1575
556 1171 1575
558 1170 1575
578 1106 1575
580 1106 1575
583 1107 1575
584 1108 1575
585 1108 1575
586 1109 1575
587 1109 1575
588 1109 1575
589 1110 1575
590 1110 1575
591 1111 1575
592 1111 1575
593 1111 1575
594 1111 1575
595 1111 1575
600 1139 1575
747 1096 1575
792 1203 1575
808 1025 1575
818 1304 1575
881 1200 1575
900 1155 1575
498 1147 1576
499 1147 1576
500 1146 1576
501 1146 1576
501 1147 1576
502 1145 1576
502 1148 1576
503 1144 1576
503 1149 1576
503 1150 1576
504 1120 1576
504 1143 1576
504 1151 1576
504 1152 1576
505 1142 1576
505 1153 1576
515 1165 1576
522 1107 1576
525 1109 1576
527 1112 1576
546 1157 1576
555 1106 1576
556 1106 1576
557 1106 1576
562 1164 1576
567 1107 1576
568 1107 1576
569 1107 1576
573 1108 1576
574 1108 1576
575 1108 1576
593 1133 1576
595 1145 1576
595 1146 1576
747 1100 1576
747 1101 1576
747 1102 1576
750 1093 1576
759 1126 1576
793 1202 1576
800 1254 1576
810 1025 1576
820 1301 1576
821 994 1576
822 994 1576
823 995 1576
874 1057 1576
880 1201 1576
507 1124 1577
507 1125 1577
507 1126 1577
508 1127 1577
508 1128 1577
509 1129 1577
509 1130 1577
518 1163 1577
520 1163 1577
527 1116 1577
528 1117 1577
563 1161 1577
584 1146 1577
584 1147 1577
585 1144 1577
585 1145 1577
586 1143 1577
590 1138 1577
591 1138 1577
592 1135 1577
592 1136 1577
592 1137 1577
592 1138 1577
760 1124 1577
794 1201 1577
801 1250 1577
802 1256 1577
809 1028 1577
811 1026 1577
822 1299 1577
823 1298 1577
824 1297 1577
825 1296 1577
826 1293 1577
826 1294 1577
826 1295 1577
827 1292 1577
831 1005 1577
873 1057 1577
879 1202 1577
901 1153 1577
916 1143 1577
524 1160 1578
527 1121 1578
528 1122 1578
528 1123 1578
534 1153 1578
535 1152 1578
538 1151 1578
550 1120 1578
564 1127 1578
566 1154 1578
569 1155 1578
578 1153 1578
755 1107 1578
760 1120 1578
761 1121 1578
790 1229 1578
790 1230 1578
790 1231 1578
795 1200 1578
832 1281 1578
832 1282 1578
833 1009 1578
833 1276 1578
833 1277 1578
833 1278 1578
833 1279 1578
833 1280 1578
834 1010 1578
834 1274 1578
835 1272 1578
903 1151 1578
916 1143 1578
527 1157 1579
549 1123 1579
561 1131 1579
562 1129 1579
564 1150 1579
759 1094 1579
760 1116 1579
761 1114 1579
762 1111 1579
762 1112 1579
767 1075 1579
791 1228 1579
796 1199 1579
805 1257 1579
806 1258 1579
827 1022 1579
828 1020 1579
829 1019 1579
830 1018 1579
831 1017 1579
832 1016 1579
833 1015 1579
838 1260 1579
860 1229 1579
861 1228 1579
864 1225 1579
871 1058 1579
879 1201 1579
916 1143 1579
558 1143 1580
560 1146 1580
761 1096 1580
762 1096 1580
763 1097 1580
763 1102 1580
764 1098 1580
764 1099 1580
764 1101 1580
765 1100 1580
766 1100 1580
784 1142 1580
792 1227 1580
798 1197 1580
810 1259 1580
811 1260 1580
813 1261 1580
814 1262 1580
815 1263 1580
816 1264 1580
817 1265 1580
820 1265 1580
837 1259 1580
854 1035 1580
858 1230 1580
859 1229 1580
864 1224 1580
915 1143 1580
548 1130 1581
553 1144 1581
554 1145 1581
555 1145 1581
556 1145 1581
783 1140 1581
793 1224 1581
793 1225 1581
793 1226 1581
823 1263 1581
853 1035 1581
855 1231 1581
857 1230 1581
864 1223 1581
914 1143 1581
547 1133 1582
547 1134 1582
547 1135 1582
547 1136 1582
547 1137 1582
548 1138 1582
782 1138 1582
794 1222 1582
794 1223 1582
801 1194 1582
804 1238 1582
813 1041 1582
825 1261 1582
826 1260 1582
834 1256 1582
852 1036 1582
864 1222 1582
868 1060 1582
913 1144 1582
767 1081 1583
768 1080 1583
771 1078 1583
775 1133 1583
800 1225 1583
803 1192 1583
804 1236 1583
814 1043 1583
851 1037 1583
855 1047 1583
867 1061 1583
912 1144 1583
773 1080 1584
778 1127 1584
779 1123 1584
802 1230 1584
803 1231 1584
803 1232 1584
815 1044 1584
850 1038 1584
864 1220 1584
877 1199 1584
911 1143 1584
777 1080 1585
798 1148 1585
799 1149 1585
808 1188 1585
816 1045 1585
849 1039 1585
863 1061 1585
864 1219 1585
877 1198 1585
910 1142 1585
779 1081 1586
780 1082 1586
810 1187 1586
831 1039 1586
876 1198 1586
909 1141 1586
785 1117 1587
809 1154 1587
811 1188 1587
828 1246 1587
832 1040 1587
908 1140 1587
787 1115 1588
791 1085 1588
792 1107 1588
793 1102 1588
810 1205 1588
810 1206 1588
812 1189 1588
813 1158 1588
814 1160 1588
815 1056 1588
828 1241 1588
828 1242 1588
828 1243 1588
863 1216 1588
793 1086 1589
794 1086 1589
795 1086 1589
812 1207 1589
813 1192 1589
836 1044 1589
843 1045 1589
800 1131 1590
814 1195 1590
815 1208 1590
862 1214 1590
799 1107 1591
801 1130 1591
837 1051 1591
846 1048 1591
847 1048 1591
848 1049 1591
849 1050 1591
861 1214 1591
802 1129 1592
804 1092 1592
820 1208 1592
860 1213 1592
804 1128 1593
806 1094 1593
808 1098 1593
822 1161 1593
823 1207 1593
835 1056 1593
811 1130 1594
815 1085 1594
824 1166 1594
824 1167 1594
824 1168 1594
824 1169 1594
824 1170 1594
825 1206 1594
833 1060 1594
815 1134 1595
857 1211 1595
880 1159 1595
819 1137 1596
822 1079 1596
828 1154 1596
832 1066 1596
856 1210 1596
898 1085 1596
820 1090 1597
824 1078 1597
825 1077 1597
829 1202 1597
832 1070 1597
833 1069 1597
855 1209 1597
866 1194 1597
821 1094 1598
821 1095 1598
821 1096 1598
821 1109 1598
828 1076 1598
829 1075 1598
832 1073 1598
853 1208 1598
880 1157 1598
822 1106 1599
823 1101 1599
831 1199 1599
851 1207 1599
852 1207 1599
864 1079 1599
865 1193 1599
879 1081 1599
828 1140 1600
832 1198 1600
837 1077 1600
846 1204 1600
849 1205 1600
865 1192 1600
871 1079 1600
872 1079 1600
880 1082 1600
829 1103 1601
834 1196 1601
837 1160 1601
839 1079 1601
840 1079 1601
841 1080 1601
842 1080 1601
843 1080 1601
844 1081 1601
845 1081 1601
846 1082 1601
847 1083 1601
848 1083 1601
849 1084 1601
850 1085 1601
851 1085 1601
852 1085 1601
853 1086 1601
864 1192 1601
832 1106 1602
832 1181 1602
833 1107 1602
840 1198 1602
864 1191 1602
881 1153 1602
836 1112 1603
881 1152 1603
835 1178 1604
837 1139 1604
841 1162 1604
863 1190 1604
838 1176 1605
843 1163 1605
870 1102 1605
875 1097 1605
840 1137 1606
840 1176 1606
841 1132 1606
862 1188 1606
872 1103 1606
843 1134 1607
861 1187 1607
844 1176 1608
845 1136 1608
860 1186 1608
846 1175 1609
850 1132 1609
859 1185 1609
848 1175 1610
850 1139 1610
851 1173 1610
850 1176 1611
852 1139 1611
855 1182 1611
856 1182 1611
852 1178 1612
853 1179 1612
853 1180 1612
854 1140 1612
884 1130 1613
883 1130 1614
867 1140 1615
882 1129 1615
881 1129 1616
880 1129 1617
878 1128 1618
879 1129 1618
875 1128 1621
874 1127 1622
